"Archivo","Plantilla","Rubro","Categoría","Productos/Servicios"
"Alimentos y Bebidas/01-dashboard-financiero-Bodega.xlsx","Dashboard Financiero","Bodega","Alimentos y Bebidas","Arroz 5kg | Aceite 1L | Azúcar 1kg | Fideos 800g | Atún lata | Leche evaporada | Gaseosa 1.5L | Pan ciabatta"
"Alimentos y Bebidas/02-control-ventas-Bodega.xlsx","Control de Ventas","Bodega","Alimentos y Bebidas","Arroz 5kg | Aceite 1L | Azúcar 1kg | Fideos 800g | Atún lata | Leche evaporada | Gaseosa 1.5L | Pan ciabatta"
"Alimentos y Bebidas/03-inventario-Bodega.xlsx","Control de Inventario","Bodega","Alimentos y Bebidas","Arroz 5kg | Aceite 1L | Azúcar 1kg | Fideos 800g | Atún lata | Leche evaporada | Gaseosa 1.5L | Pan ciabatta"
"Alimentos y Bebidas/04-presupuesto-anual-Bodega.xlsx","Presupuesto Anual","Bodega","Alimentos y Bebidas","Arroz 5kg | Aceite 1L | Azúcar 1kg | Fideos 800g | Atún lata | Leche evaporada | Gaseosa 1.5L | Pan ciabatta"
"Alimentos y Bebidas/05-flujo-de-caja-Bodega.xlsx","Flujo de Caja","Bodega","Alimentos y Bebidas","Arroz 5kg | Aceite 1L | Azúcar 1kg | Fideos 800g | Atún lata | Leche evaporada | Gaseosa 1.5L | Pan ciabatta"
"Alimentos y Bebidas/06-gestion-proyectos-Bodega.xlsx","Gestión de Proyectos","Bodega","Alimentos y Bebidas","Arroz 5kg | Aceite 1L | Azúcar 1kg | Fideos 800g | Atún lata | Leche evaporada | Gaseosa 1.5L | Pan ciabatta"
"Alimentos y Bebidas/07-analisis-kpis-Bodega.xlsx","Análisis de KPIs","Bodega","Alimentos y Bebidas","Arroz 5kg | Aceite 1L | Azúcar 1kg | Fideos 800g | Atún lata | Leche evaporada | Gaseosa 1.5L | Pan ciabatta"
"Alimentos y Bebidas/08-control-gastos-Bodega.xlsx","Control de Gastos","Bodega","Alimentos y Bebidas","Arroz 5kg | Aceite 1L | Azúcar 1kg | Fideos 800g | Atún lata | Leche evaporada | Gaseosa 1.5L | Pan ciabatta"
"Alimentos y Bebidas/09-planilla-personal-Bodega.xlsx","Planilla de Personal","Bodega","Alimentos y Bebidas","Arroz 5kg | Aceite 1L | Azúcar 1kg | Fideos 800g | Atún lata | Leche evaporada | Gaseosa 1.5L | Pan ciabatta"
"Alimentos y Bebidas/10-cuentas-por-cobrar-Bodega.xlsx","Cuentas por Cobrar","Bodega","Alimentos y Bebidas","Arroz 5kg | Aceite 1L | Azúcar 1kg | Fideos 800g | Atún lata | Leche evaporada | Gaseosa 1.5L | Pan ciabatta"
"Alimentos y Bebidas/11-caja-diaria-Bodega.xlsx","Caja Diaria","Bodega","Alimentos y Bebidas","Arroz 5kg | Aceite 1L | Azúcar 1kg | Fideos 800g | Atún lata | Leche evaporada | Gaseosa 1.5L | Pan ciabatta"
"Alimentos y Bebidas/12-compras-proveedores-Bodega.xlsx","Compras y Proveedores","Bodega","Alimentos y Bebidas","Arroz 5kg | Aceite 1L | Azúcar 1kg | Fideos 800g | Atún lata | Leche evaporada | Gaseosa 1.5L | Pan ciabatta"
"Alimentos y Bebidas/13-balance-general-Bodega.xlsx","Balance General","Bodega","Alimentos y Bebidas","Arroz 5kg | Aceite 1L | Azúcar 1kg | Fideos 800g | Atún lata | Leche evaporada | Gaseosa 1.5L | Pan ciabatta"
"Alimentos y Bebidas/14-estado-resultados-Bodega.xlsx","Estado de Resultados","Bodega","Alimentos y Bebidas","Arroz 5kg | Aceite 1L | Azúcar 1kg | Fideos 800g | Atún lata | Leche evaporada | Gaseosa 1.5L | Pan ciabatta"
"Alimentos y Bebidas/15-flujo-efectivo-indirecto-Bodega.xlsx","Flujo de Efectivo Indirecto","Bodega","Alimentos y Bebidas","Arroz 5kg | Aceite 1L | Azúcar 1kg | Fideos 800g | Atún lata | Leche evaporada | Gaseosa 1.5L | Pan ciabatta"
"Alimentos y Bebidas/16-conciliacion-bancaria-Bodega.xlsx","Conciliación Bancaria","Bodega","Alimentos y Bebidas","Arroz 5kg | Aceite 1L | Azúcar 1kg | Fideos 800g | Atún lata | Leche evaporada | Gaseosa 1.5L | Pan ciabatta"
"Alimentos y Bebidas/17-libro-diario-Bodega.xlsx","Libro Diario y Mayor","Bodega","Alimentos y Bebidas","Arroz 5kg | Aceite 1L | Azúcar 1kg | Fideos 800g | Atún lata | Leche evaporada | Gaseosa 1.5L | Pan ciabatta"
"Alimentos y Bebidas/18-ratios-financieros-Bodega.xlsx","Ratios Financieros","Bodega","Alimentos y Bebidas","Arroz 5kg | Aceite 1L | Azúcar 1kg | Fideos 800g | Atún lata | Leche evaporada | Gaseosa 1.5L | Pan ciabatta"
"Alimentos y Bebidas/19-control-tributario-Bodega.xlsx","Control Tributario","Bodega","Alimentos y Bebidas","Arroz 5kg | Aceite 1L | Azúcar 1kg | Fideos 800g | Atún lata | Leche evaporada | Gaseosa 1.5L | Pan ciabatta"
"Alimentos y Bebidas/20-presupuesto-centros-costo-Bodega.xlsx","Presupuesto Centros de Costo","Bodega","Alimentos y Bebidas","Arroz 5kg | Aceite 1L | Azúcar 1kg | Fideos 800g | Atún lata | Leche evaporada | Gaseosa 1.5L | Pan ciabatta"
"Alimentos y Bebidas/21-activos-fijos-Bodega.xlsx","Activos Fijos y Depreciación","Bodega","Alimentos y Bebidas","Arroz 5kg | Aceite 1L | Azúcar 1kg | Fideos 800g | Atún lata | Leche evaporada | Gaseosa 1.5L | Pan ciabatta"
"Alimentos y Bebidas/22-punto-equilibrio-Bodega.xlsx","Punto de Equilibrio","Bodega","Alimentos y Bebidas","Arroz 5kg | Aceite 1L | Azúcar 1kg | Fideos 800g | Atún lata | Leche evaporada | Gaseosa 1.5L | Pan ciabatta"
"Alimentos y Bebidas/23-estados-comparativos-Bodega.xlsx","Estados Comparativos 3 Años","Bodega","Alimentos y Bebidas","Arroz 5kg | Aceite 1L | Azúcar 1kg | Fideos 800g | Atún lata | Leche evaporada | Gaseosa 1.5L | Pan ciabatta"
"Alimentos y Bebidas/24-costeo-ordenes-Bodega.xlsx","Costeo porÓrdenes de Trabajo","Bodega","Alimentos y Bebidas","Arroz 5kg | Aceite 1L | Azúcar 1kg | Fideos 800g | Atún lata | Leche evaporada | Gaseosa 1.5L | Pan ciabatta"
"Alimentos y Bebidas/25-calculadora-cts-Bodega.xlsx","Calculadora CTS","Bodega","Alimentos y Bebidas","Arroz 5kg | Aceite 1L | Azúcar 1kg | Fideos 800g | Atún lata | Leche evaporada | Gaseosa 1.5L | Pan ciabatta"
"Alimentos y Bebidas/26-gratificaciones-Bodega.xlsx","Calculadora Gratificaciones","Bodega","Alimentos y Bebidas","Arroz 5kg | Aceite 1L | Azúcar 1kg | Fideos 800g | Atún lata | Leche evaporada | Gaseosa 1.5L | Pan ciabatta"
"Alimentos y Bebidas/27-amortizacion-Bodega.xlsx","Cuadro de Amortización","Bodega","Alimentos y Bebidas","Arroz 5kg | Aceite 1L | Azúcar 1kg | Fideos 800g | Atún lata | Leche evaporada | Gaseosa 1.5L | Pan ciabatta"
"Alimentos y Bebidas/28-vacaciones-Bodega.xlsx","Calculadora Vacaciones","Bodega","Alimentos y Bebidas","Arroz 5kg | Aceite 1L | Azúcar 1kg | Fideos 800g | Atún lata | Leche evaporada | Gaseosa 1.5L | Pan ciabatta"
"Alimentos y Bebidas/29-afp-onp-Bodega.xlsx","Calculadora AFP/ONP","Bodega","Alimentos y Bebidas","Arroz 5kg | Aceite 1L | Azúcar 1kg | Fideos 800g | Atún lata | Leche evaporada | Gaseosa 1.5L | Pan ciabatta"
"Alimentos y Bebidas/30-nomina-Bodega.xlsx","Calculadora Nómina","Bodega","Alimentos y Bebidas","Arroz 5kg | Aceite 1L | Azúcar 1kg | Fideos 800g | Atún lata | Leche evaporada | Gaseosa 1.5L | Pan ciabatta"
"Alimentos y Bebidas/31-roi-Bodega.xlsx","Calculadora ROI","Bodega","Alimentos y Bebidas","Arroz 5kg | Aceite 1L | Azúcar 1kg | Fideos 800g | Atún lata | Leche evaporada | Gaseosa 1.5L | Pan ciabatta"
"Alimentos y Bebidas/32-ipc-Bodega.xlsx","Calculadora IPC","Bodega","Alimentos y Bebidas","Arroz 5kg | Aceite 1L | Azúcar 1kg | Fideos 800g | Atún lata | Leche evaporada | Gaseosa 1.5L | Pan ciabatta"
"Alimentos y Bebidas/33-endeudamiento-Bodega.xlsx","Capacidad Endeudamiento","Bodega","Alimentos y Bebidas","Arroz 5kg | Aceite 1L | Azúcar 1kg | Fideos 800g | Atún lata | Leche evaporada | Gaseosa 1.5L | Pan ciabatta"
"Alimentos y Bebidas/34-proyeccion-flujo-Bodega.xlsx","Proyección Flujo de Caja","Bodega","Alimentos y Bebidas","Arroz 5kg | Aceite 1L | Azúcar 1kg | Fideos 800g | Atún lata | Leche evaporada | Gaseosa 1.5L | Pan ciabatta"
"Alimentos y Bebidas/01-dashboard-financiero-Minimarket.xlsx","Dashboard Financiero","Minimarket","Alimentos y Bebidas","Snacks | Bebidas frías | Lácteos | Panetela | Cigarrillos | Hielo | Útiles escolares | Cuidado personal"
"Alimentos y Bebidas/02-control-ventas-Minimarket.xlsx","Control de Ventas","Minimarket","Alimentos y Bebidas","Snacks | Bebidas frías | Lácteos | Panetela | Cigarrillos | Hielo | Útiles escolares | Cuidado personal"
"Alimentos y Bebidas/03-inventario-Minimarket.xlsx","Control de Inventario","Minimarket","Alimentos y Bebidas","Snacks | Bebidas frías | Lácteos | Panetela | Cigarrillos | Hielo | Útiles escolares | Cuidado personal"
"Alimentos y Bebidas/04-presupuesto-anual-Minimarket.xlsx","Presupuesto Anual","Minimarket","Alimentos y Bebidas","Snacks | Bebidas frías | Lácteos | Panetela | Cigarrillos | Hielo | Útiles escolares | Cuidado personal"
"Alimentos y Bebidas/05-flujo-de-caja-Minimarket.xlsx","Flujo de Caja","Minimarket","Alimentos y Bebidas","Snacks | Bebidas frías | Lácteos | Panetela | Cigarrillos | Hielo | Útiles escolares | Cuidado personal"
"Alimentos y Bebidas/06-gestion-proyectos-Minimarket.xlsx","Gestión de Proyectos","Minimarket","Alimentos y Bebidas","Snacks | Bebidas frías | Lácteos | Panetela | Cigarrillos | Hielo | Útiles escolares | Cuidado personal"
"Alimentos y Bebidas/07-analisis-kpis-Minimarket.xlsx","Análisis de KPIs","Minimarket","Alimentos y Bebidas","Snacks | Bebidas frías | Lácteos | Panetela | Cigarrillos | Hielo | Útiles escolares | Cuidado personal"
"Alimentos y Bebidas/08-control-gastos-Minimarket.xlsx","Control de Gastos","Minimarket","Alimentos y Bebidas","Snacks | Bebidas frías | Lácteos | Panetela | Cigarrillos | Hielo | Útiles escolares | Cuidado personal"
"Alimentos y Bebidas/09-planilla-personal-Minimarket.xlsx","Planilla de Personal","Minimarket","Alimentos y Bebidas","Snacks | Bebidas frías | Lácteos | Panetela | Cigarrillos | Hielo | Útiles escolares | Cuidado personal"
"Alimentos y Bebidas/10-cuentas-por-cobrar-Minimarket.xlsx","Cuentas por Cobrar","Minimarket","Alimentos y Bebidas","Snacks | Bebidas frías | Lácteos | Panetela | Cigarrillos | Hielo | Útiles escolares | Cuidado personal"
"Alimentos y Bebidas/11-caja-diaria-Minimarket.xlsx","Caja Diaria","Minimarket","Alimentos y Bebidas","Snacks | Bebidas frías | Lácteos | Panetela | Cigarrillos | Hielo | Útiles escolares | Cuidado personal"
"Alimentos y Bebidas/12-compras-proveedores-Minimarket.xlsx","Compras y Proveedores","Minimarket","Alimentos y Bebidas","Snacks | Bebidas frías | Lácteos | Panetela | Cigarrillos | Hielo | Útiles escolares | Cuidado personal"
"Alimentos y Bebidas/13-balance-general-Minimarket.xlsx","Balance General","Minimarket","Alimentos y Bebidas","Snacks | Bebidas frías | Lácteos | Panetela | Cigarrillos | Hielo | Útiles escolares | Cuidado personal"
"Alimentos y Bebidas/14-estado-resultados-Minimarket.xlsx","Estado de Resultados","Minimarket","Alimentos y Bebidas","Snacks | Bebidas frías | Lácteos | Panetela | Cigarrillos | Hielo | Útiles escolares | Cuidado personal"
"Alimentos y Bebidas/15-flujo-efectivo-indirecto-Minimarket.xlsx","Flujo de Efectivo Indirecto","Minimarket","Alimentos y Bebidas","Snacks | Bebidas frías | Lácteos | Panetela | Cigarrillos | Hielo | Útiles escolares | Cuidado personal"
"Alimentos y Bebidas/16-conciliacion-bancaria-Minimarket.xlsx","Conciliación Bancaria","Minimarket","Alimentos y Bebidas","Snacks | Bebidas frías | Lácteos | Panetela | Cigarrillos | Hielo | Útiles escolares | Cuidado personal"
"Alimentos y Bebidas/17-libro-diario-Minimarket.xlsx","Libro Diario y Mayor","Minimarket","Alimentos y Bebidas","Snacks | Bebidas frías | Lácteos | Panetela | Cigarrillos | Hielo | Útiles escolares | Cuidado personal"
"Alimentos y Bebidas/18-ratios-financieros-Minimarket.xlsx","Ratios Financieros","Minimarket","Alimentos y Bebidas","Snacks | Bebidas frías | Lácteos | Panetela | Cigarrillos | Hielo | Útiles escolares | Cuidado personal"
"Alimentos y Bebidas/19-control-tributario-Minimarket.xlsx","Control Tributario","Minimarket","Alimentos y Bebidas","Snacks | Bebidas frías | Lácteos | Panetela | Cigarrillos | Hielo | Útiles escolares | Cuidado personal"
"Alimentos y Bebidas/20-presupuesto-centros-costo-Minimarket.xlsx","Presupuesto Centros de Costo","Minimarket","Alimentos y Bebidas","Snacks | Bebidas frías | Lácteos | Panetela | Cigarrillos | Hielo | Útiles escolares | Cuidado personal"
"Alimentos y Bebidas/21-activos-fijos-Minimarket.xlsx","Activos Fijos y Depreciación","Minimarket","Alimentos y Bebidas","Snacks | Bebidas frías | Lácteos | Panetela | Cigarrillos | Hielo | Útiles escolares | Cuidado personal"
"Alimentos y Bebidas/22-punto-equilibrio-Minimarket.xlsx","Punto de Equilibrio","Minimarket","Alimentos y Bebidas","Snacks | Bebidas frías | Lácteos | Panetela | Cigarrillos | Hielo | Útiles escolares | Cuidado personal"
"Alimentos y Bebidas/23-estados-comparativos-Minimarket.xlsx","Estados Comparativos 3 Años","Minimarket","Alimentos y Bebidas","Snacks | Bebidas frías | Lácteos | Panetela | Cigarrillos | Hielo | Útiles escolares | Cuidado personal"
"Alimentos y Bebidas/24-costeo-ordenes-Minimarket.xlsx","Costeo porÓrdenes de Trabajo","Minimarket","Alimentos y Bebidas","Snacks | Bebidas frías | Lácteos | Panetela | Cigarrillos | Hielo | Útiles escolares | Cuidado personal"
"Alimentos y Bebidas/25-calculadora-cts-Minimarket.xlsx","Calculadora CTS","Minimarket","Alimentos y Bebidas","Snacks | Bebidas frías | Lácteos | Panetela | Cigarrillos | Hielo | Útiles escolares | Cuidado personal"
"Alimentos y Bebidas/26-gratificaciones-Minimarket.xlsx","Calculadora Gratificaciones","Minimarket","Alimentos y Bebidas","Snacks | Bebidas frías | Lácteos | Panetela | Cigarrillos | Hielo | Útiles escolares | Cuidado personal"
"Alimentos y Bebidas/27-amortizacion-Minimarket.xlsx","Cuadro de Amortización","Minimarket","Alimentos y Bebidas","Snacks | Bebidas frías | Lácteos | Panetela | Cigarrillos | Hielo | Útiles escolares | Cuidado personal"
"Alimentos y Bebidas/28-vacaciones-Minimarket.xlsx","Calculadora Vacaciones","Minimarket","Alimentos y Bebidas","Snacks | Bebidas frías | Lácteos | Panetela | Cigarrillos | Hielo | Útiles escolares | Cuidado personal"
"Alimentos y Bebidas/29-afp-onp-Minimarket.xlsx","Calculadora AFP/ONP","Minimarket","Alimentos y Bebidas","Snacks | Bebidas frías | Lácteos | Panetela | Cigarrillos | Hielo | Útiles escolares | Cuidado personal"
"Alimentos y Bebidas/30-nomina-Minimarket.xlsx","Calculadora Nómina","Minimarket","Alimentos y Bebidas","Snacks | Bebidas frías | Lácteos | Panetela | Cigarrillos | Hielo | Útiles escolares | Cuidado personal"
"Alimentos y Bebidas/31-roi-Minimarket.xlsx","Calculadora ROI","Minimarket","Alimentos y Bebidas","Snacks | Bebidas frías | Lácteos | Panetela | Cigarrillos | Hielo | Útiles escolares | Cuidado personal"
"Alimentos y Bebidas/32-ipc-Minimarket.xlsx","Calculadora IPC","Minimarket","Alimentos y Bebidas","Snacks | Bebidas frías | Lácteos | Panetela | Cigarrillos | Hielo | Útiles escolares | Cuidado personal"
"Alimentos y Bebidas/33-endeudamiento-Minimarket.xlsx","Capacidad Endeudamiento","Minimarket","Alimentos y Bebidas","Snacks | Bebidas frías | Lácteos | Panetela | Cigarrillos | Hielo | Útiles escolares | Cuidado personal"
"Alimentos y Bebidas/34-proyeccion-flujo-Minimarket.xlsx","Proyección Flujo de Caja","Minimarket","Alimentos y Bebidas","Snacks | Bebidas frías | Lácteos | Panetela | Cigarrillos | Hielo | Útiles escolares | Cuidado personal"
"Alimentos y Bebidas/01-dashboard-financiero-Restaurante.xlsx","Dashboard Financiero","Restaurante","Alimentos y Bebidas","Menú de día | Segundo | Caldo de gallina | Lomo saltado | Ají de gallina | Chicharrón | Refresco | Postre del día"
"Alimentos y Bebidas/02-control-ventas-Restaurante.xlsx","Control de Ventas","Restaurante","Alimentos y Bebidas","Menú de día | Segundo | Caldo de gallina | Lomo saltado | Ají de gallina | Chicharrón | Refresco | Postre del día"
"Alimentos y Bebidas/03-inventario-Restaurante.xlsx","Control de Inventario","Restaurante","Alimentos y Bebidas","Menú de día | Segundo | Caldo de gallina | Lomo saltado | Ají de gallina | Chicharrón | Refresco | Postre del día"
"Alimentos y Bebidas/04-presupuesto-anual-Restaurante.xlsx","Presupuesto Anual","Restaurante","Alimentos y Bebidas","Menú de día | Segundo | Caldo de gallina | Lomo saltado | Ají de gallina | Chicharrón | Refresco | Postre del día"
"Alimentos y Bebidas/05-flujo-de-caja-Restaurante.xlsx","Flujo de Caja","Restaurante","Alimentos y Bebidas","Menú de día | Segundo | Caldo de gallina | Lomo saltado | Ají de gallina | Chicharrón | Refresco | Postre del día"
"Alimentos y Bebidas/06-gestion-proyectos-Restaurante.xlsx","Gestión de Proyectos","Restaurante","Alimentos y Bebidas","Menú de día | Segundo | Caldo de gallina | Lomo saltado | Ají de gallina | Chicharrón | Refresco | Postre del día"
"Alimentos y Bebidas/07-analisis-kpis-Restaurante.xlsx","Análisis de KPIs","Restaurante","Alimentos y Bebidas","Menú de día | Segundo | Caldo de gallina | Lomo saltado | Ají de gallina | Chicharrón | Refresco | Postre del día"
"Alimentos y Bebidas/08-control-gastos-Restaurante.xlsx","Control de Gastos","Restaurante","Alimentos y Bebidas","Menú de día | Segundo | Caldo de gallina | Lomo saltado | Ají de gallina | Chicharrón | Refresco | Postre del día"
"Alimentos y Bebidas/09-planilla-personal-Restaurante.xlsx","Planilla de Personal","Restaurante","Alimentos y Bebidas","Menú de día | Segundo | Caldo de gallina | Lomo saltado | Ají de gallina | Chicharrón | Refresco | Postre del día"
"Alimentos y Bebidas/10-cuentas-por-cobrar-Restaurante.xlsx","Cuentas por Cobrar","Restaurante","Alimentos y Bebidas","Menú de día | Segundo | Caldo de gallina | Lomo saltado | Ají de gallina | Chicharrón | Refresco | Postre del día"
"Alimentos y Bebidas/11-caja-diaria-Restaurante.xlsx","Caja Diaria","Restaurante","Alimentos y Bebidas","Menú de día | Segundo | Caldo de gallina | Lomo saltado | Ají de gallina | Chicharrón | Refresco | Postre del día"
"Alimentos y Bebidas/12-compras-proveedores-Restaurante.xlsx","Compras y Proveedores","Restaurante","Alimentos y Bebidas","Menú de día | Segundo | Caldo de gallina | Lomo saltado | Ají de gallina | Chicharrón | Refresco | Postre del día"
"Alimentos y Bebidas/13-balance-general-Restaurante.xlsx","Balance General","Restaurante","Alimentos y Bebidas","Menú de día | Segundo | Caldo de gallina | Lomo saltado | Ají de gallina | Chicharrón | Refresco | Postre del día"
"Alimentos y Bebidas/14-estado-resultados-Restaurante.xlsx","Estado de Resultados","Restaurante","Alimentos y Bebidas","Menú de día | Segundo | Caldo de gallina | Lomo saltado | Ají de gallina | Chicharrón | Refresco | Postre del día"
"Alimentos y Bebidas/15-flujo-efectivo-indirecto-Restaurante.xlsx","Flujo de Efectivo Indirecto","Restaurante","Alimentos y Bebidas","Menú de día | Segundo | Caldo de gallina | Lomo saltado | Ají de gallina | Chicharrón | Refresco | Postre del día"
"Alimentos y Bebidas/16-conciliacion-bancaria-Restaurante.xlsx","Conciliación Bancaria","Restaurante","Alimentos y Bebidas","Menú de día | Segundo | Caldo de gallina | Lomo saltado | Ají de gallina | Chicharrón | Refresco | Postre del día"
"Alimentos y Bebidas/17-libro-diario-Restaurante.xlsx","Libro Diario y Mayor","Restaurante","Alimentos y Bebidas","Menú de día | Segundo | Caldo de gallina | Lomo saltado | Ají de gallina | Chicharrón | Refresco | Postre del día"
"Alimentos y Bebidas/18-ratios-financieros-Restaurante.xlsx","Ratios Financieros","Restaurante","Alimentos y Bebidas","Menú de día | Segundo | Caldo de gallina | Lomo saltado | Ají de gallina | Chicharrón | Refresco | Postre del día"
"Alimentos y Bebidas/19-control-tributario-Restaurante.xlsx","Control Tributario","Restaurante","Alimentos y Bebidas","Menú de día | Segundo | Caldo de gallina | Lomo saltado | Ají de gallina | Chicharrón | Refresco | Postre del día"
"Alimentos y Bebidas/20-presupuesto-centros-costo-Restaurante.xlsx","Presupuesto Centros de Costo","Restaurante","Alimentos y Bebidas","Menú de día | Segundo | Caldo de gallina | Lomo saltado | Ají de gallina | Chicharrón | Refresco | Postre del día"
"Alimentos y Bebidas/21-activos-fijos-Restaurante.xlsx","Activos Fijos y Depreciación","Restaurante","Alimentos y Bebidas","Menú de día | Segundo | Caldo de gallina | Lomo saltado | Ají de gallina | Chicharrón | Refresco | Postre del día"
"Alimentos y Bebidas/22-punto-equilibrio-Restaurante.xlsx","Punto de Equilibrio","Restaurante","Alimentos y Bebidas","Menú de día | Segundo | Caldo de gallina | Lomo saltado | Ají de gallina | Chicharrón | Refresco | Postre del día"
"Alimentos y Bebidas/23-estados-comparativos-Restaurante.xlsx","Estados Comparativos 3 Años","Restaurante","Alimentos y Bebidas","Menú de día | Segundo | Caldo de gallina | Lomo saltado | Ají de gallina | Chicharrón | Refresco | Postre del día"
"Alimentos y Bebidas/24-costeo-ordenes-Restaurante.xlsx","Costeo porÓrdenes de Trabajo","Restaurante","Alimentos y Bebidas","Menú de día | Segundo | Caldo de gallina | Lomo saltado | Ají de gallina | Chicharrón | Refresco | Postre del día"
"Alimentos y Bebidas/25-calculadora-cts-Restaurante.xlsx","Calculadora CTS","Restaurante","Alimentos y Bebidas","Menú de día | Segundo | Caldo de gallina | Lomo saltado | Ají de gallina | Chicharrón | Refresco | Postre del día"
"Alimentos y Bebidas/26-gratificaciones-Restaurante.xlsx","Calculadora Gratificaciones","Restaurante","Alimentos y Bebidas","Menú de día | Segundo | Caldo de gallina | Lomo saltado | Ají de gallina | Chicharrón | Refresco | Postre del día"
"Alimentos y Bebidas/27-amortizacion-Restaurante.xlsx","Cuadro de Amortización","Restaurante","Alimentos y Bebidas","Menú de día | Segundo | Caldo de gallina | Lomo saltado | Ají de gallina | Chicharrón | Refresco | Postre del día"
"Alimentos y Bebidas/28-vacaciones-Restaurante.xlsx","Calculadora Vacaciones","Restaurante","Alimentos y Bebidas","Menú de día | Segundo | Caldo de gallina | Lomo saltado | Ají de gallina | Chicharrón | Refresco | Postre del día"
"Alimentos y Bebidas/29-afp-onp-Restaurante.xlsx","Calculadora AFP/ONP","Restaurante","Alimentos y Bebidas","Menú de día | Segundo | Caldo de gallina | Lomo saltado | Ají de gallina | Chicharrón | Refresco | Postre del día"
"Alimentos y Bebidas/30-nomina-Restaurante.xlsx","Calculadora Nómina","Restaurante","Alimentos y Bebidas","Menú de día | Segundo | Caldo de gallina | Lomo saltado | Ají de gallina | Chicharrón | Refresco | Postre del día"
"Alimentos y Bebidas/31-roi-Restaurante.xlsx","Calculadora ROI","Restaurante","Alimentos y Bebidas","Menú de día | Segundo | Caldo de gallina | Lomo saltado | Ají de gallina | Chicharrón | Refresco | Postre del día"
"Alimentos y Bebidas/32-ipc-Restaurante.xlsx","Calculadora IPC","Restaurante","Alimentos y Bebidas","Menú de día | Segundo | Caldo de gallina | Lomo saltado | Ají de gallina | Chicharrón | Refresco | Postre del día"
"Alimentos y Bebidas/33-endeudamiento-Restaurante.xlsx","Capacidad Endeudamiento","Restaurante","Alimentos y Bebidas","Menú de día | Segundo | Caldo de gallina | Lomo saltado | Ají de gallina | Chicharrón | Refresco | Postre del día"
"Alimentos y Bebidas/34-proyeccion-flujo-Restaurante.xlsx","Proyección Flujo de Caja","Restaurante","Alimentos y Bebidas","Menú de día | Segundo | Caldo de gallina | Lomo saltado | Ají de gallina | Chicharrón | Refresco | Postre del día"
"Alimentos y Bebidas/01-dashboard-financiero-Polleria.xlsx","Dashboard Financiero","Pollería","Alimentos y Bebidas","Pollo entero | 1/4 de pollo | Papas familiares | Ensalada fresca | Gaseosa 1.5L | Chicha morada | Crema de ají | Combo familiar"
"Alimentos y Bebidas/02-control-ventas-Polleria.xlsx","Control de Ventas","Pollería","Alimentos y Bebidas","Pollo entero | 1/4 de pollo | Papas familiares | Ensalada fresca | Gaseosa 1.5L | Chicha morada | Crema de ají | Combo familiar"
"Alimentos y Bebidas/03-inventario-Polleria.xlsx","Control de Inventario","Pollería","Alimentos y Bebidas","Pollo entero | 1/4 de pollo | Papas familiares | Ensalada fresca | Gaseosa 1.5L | Chicha morada | Crema de ají | Combo familiar"
"Alimentos y Bebidas/04-presupuesto-anual-Polleria.xlsx","Presupuesto Anual","Pollería","Alimentos y Bebidas","Pollo entero | 1/4 de pollo | Papas familiares | Ensalada fresca | Gaseosa 1.5L | Chicha morada | Crema de ají | Combo familiar"
"Alimentos y Bebidas/05-flujo-de-caja-Polleria.xlsx","Flujo de Caja","Pollería","Alimentos y Bebidas","Pollo entero | 1/4 de pollo | Papas familiares | Ensalada fresca | Gaseosa 1.5L | Chicha morada | Crema de ají | Combo familiar"
"Alimentos y Bebidas/06-gestion-proyectos-Polleria.xlsx","Gestión de Proyectos","Pollería","Alimentos y Bebidas","Pollo entero | 1/4 de pollo | Papas familiares | Ensalada fresca | Gaseosa 1.5L | Chicha morada | Crema de ají | Combo familiar"
"Alimentos y Bebidas/07-analisis-kpis-Polleria.xlsx","Análisis de KPIs","Pollería","Alimentos y Bebidas","Pollo entero | 1/4 de pollo | Papas familiares | Ensalada fresca | Gaseosa 1.5L | Chicha morada | Crema de ají | Combo familiar"
"Alimentos y Bebidas/08-control-gastos-Polleria.xlsx","Control de Gastos","Pollería","Alimentos y Bebidas","Pollo entero | 1/4 de pollo | Papas familiares | Ensalada fresca | Gaseosa 1.5L | Chicha morada | Crema de ají | Combo familiar"
"Alimentos y Bebidas/09-planilla-personal-Polleria.xlsx","Planilla de Personal","Pollería","Alimentos y Bebidas","Pollo entero | 1/4 de pollo | Papas familiares | Ensalada fresca | Gaseosa 1.5L | Chicha morada | Crema de ají | Combo familiar"
"Alimentos y Bebidas/10-cuentas-por-cobrar-Polleria.xlsx","Cuentas por Cobrar","Pollería","Alimentos y Bebidas","Pollo entero | 1/4 de pollo | Papas familiares | Ensalada fresca | Gaseosa 1.5L | Chicha morada | Crema de ají | Combo familiar"
"Alimentos y Bebidas/11-caja-diaria-Polleria.xlsx","Caja Diaria","Pollería","Alimentos y Bebidas","Pollo entero | 1/4 de pollo | Papas familiares | Ensalada fresca | Gaseosa 1.5L | Chicha morada | Crema de ají | Combo familiar"
"Alimentos y Bebidas/12-compras-proveedores-Polleria.xlsx","Compras y Proveedores","Pollería","Alimentos y Bebidas","Pollo entero | 1/4 de pollo | Papas familiares | Ensalada fresca | Gaseosa 1.5L | Chicha morada | Crema de ají | Combo familiar"
"Alimentos y Bebidas/13-balance-general-Polleria.xlsx","Balance General","Pollería","Alimentos y Bebidas","Pollo entero | 1/4 de pollo | Papas familiares | Ensalada fresca | Gaseosa 1.5L | Chicha morada | Crema de ají | Combo familiar"
"Alimentos y Bebidas/14-estado-resultados-Polleria.xlsx","Estado de Resultados","Pollería","Alimentos y Bebidas","Pollo entero | 1/4 de pollo | Papas familiares | Ensalada fresca | Gaseosa 1.5L | Chicha morada | Crema de ají | Combo familiar"
"Alimentos y Bebidas/15-flujo-efectivo-indirecto-Polleria.xlsx","Flujo de Efectivo Indirecto","Pollería","Alimentos y Bebidas","Pollo entero | 1/4 de pollo | Papas familiares | Ensalada fresca | Gaseosa 1.5L | Chicha morada | Crema de ají | Combo familiar"
"Alimentos y Bebidas/16-conciliacion-bancaria-Polleria.xlsx","Conciliación Bancaria","Pollería","Alimentos y Bebidas","Pollo entero | 1/4 de pollo | Papas familiares | Ensalada fresca | Gaseosa 1.5L | Chicha morada | Crema de ají | Combo familiar"
"Alimentos y Bebidas/17-libro-diario-Polleria.xlsx","Libro Diario y Mayor","Pollería","Alimentos y Bebidas","Pollo entero | 1/4 de pollo | Papas familiares | Ensalada fresca | Gaseosa 1.5L | Chicha morada | Crema de ají | Combo familiar"
"Alimentos y Bebidas/18-ratios-financieros-Polleria.xlsx","Ratios Financieros","Pollería","Alimentos y Bebidas","Pollo entero | 1/4 de pollo | Papas familiares | Ensalada fresca | Gaseosa 1.5L | Chicha morada | Crema de ají | Combo familiar"
"Alimentos y Bebidas/19-control-tributario-Polleria.xlsx","Control Tributario","Pollería","Alimentos y Bebidas","Pollo entero | 1/4 de pollo | Papas familiares | Ensalada fresca | Gaseosa 1.5L | Chicha morada | Crema de ají | Combo familiar"
"Alimentos y Bebidas/20-presupuesto-centros-costo-Polleria.xlsx","Presupuesto Centros de Costo","Pollería","Alimentos y Bebidas","Pollo entero | 1/4 de pollo | Papas familiares | Ensalada fresca | Gaseosa 1.5L | Chicha morada | Crema de ají | Combo familiar"
"Alimentos y Bebidas/21-activos-fijos-Polleria.xlsx","Activos Fijos y Depreciación","Pollería","Alimentos y Bebidas","Pollo entero | 1/4 de pollo | Papas familiares | Ensalada fresca | Gaseosa 1.5L | Chicha morada | Crema de ají | Combo familiar"
"Alimentos y Bebidas/22-punto-equilibrio-Polleria.xlsx","Punto de Equilibrio","Pollería","Alimentos y Bebidas","Pollo entero | 1/4 de pollo | Papas familiares | Ensalada fresca | Gaseosa 1.5L | Chicha morada | Crema de ají | Combo familiar"
"Alimentos y Bebidas/23-estados-comparativos-Polleria.xlsx","Estados Comparativos 3 Años","Pollería","Alimentos y Bebidas","Pollo entero | 1/4 de pollo | Papas familiares | Ensalada fresca | Gaseosa 1.5L | Chicha morada | Crema de ají | Combo familiar"
"Alimentos y Bebidas/24-costeo-ordenes-Polleria.xlsx","Costeo porÓrdenes de Trabajo","Pollería","Alimentos y Bebidas","Pollo entero | 1/4 de pollo | Papas familiares | Ensalada fresca | Gaseosa 1.5L | Chicha morada | Crema de ají | Combo familiar"
"Alimentos y Bebidas/25-calculadora-cts-Polleria.xlsx","Calculadora CTS","Pollería","Alimentos y Bebidas","Pollo entero | 1/4 de pollo | Papas familiares | Ensalada fresca | Gaseosa 1.5L | Chicha morada | Crema de ají | Combo familiar"
"Alimentos y Bebidas/26-gratificaciones-Polleria.xlsx","Calculadora Gratificaciones","Pollería","Alimentos y Bebidas","Pollo entero | 1/4 de pollo | Papas familiares | Ensalada fresca | Gaseosa 1.5L | Chicha morada | Crema de ají | Combo familiar"
"Alimentos y Bebidas/27-amortizacion-Polleria.xlsx","Cuadro de Amortización","Pollería","Alimentos y Bebidas","Pollo entero | 1/4 de pollo | Papas familiares | Ensalada fresca | Gaseosa 1.5L | Chicha morada | Crema de ají | Combo familiar"
"Alimentos y Bebidas/28-vacaciones-Polleria.xlsx","Calculadora Vacaciones","Pollería","Alimentos y Bebidas","Pollo entero | 1/4 de pollo | Papas familiares | Ensalada fresca | Gaseosa 1.5L | Chicha morada | Crema de ají | Combo familiar"
"Alimentos y Bebidas/29-afp-onp-Polleria.xlsx","Calculadora AFP/ONP","Pollería","Alimentos y Bebidas","Pollo entero | 1/4 de pollo | Papas familiares | Ensalada fresca | Gaseosa 1.5L | Chicha morada | Crema de ají | Combo familiar"
"Alimentos y Bebidas/30-nomina-Polleria.xlsx","Calculadora Nómina","Pollería","Alimentos y Bebidas","Pollo entero | 1/4 de pollo | Papas familiares | Ensalada fresca | Gaseosa 1.5L | Chicha morada | Crema de ají | Combo familiar"
"Alimentos y Bebidas/31-roi-Polleria.xlsx","Calculadora ROI","Pollería","Alimentos y Bebidas","Pollo entero | 1/4 de pollo | Papas familiares | Ensalada fresca | Gaseosa 1.5L | Chicha morada | Crema de ají | Combo familiar"
"Alimentos y Bebidas/32-ipc-Polleria.xlsx","Calculadora IPC","Pollería","Alimentos y Bebidas","Pollo entero | 1/4 de pollo | Papas familiares | Ensalada fresca | Gaseosa 1.5L | Chicha morada | Crema de ají | Combo familiar"
"Alimentos y Bebidas/33-endeudamiento-Polleria.xlsx","Capacidad Endeudamiento","Pollería","Alimentos y Bebidas","Pollo entero | 1/4 de pollo | Papas familiares | Ensalada fresca | Gaseosa 1.5L | Chicha morada | Crema de ají | Combo familiar"
"Alimentos y Bebidas/34-proyeccion-flujo-Polleria.xlsx","Proyección Flujo de Caja","Pollería","Alimentos y Bebidas","Pollo entero | 1/4 de pollo | Papas familiares | Ensalada fresca | Gaseosa 1.5L | Chicha morada | Crema de ají | Combo familiar"
"Alimentos y Bebidas/01-dashboard-financiero-Cevicheria.xlsx","Dashboard Financiero","Cevichería","Alimentos y Bebidas","Ceviche clásico | Jalea mixta | Arroz con mariscos | Tiradito | Chilcano | Leche de tigre | Chicha morada | Inca Kola"
"Alimentos y Bebidas/02-control-ventas-Cevicheria.xlsx","Control de Ventas","Cevichería","Alimentos y Bebidas","Ceviche clásico | Jalea mixta | Arroz con mariscos | Tiradito | Chilcano | Leche de tigre | Chicha morada | Inca Kola"
"Alimentos y Bebidas/03-inventario-Cevicheria.xlsx","Control de Inventario","Cevichería","Alimentos y Bebidas","Ceviche clásico | Jalea mixta | Arroz con mariscos | Tiradito | Chilcano | Leche de tigre | Chicha morada | Inca Kola"
"Alimentos y Bebidas/04-presupuesto-anual-Cevicheria.xlsx","Presupuesto Anual","Cevichería","Alimentos y Bebidas","Ceviche clásico | Jalea mixta | Arroz con mariscos | Tiradito | Chilcano | Leche de tigre | Chicha morada | Inca Kola"
"Alimentos y Bebidas/05-flujo-de-caja-Cevicheria.xlsx","Flujo de Caja","Cevichería","Alimentos y Bebidas","Ceviche clásico | Jalea mixta | Arroz con mariscos | Tiradito | Chilcano | Leche de tigre | Chicha morada | Inca Kola"
"Alimentos y Bebidas/06-gestion-proyectos-Cevicheria.xlsx","Gestión de Proyectos","Cevichería","Alimentos y Bebidas","Ceviche clásico | Jalea mixta | Arroz con mariscos | Tiradito | Chilcano | Leche de tigre | Chicha morada | Inca Kola"
"Alimentos y Bebidas/07-analisis-kpis-Cevicheria.xlsx","Análisis de KPIs","Cevichería","Alimentos y Bebidas","Ceviche clásico | Jalea mixta | Arroz con mariscos | Tiradito | Chilcano | Leche de tigre | Chicha morada | Inca Kola"
"Alimentos y Bebidas/08-control-gastos-Cevicheria.xlsx","Control de Gastos","Cevichería","Alimentos y Bebidas","Ceviche clásico | Jalea mixta | Arroz con mariscos | Tiradito | Chilcano | Leche de tigre | Chicha morada | Inca Kola"
"Alimentos y Bebidas/09-planilla-personal-Cevicheria.xlsx","Planilla de Personal","Cevichería","Alimentos y Bebidas","Ceviche clásico | Jalea mixta | Arroz con mariscos | Tiradito | Chilcano | Leche de tigre | Chicha morada | Inca Kola"
"Alimentos y Bebidas/10-cuentas-por-cobrar-Cevicheria.xlsx","Cuentas por Cobrar","Cevichería","Alimentos y Bebidas","Ceviche clásico | Jalea mixta | Arroz con mariscos | Tiradito | Chilcano | Leche de tigre | Chicha morada | Inca Kola"
"Alimentos y Bebidas/11-caja-diaria-Cevicheria.xlsx","Caja Diaria","Cevichería","Alimentos y Bebidas","Ceviche clásico | Jalea mixta | Arroz con mariscos | Tiradito | Chilcano | Leche de tigre | Chicha morada | Inca Kola"
"Alimentos y Bebidas/12-compras-proveedores-Cevicheria.xlsx","Compras y Proveedores","Cevichería","Alimentos y Bebidas","Ceviche clásico | Jalea mixta | Arroz con mariscos | Tiradito | Chilcano | Leche de tigre | Chicha morada | Inca Kola"
"Alimentos y Bebidas/13-balance-general-Cevicheria.xlsx","Balance General","Cevichería","Alimentos y Bebidas","Ceviche clásico | Jalea mixta | Arroz con mariscos | Tiradito | Chilcano | Leche de tigre | Chicha morada | Inca Kola"
"Alimentos y Bebidas/14-estado-resultados-Cevicheria.xlsx","Estado de Resultados","Cevichería","Alimentos y Bebidas","Ceviche clásico | Jalea mixta | Arroz con mariscos | Tiradito | Chilcano | Leche de tigre | Chicha morada | Inca Kola"
"Alimentos y Bebidas/15-flujo-efectivo-indirecto-Cevicheria.xlsx","Flujo de Efectivo Indirecto","Cevichería","Alimentos y Bebidas","Ceviche clásico | Jalea mixta | Arroz con mariscos | Tiradito | Chilcano | Leche de tigre | Chicha morada | Inca Kola"
"Alimentos y Bebidas/16-conciliacion-bancaria-Cevicheria.xlsx","Conciliación Bancaria","Cevichería","Alimentos y Bebidas","Ceviche clásico | Jalea mixta | Arroz con mariscos | Tiradito | Chilcano | Leche de tigre | Chicha morada | Inca Kola"
"Alimentos y Bebidas/17-libro-diario-Cevicheria.xlsx","Libro Diario y Mayor","Cevichería","Alimentos y Bebidas","Ceviche clásico | Jalea mixta | Arroz con mariscos | Tiradito | Chilcano | Leche de tigre | Chicha morada | Inca Kola"
"Alimentos y Bebidas/18-ratios-financieros-Cevicheria.xlsx","Ratios Financieros","Cevichería","Alimentos y Bebidas","Ceviche clásico | Jalea mixta | Arroz con mariscos | Tiradito | Chilcano | Leche de tigre | Chicha morada | Inca Kola"
"Alimentos y Bebidas/19-control-tributario-Cevicheria.xlsx","Control Tributario","Cevichería","Alimentos y Bebidas","Ceviche clásico | Jalea mixta | Arroz con mariscos | Tiradito | Chilcano | Leche de tigre | Chicha morada | Inca Kola"
"Alimentos y Bebidas/20-presupuesto-centros-costo-Cevicheria.xlsx","Presupuesto Centros de Costo","Cevichería","Alimentos y Bebidas","Ceviche clásico | Jalea mixta | Arroz con mariscos | Tiradito | Chilcano | Leche de tigre | Chicha morada | Inca Kola"
"Alimentos y Bebidas/21-activos-fijos-Cevicheria.xlsx","Activos Fijos y Depreciación","Cevichería","Alimentos y Bebidas","Ceviche clásico | Jalea mixta | Arroz con mariscos | Tiradito | Chilcano | Leche de tigre | Chicha morada | Inca Kola"
"Alimentos y Bebidas/22-punto-equilibrio-Cevicheria.xlsx","Punto de Equilibrio","Cevichería","Alimentos y Bebidas","Ceviche clásico | Jalea mixta | Arroz con mariscos | Tiradito | Chilcano | Leche de tigre | Chicha morada | Inca Kola"
"Alimentos y Bebidas/23-estados-comparativos-Cevicheria.xlsx","Estados Comparativos 3 Años","Cevichería","Alimentos y Bebidas","Ceviche clásico | Jalea mixta | Arroz con mariscos | Tiradito | Chilcano | Leche de tigre | Chicha morada | Inca Kola"
"Alimentos y Bebidas/24-costeo-ordenes-Cevicheria.xlsx","Costeo porÓrdenes de Trabajo","Cevichería","Alimentos y Bebidas","Ceviche clásico | Jalea mixta | Arroz con mariscos | Tiradito | Chilcano | Leche de tigre | Chicha morada | Inca Kola"
"Alimentos y Bebidas/25-calculadora-cts-Cevicheria.xlsx","Calculadora CTS","Cevichería","Alimentos y Bebidas","Ceviche clásico | Jalea mixta | Arroz con mariscos | Tiradito | Chilcano | Leche de tigre | Chicha morada | Inca Kola"
"Alimentos y Bebidas/26-gratificaciones-Cevicheria.xlsx","Calculadora Gratificaciones","Cevichería","Alimentos y Bebidas","Ceviche clásico | Jalea mixta | Arroz con mariscos | Tiradito | Chilcano | Leche de tigre | Chicha morada | Inca Kola"
"Alimentos y Bebidas/27-amortizacion-Cevicheria.xlsx","Cuadro de Amortización","Cevichería","Alimentos y Bebidas","Ceviche clásico | Jalea mixta | Arroz con mariscos | Tiradito | Chilcano | Leche de tigre | Chicha morada | Inca Kola"
"Alimentos y Bebidas/28-vacaciones-Cevicheria.xlsx","Calculadora Vacaciones","Cevichería","Alimentos y Bebidas","Ceviche clásico | Jalea mixta | Arroz con mariscos | Tiradito | Chilcano | Leche de tigre | Chicha morada | Inca Kola"
"Alimentos y Bebidas/29-afp-onp-Cevicheria.xlsx","Calculadora AFP/ONP","Cevichería","Alimentos y Bebidas","Ceviche clásico | Jalea mixta | Arroz con mariscos | Tiradito | Chilcano | Leche de tigre | Chicha morada | Inca Kola"
"Alimentos y Bebidas/30-nomina-Cevicheria.xlsx","Calculadora Nómina","Cevichería","Alimentos y Bebidas","Ceviche clásico | Jalea mixta | Arroz con mariscos | Tiradito | Chilcano | Leche de tigre | Chicha morada | Inca Kola"
"Alimentos y Bebidas/31-roi-Cevicheria.xlsx","Calculadora ROI","Cevichería","Alimentos y Bebidas","Ceviche clásico | Jalea mixta | Arroz con mariscos | Tiradito | Chilcano | Leche de tigre | Chicha morada | Inca Kola"
"Alimentos y Bebidas/32-ipc-Cevicheria.xlsx","Calculadora IPC","Cevichería","Alimentos y Bebidas","Ceviche clásico | Jalea mixta | Arroz con mariscos | Tiradito | Chilcano | Leche de tigre | Chicha morada | Inca Kola"
"Alimentos y Bebidas/33-endeudamiento-Cevicheria.xlsx","Capacidad Endeudamiento","Cevichería","Alimentos y Bebidas","Ceviche clásico | Jalea mixta | Arroz con mariscos | Tiradito | Chilcano | Leche de tigre | Chicha morada | Inca Kola"
"Alimentos y Bebidas/34-proyeccion-flujo-Cevicheria.xlsx","Proyección Flujo de Caja","Cevichería","Alimentos y Bebidas","Ceviche clásico | Jalea mixta | Arroz con mariscos | Tiradito | Chilcano | Leche de tigre | Chicha morada | Inca Kola"
"Alimentos y Bebidas/01-dashboard-financiero-Panaderia.xlsx","Dashboard Financiero","Panadería","Alimentos y Bebidas","Pan francés | Pan ciabatta | Panetela | Torta de chocolate | Empanada de carne | Pionono | Bizcocho | Pan integral"
"Alimentos y Bebidas/02-control-ventas-Panaderia.xlsx","Control de Ventas","Panadería","Alimentos y Bebidas","Pan francés | Pan ciabatta | Panetela | Torta de chocolate | Empanada de carne | Pionono | Bizcocho | Pan integral"
"Alimentos y Bebidas/03-inventario-Panaderia.xlsx","Control de Inventario","Panadería","Alimentos y Bebidas","Pan francés | Pan ciabatta | Panetela | Torta de chocolate | Empanada de carne | Pionono | Bizcocho | Pan integral"
"Alimentos y Bebidas/04-presupuesto-anual-Panaderia.xlsx","Presupuesto Anual","Panadería","Alimentos y Bebidas","Pan francés | Pan ciabatta | Panetela | Torta de chocolate | Empanada de carne | Pionono | Bizcocho | Pan integral"
"Alimentos y Bebidas/05-flujo-de-caja-Panaderia.xlsx","Flujo de Caja","Panadería","Alimentos y Bebidas","Pan francés | Pan ciabatta | Panetela | Torta de chocolate | Empanada de carne | Pionono | Bizcocho | Pan integral"
"Alimentos y Bebidas/06-gestion-proyectos-Panaderia.xlsx","Gestión de Proyectos","Panadería","Alimentos y Bebidas","Pan francés | Pan ciabatta | Panetela | Torta de chocolate | Empanada de carne | Pionono | Bizcocho | Pan integral"
"Alimentos y Bebidas/07-analisis-kpis-Panaderia.xlsx","Análisis de KPIs","Panadería","Alimentos y Bebidas","Pan francés | Pan ciabatta | Panetela | Torta de chocolate | Empanada de carne | Pionono | Bizcocho | Pan integral"
"Alimentos y Bebidas/08-control-gastos-Panaderia.xlsx","Control de Gastos","Panadería","Alimentos y Bebidas","Pan francés | Pan ciabatta | Panetela | Torta de chocolate | Empanada de carne | Pionono | Bizcocho | Pan integral"
"Alimentos y Bebidas/09-planilla-personal-Panaderia.xlsx","Planilla de Personal","Panadería","Alimentos y Bebidas","Pan francés | Pan ciabatta | Panetela | Torta de chocolate | Empanada de carne | Pionono | Bizcocho | Pan integral"
"Alimentos y Bebidas/10-cuentas-por-cobrar-Panaderia.xlsx","Cuentas por Cobrar","Panadería","Alimentos y Bebidas","Pan francés | Pan ciabatta | Panetela | Torta de chocolate | Empanada de carne | Pionono | Bizcocho | Pan integral"
"Alimentos y Bebidas/11-caja-diaria-Panaderia.xlsx","Caja Diaria","Panadería","Alimentos y Bebidas","Pan francés | Pan ciabatta | Panetela | Torta de chocolate | Empanada de carne | Pionono | Bizcocho | Pan integral"
"Alimentos y Bebidas/12-compras-proveedores-Panaderia.xlsx","Compras y Proveedores","Panadería","Alimentos y Bebidas","Pan francés | Pan ciabatta | Panetela | Torta de chocolate | Empanada de carne | Pionono | Bizcocho | Pan integral"
"Alimentos y Bebidas/13-balance-general-Panaderia.xlsx","Balance General","Panadería","Alimentos y Bebidas","Pan francés | Pan ciabatta | Panetela | Torta de chocolate | Empanada de carne | Pionono | Bizcocho | Pan integral"
"Alimentos y Bebidas/14-estado-resultados-Panaderia.xlsx","Estado de Resultados","Panadería","Alimentos y Bebidas","Pan francés | Pan ciabatta | Panetela | Torta de chocolate | Empanada de carne | Pionono | Bizcocho | Pan integral"
"Alimentos y Bebidas/15-flujo-efectivo-indirecto-Panaderia.xlsx","Flujo de Efectivo Indirecto","Panadería","Alimentos y Bebidas","Pan francés | Pan ciabatta | Panetela | Torta de chocolate | Empanada de carne | Pionono | Bizcocho | Pan integral"
"Alimentos y Bebidas/16-conciliacion-bancaria-Panaderia.xlsx","Conciliación Bancaria","Panadería","Alimentos y Bebidas","Pan francés | Pan ciabatta | Panetela | Torta de chocolate | Empanada de carne | Pionono | Bizcocho | Pan integral"
"Alimentos y Bebidas/17-libro-diario-Panaderia.xlsx","Libro Diario y Mayor","Panadería","Alimentos y Bebidas","Pan francés | Pan ciabatta | Panetela | Torta de chocolate | Empanada de carne | Pionono | Bizcocho | Pan integral"
"Alimentos y Bebidas/18-ratios-financieros-Panaderia.xlsx","Ratios Financieros","Panadería","Alimentos y Bebidas","Pan francés | Pan ciabatta | Panetela | Torta de chocolate | Empanada de carne | Pionono | Bizcocho | Pan integral"
"Alimentos y Bebidas/19-control-tributario-Panaderia.xlsx","Control Tributario","Panadería","Alimentos y Bebidas","Pan francés | Pan ciabatta | Panetela | Torta de chocolate | Empanada de carne | Pionono | Bizcocho | Pan integral"
"Alimentos y Bebidas/20-presupuesto-centros-costo-Panaderia.xlsx","Presupuesto Centros de Costo","Panadería","Alimentos y Bebidas","Pan francés | Pan ciabatta | Panetela | Torta de chocolate | Empanada de carne | Pionono | Bizcocho | Pan integral"
"Alimentos y Bebidas/21-activos-fijos-Panaderia.xlsx","Activos Fijos y Depreciación","Panadería","Alimentos y Bebidas","Pan francés | Pan ciabatta | Panetela | Torta de chocolate | Empanada de carne | Pionono | Bizcocho | Pan integral"
"Alimentos y Bebidas/22-punto-equilibrio-Panaderia.xlsx","Punto de Equilibrio","Panadería","Alimentos y Bebidas","Pan francés | Pan ciabatta | Panetela | Torta de chocolate | Empanada de carne | Pionono | Bizcocho | Pan integral"
"Alimentos y Bebidas/23-estados-comparativos-Panaderia.xlsx","Estados Comparativos 3 Años","Panadería","Alimentos y Bebidas","Pan francés | Pan ciabatta | Panetela | Torta de chocolate | Empanada de carne | Pionono | Bizcocho | Pan integral"
"Alimentos y Bebidas/24-costeo-ordenes-Panaderia.xlsx","Costeo porÓrdenes de Trabajo","Panadería","Alimentos y Bebidas","Pan francés | Pan ciabatta | Panetela | Torta de chocolate | Empanada de carne | Pionono | Bizcocho | Pan integral"
"Alimentos y Bebidas/25-calculadora-cts-Panaderia.xlsx","Calculadora CTS","Panadería","Alimentos y Bebidas","Pan francés | Pan ciabatta | Panetela | Torta de chocolate | Empanada de carne | Pionono | Bizcocho | Pan integral"
"Alimentos y Bebidas/26-gratificaciones-Panaderia.xlsx","Calculadora Gratificaciones","Panadería","Alimentos y Bebidas","Pan francés | Pan ciabatta | Panetela | Torta de chocolate | Empanada de carne | Pionono | Bizcocho | Pan integral"
"Alimentos y Bebidas/27-amortizacion-Panaderia.xlsx","Cuadro de Amortización","Panadería","Alimentos y Bebidas","Pan francés | Pan ciabatta | Panetela | Torta de chocolate | Empanada de carne | Pionono | Bizcocho | Pan integral"
"Alimentos y Bebidas/28-vacaciones-Panaderia.xlsx","Calculadora Vacaciones","Panadería","Alimentos y Bebidas","Pan francés | Pan ciabatta | Panetela | Torta de chocolate | Empanada de carne | Pionono | Bizcocho | Pan integral"
"Alimentos y Bebidas/29-afp-onp-Panaderia.xlsx","Calculadora AFP/ONP","Panadería","Alimentos y Bebidas","Pan francés | Pan ciabatta | Panetela | Torta de chocolate | Empanada de carne | Pionono | Bizcocho | Pan integral"
"Alimentos y Bebidas/30-nomina-Panaderia.xlsx","Calculadora Nómina","Panadería","Alimentos y Bebidas","Pan francés | Pan ciabatta | Panetela | Torta de chocolate | Empanada de carne | Pionono | Bizcocho | Pan integral"
"Alimentos y Bebidas/31-roi-Panaderia.xlsx","Calculadora ROI","Panadería","Alimentos y Bebidas","Pan francés | Pan ciabatta | Panetela | Torta de chocolate | Empanada de carne | Pionono | Bizcocho | Pan integral"
"Alimentos y Bebidas/32-ipc-Panaderia.xlsx","Calculadora IPC","Panadería","Alimentos y Bebidas","Pan francés | Pan ciabatta | Panetela | Torta de chocolate | Empanada de carne | Pionono | Bizcocho | Pan integral"
"Alimentos y Bebidas/33-endeudamiento-Panaderia.xlsx","Capacidad Endeudamiento","Panadería","Alimentos y Bebidas","Pan francés | Pan ciabatta | Panetela | Torta de chocolate | Empanada de carne | Pionono | Bizcocho | Pan integral"
"Alimentos y Bebidas/34-proyeccion-flujo-Panaderia.xlsx","Proyección Flujo de Caja","Panadería","Alimentos y Bebidas","Pan francés | Pan ciabatta | Panetela | Torta de chocolate | Empanada de carne | Pionono | Bizcocho | Pan integral"
"Alimentos y Bebidas/01-dashboard-financiero-Pasteleria.xlsx","Dashboard Financiero","Pastelería","Alimentos y Bebidas","Torta de cumpleaños | Cheesecake | Alfajores | Brownies | Cupcakes | Tarta de frutas | Merengue | Keke de zanahoria"
"Alimentos y Bebidas/02-control-ventas-Pasteleria.xlsx","Control de Ventas","Pastelería","Alimentos y Bebidas","Torta de cumpleaños | Cheesecake | Alfajores | Brownies | Cupcakes | Tarta de frutas | Merengue | Keke de zanahoria"
"Alimentos y Bebidas/03-inventario-Pasteleria.xlsx","Control de Inventario","Pastelería","Alimentos y Bebidas","Torta de cumpleaños | Cheesecake | Alfajores | Brownies | Cupcakes | Tarta de frutas | Merengue | Keke de zanahoria"
"Alimentos y Bebidas/04-presupuesto-anual-Pasteleria.xlsx","Presupuesto Anual","Pastelería","Alimentos y Bebidas","Torta de cumpleaños | Cheesecake | Alfajores | Brownies | Cupcakes | Tarta de frutas | Merengue | Keke de zanahoria"
"Alimentos y Bebidas/05-flujo-de-caja-Pasteleria.xlsx","Flujo de Caja","Pastelería","Alimentos y Bebidas","Torta de cumpleaños | Cheesecake | Alfajores | Brownies | Cupcakes | Tarta de frutas | Merengue | Keke de zanahoria"
"Alimentos y Bebidas/06-gestion-proyectos-Pasteleria.xlsx","Gestión de Proyectos","Pastelería","Alimentos y Bebidas","Torta de cumpleaños | Cheesecake | Alfajores | Brownies | Cupcakes | Tarta de frutas | Merengue | Keke de zanahoria"
"Alimentos y Bebidas/07-analisis-kpis-Pasteleria.xlsx","Análisis de KPIs","Pastelería","Alimentos y Bebidas","Torta de cumpleaños | Cheesecake | Alfajores | Brownies | Cupcakes | Tarta de frutas | Merengue | Keke de zanahoria"
"Alimentos y Bebidas/08-control-gastos-Pasteleria.xlsx","Control de Gastos","Pastelería","Alimentos y Bebidas","Torta de cumpleaños | Cheesecake | Alfajores | Brownies | Cupcakes | Tarta de frutas | Merengue | Keke de zanahoria"
"Alimentos y Bebidas/09-planilla-personal-Pasteleria.xlsx","Planilla de Personal","Pastelería","Alimentos y Bebidas","Torta de cumpleaños | Cheesecake | Alfajores | Brownies | Cupcakes | Tarta de frutas | Merengue | Keke de zanahoria"
"Alimentos y Bebidas/10-cuentas-por-cobrar-Pasteleria.xlsx","Cuentas por Cobrar","Pastelería","Alimentos y Bebidas","Torta de cumpleaños | Cheesecake | Alfajores | Brownies | Cupcakes | Tarta de frutas | Merengue | Keke de zanahoria"
"Alimentos y Bebidas/11-caja-diaria-Pasteleria.xlsx","Caja Diaria","Pastelería","Alimentos y Bebidas","Torta de cumpleaños | Cheesecake | Alfajores | Brownies | Cupcakes | Tarta de frutas | Merengue | Keke de zanahoria"
"Alimentos y Bebidas/12-compras-proveedores-Pasteleria.xlsx","Compras y Proveedores","Pastelería","Alimentos y Bebidas","Torta de cumpleaños | Cheesecake | Alfajores | Brownies | Cupcakes | Tarta de frutas | Merengue | Keke de zanahoria"
"Alimentos y Bebidas/13-balance-general-Pasteleria.xlsx","Balance General","Pastelería","Alimentos y Bebidas","Torta de cumpleaños | Cheesecake | Alfajores | Brownies | Cupcakes | Tarta de frutas | Merengue | Keke de zanahoria"
"Alimentos y Bebidas/14-estado-resultados-Pasteleria.xlsx","Estado de Resultados","Pastelería","Alimentos y Bebidas","Torta de cumpleaños | Cheesecake | Alfajores | Brownies | Cupcakes | Tarta de frutas | Merengue | Keke de zanahoria"
"Alimentos y Bebidas/15-flujo-efectivo-indirecto-Pasteleria.xlsx","Flujo de Efectivo Indirecto","Pastelería","Alimentos y Bebidas","Torta de cumpleaños | Cheesecake | Alfajores | Brownies | Cupcakes | Tarta de frutas | Merengue | Keke de zanahoria"
"Alimentos y Bebidas/16-conciliacion-bancaria-Pasteleria.xlsx","Conciliación Bancaria","Pastelería","Alimentos y Bebidas","Torta de cumpleaños | Cheesecake | Alfajores | Brownies | Cupcakes | Tarta de frutas | Merengue | Keke de zanahoria"
"Alimentos y Bebidas/17-libro-diario-Pasteleria.xlsx","Libro Diario y Mayor","Pastelería","Alimentos y Bebidas","Torta de cumpleaños | Cheesecake | Alfajores | Brownies | Cupcakes | Tarta de frutas | Merengue | Keke de zanahoria"
"Alimentos y Bebidas/18-ratios-financieros-Pasteleria.xlsx","Ratios Financieros","Pastelería","Alimentos y Bebidas","Torta de cumpleaños | Cheesecake | Alfajores | Brownies | Cupcakes | Tarta de frutas | Merengue | Keke de zanahoria"
"Alimentos y Bebidas/19-control-tributario-Pasteleria.xlsx","Control Tributario","Pastelería","Alimentos y Bebidas","Torta de cumpleaños | Cheesecake | Alfajores | Brownies | Cupcakes | Tarta de frutas | Merengue | Keke de zanahoria"
"Alimentos y Bebidas/20-presupuesto-centros-costo-Pasteleria.xlsx","Presupuesto Centros de Costo","Pastelería","Alimentos y Bebidas","Torta de cumpleaños | Cheesecake | Alfajores | Brownies | Cupcakes | Tarta de frutas | Merengue | Keke de zanahoria"
"Alimentos y Bebidas/21-activos-fijos-Pasteleria.xlsx","Activos Fijos y Depreciación","Pastelería","Alimentos y Bebidas","Torta de cumpleaños | Cheesecake | Alfajores | Brownies | Cupcakes | Tarta de frutas | Merengue | Keke de zanahoria"
"Alimentos y Bebidas/22-punto-equilibrio-Pasteleria.xlsx","Punto de Equilibrio","Pastelería","Alimentos y Bebidas","Torta de cumpleaños | Cheesecake | Alfajores | Brownies | Cupcakes | Tarta de frutas | Merengue | Keke de zanahoria"
"Alimentos y Bebidas/23-estados-comparativos-Pasteleria.xlsx","Estados Comparativos 3 Años","Pastelería","Alimentos y Bebidas","Torta de cumpleaños | Cheesecake | Alfajores | Brownies | Cupcakes | Tarta de frutas | Merengue | Keke de zanahoria"
"Alimentos y Bebidas/24-costeo-ordenes-Pasteleria.xlsx","Costeo porÓrdenes de Trabajo","Pastelería","Alimentos y Bebidas","Torta de cumpleaños | Cheesecake | Alfajores | Brownies | Cupcakes | Tarta de frutas | Merengue | Keke de zanahoria"
"Alimentos y Bebidas/25-calculadora-cts-Pasteleria.xlsx","Calculadora CTS","Pastelería","Alimentos y Bebidas","Torta de cumpleaños | Cheesecake | Alfajores | Brownies | Cupcakes | Tarta de frutas | Merengue | Keke de zanahoria"
"Alimentos y Bebidas/26-gratificaciones-Pasteleria.xlsx","Calculadora Gratificaciones","Pastelería","Alimentos y Bebidas","Torta de cumpleaños | Cheesecake | Alfajores | Brownies | Cupcakes | Tarta de frutas | Merengue | Keke de zanahoria"
"Alimentos y Bebidas/27-amortizacion-Pasteleria.xlsx","Cuadro de Amortización","Pastelería","Alimentos y Bebidas","Torta de cumpleaños | Cheesecake | Alfajores | Brownies | Cupcakes | Tarta de frutas | Merengue | Keke de zanahoria"
"Alimentos y Bebidas/28-vacaciones-Pasteleria.xlsx","Calculadora Vacaciones","Pastelería","Alimentos y Bebidas","Torta de cumpleaños | Cheesecake | Alfajores | Brownies | Cupcakes | Tarta de frutas | Merengue | Keke de zanahoria"
"Alimentos y Bebidas/29-afp-onp-Pasteleria.xlsx","Calculadora AFP/ONP","Pastelería","Alimentos y Bebidas","Torta de cumpleaños | Cheesecake | Alfajores | Brownies | Cupcakes | Tarta de frutas | Merengue | Keke de zanahoria"
"Alimentos y Bebidas/30-nomina-Pasteleria.xlsx","Calculadora Nómina","Pastelería","Alimentos y Bebidas","Torta de cumpleaños | Cheesecake | Alfajores | Brownies | Cupcakes | Tarta de frutas | Merengue | Keke de zanahoria"
"Alimentos y Bebidas/31-roi-Pasteleria.xlsx","Calculadora ROI","Pastelería","Alimentos y Bebidas","Torta de cumpleaños | Cheesecake | Alfajores | Brownies | Cupcakes | Tarta de frutas | Merengue | Keke de zanahoria"
"Alimentos y Bebidas/32-ipc-Pasteleria.xlsx","Calculadora IPC","Pastelería","Alimentos y Bebidas","Torta de cumpleaños | Cheesecake | Alfajores | Brownies | Cupcakes | Tarta de frutas | Merengue | Keke de zanahoria"
"Alimentos y Bebidas/33-endeudamiento-Pasteleria.xlsx","Capacidad Endeudamiento","Pastelería","Alimentos y Bebidas","Torta de cumpleaños | Cheesecake | Alfajores | Brownies | Cupcakes | Tarta de frutas | Merengue | Keke de zanahoria"
"Alimentos y Bebidas/34-proyeccion-flujo-Pasteleria.xlsx","Proyección Flujo de Caja","Pastelería","Alimentos y Bebidas","Torta de cumpleaños | Cheesecake | Alfajores | Brownies | Cupcakes | Tarta de frutas | Merengue | Keke de zanahoria"
"Alimentos y Bebidas/01-dashboard-financiero-Cafeteria.xlsx","Dashboard Financiero","Cafetería","Alimentos y Bebidas","Café americano | Capuchino | Latte | Capuccino frío | Sandwich | Croissant | Jugo natural | Té en sobre"
"Alimentos y Bebidas/02-control-ventas-Cafeteria.xlsx","Control de Ventas","Cafetería","Alimentos y Bebidas","Café americano | Capuchino | Latte | Capuccino frío | Sandwich | Croissant | Jugo natural | Té en sobre"
"Alimentos y Bebidas/03-inventario-Cafeteria.xlsx","Control de Inventario","Cafetería","Alimentos y Bebidas","Café americano | Capuchino | Latte | Capuccino frío | Sandwich | Croissant | Jugo natural | Té en sobre"
"Alimentos y Bebidas/04-presupuesto-anual-Cafeteria.xlsx","Presupuesto Anual","Cafetería","Alimentos y Bebidas","Café americano | Capuchino | Latte | Capuccino frío | Sandwich | Croissant | Jugo natural | Té en sobre"
"Alimentos y Bebidas/05-flujo-de-caja-Cafeteria.xlsx","Flujo de Caja","Cafetería","Alimentos y Bebidas","Café americano | Capuchino | Latte | Capuccino frío | Sandwich | Croissant | Jugo natural | Té en sobre"
"Alimentos y Bebidas/06-gestion-proyectos-Cafeteria.xlsx","Gestión de Proyectos","Cafetería","Alimentos y Bebidas","Café americano | Capuchino | Latte | Capuccino frío | Sandwich | Croissant | Jugo natural | Té en sobre"
"Alimentos y Bebidas/07-analisis-kpis-Cafeteria.xlsx","Análisis de KPIs","Cafetería","Alimentos y Bebidas","Café americano | Capuchino | Latte | Capuccino frío | Sandwich | Croissant | Jugo natural | Té en sobre"
"Alimentos y Bebidas/08-control-gastos-Cafeteria.xlsx","Control de Gastos","Cafetería","Alimentos y Bebidas","Café americano | Capuchino | Latte | Capuccino frío | Sandwich | Croissant | Jugo natural | Té en sobre"
"Alimentos y Bebidas/09-planilla-personal-Cafeteria.xlsx","Planilla de Personal","Cafetería","Alimentos y Bebidas","Café americano | Capuchino | Latte | Capuccino frío | Sandwich | Croissant | Jugo natural | Té en sobre"
"Alimentos y Bebidas/10-cuentas-por-cobrar-Cafeteria.xlsx","Cuentas por Cobrar","Cafetería","Alimentos y Bebidas","Café americano | Capuchino | Latte | Capuccino frío | Sandwich | Croissant | Jugo natural | Té en sobre"
"Alimentos y Bebidas/11-caja-diaria-Cafeteria.xlsx","Caja Diaria","Cafetería","Alimentos y Bebidas","Café americano | Capuchino | Latte | Capuccino frío | Sandwich | Croissant | Jugo natural | Té en sobre"
"Alimentos y Bebidas/12-compras-proveedores-Cafeteria.xlsx","Compras y Proveedores","Cafetería","Alimentos y Bebidas","Café americano | Capuchino | Latte | Capuccino frío | Sandwich | Croissant | Jugo natural | Té en sobre"
"Alimentos y Bebidas/13-balance-general-Cafeteria.xlsx","Balance General","Cafetería","Alimentos y Bebidas","Café americano | Capuchino | Latte | Capuccino frío | Sandwich | Croissant | Jugo natural | Té en sobre"
"Alimentos y Bebidas/14-estado-resultados-Cafeteria.xlsx","Estado de Resultados","Cafetería","Alimentos y Bebidas","Café americano | Capuchino | Latte | Capuccino frío | Sandwich | Croissant | Jugo natural | Té en sobre"
"Alimentos y Bebidas/15-flujo-efectivo-indirecto-Cafeteria.xlsx","Flujo de Efectivo Indirecto","Cafetería","Alimentos y Bebidas","Café americano | Capuchino | Latte | Capuccino frío | Sandwich | Croissant | Jugo natural | Té en sobre"
"Alimentos y Bebidas/16-conciliacion-bancaria-Cafeteria.xlsx","Conciliación Bancaria","Cafetería","Alimentos y Bebidas","Café americano | Capuchino | Latte | Capuccino frío | Sandwich | Croissant | Jugo natural | Té en sobre"
"Alimentos y Bebidas/17-libro-diario-Cafeteria.xlsx","Libro Diario y Mayor","Cafetería","Alimentos y Bebidas","Café americano | Capuchino | Latte | Capuccino frío | Sandwich | Croissant | Jugo natural | Té en sobre"
"Alimentos y Bebidas/18-ratios-financieros-Cafeteria.xlsx","Ratios Financieros","Cafetería","Alimentos y Bebidas","Café americano | Capuchino | Latte | Capuccino frío | Sandwich | Croissant | Jugo natural | Té en sobre"
"Alimentos y Bebidas/19-control-tributario-Cafeteria.xlsx","Control Tributario","Cafetería","Alimentos y Bebidas","Café americano | Capuchino | Latte | Capuccino frío | Sandwich | Croissant | Jugo natural | Té en sobre"
"Alimentos y Bebidas/20-presupuesto-centros-costo-Cafeteria.xlsx","Presupuesto Centros de Costo","Cafetería","Alimentos y Bebidas","Café americano | Capuchino | Latte | Capuccino frío | Sandwich | Croissant | Jugo natural | Té en sobre"
"Alimentos y Bebidas/21-activos-fijos-Cafeteria.xlsx","Activos Fijos y Depreciación","Cafetería","Alimentos y Bebidas","Café americano | Capuchino | Latte | Capuccino frío | Sandwich | Croissant | Jugo natural | Té en sobre"
"Alimentos y Bebidas/22-punto-equilibrio-Cafeteria.xlsx","Punto de Equilibrio","Cafetería","Alimentos y Bebidas","Café americano | Capuchino | Latte | Capuccino frío | Sandwich | Croissant | Jugo natural | Té en sobre"
"Alimentos y Bebidas/23-estados-comparativos-Cafeteria.xlsx","Estados Comparativos 3 Años","Cafetería","Alimentos y Bebidas","Café americano | Capuchino | Latte | Capuccino frío | Sandwich | Croissant | Jugo natural | Té en sobre"
"Alimentos y Bebidas/24-costeo-ordenes-Cafeteria.xlsx","Costeo porÓrdenes de Trabajo","Cafetería","Alimentos y Bebidas","Café americano | Capuchino | Latte | Capuccino frío | Sandwich | Croissant | Jugo natural | Té en sobre"
"Alimentos y Bebidas/25-calculadora-cts-Cafeteria.xlsx","Calculadora CTS","Cafetería","Alimentos y Bebidas","Café americano | Capuchino | Latte | Capuccino frío | Sandwich | Croissant | Jugo natural | Té en sobre"
"Alimentos y Bebidas/26-gratificaciones-Cafeteria.xlsx","Calculadora Gratificaciones","Cafetería","Alimentos y Bebidas","Café americano | Capuchino | Latte | Capuccino frío | Sandwich | Croissant | Jugo natural | Té en sobre"
"Alimentos y Bebidas/27-amortizacion-Cafeteria.xlsx","Cuadro de Amortización","Cafetería","Alimentos y Bebidas","Café americano | Capuchino | Latte | Capuccino frío | Sandwich | Croissant | Jugo natural | Té en sobre"
"Alimentos y Bebidas/28-vacaciones-Cafeteria.xlsx","Calculadora Vacaciones","Cafetería","Alimentos y Bebidas","Café americano | Capuchino | Latte | Capuccino frío | Sandwich | Croissant | Jugo natural | Té en sobre"
"Alimentos y Bebidas/29-afp-onp-Cafeteria.xlsx","Calculadora AFP/ONP","Cafetería","Alimentos y Bebidas","Café americano | Capuchino | Latte | Capuccino frío | Sandwich | Croissant | Jugo natural | Té en sobre"
"Alimentos y Bebidas/30-nomina-Cafeteria.xlsx","Calculadora Nómina","Cafetería","Alimentos y Bebidas","Café americano | Capuchino | Latte | Capuccino frío | Sandwich | Croissant | Jugo natural | Té en sobre"
"Alimentos y Bebidas/31-roi-Cafeteria.xlsx","Calculadora ROI","Cafetería","Alimentos y Bebidas","Café americano | Capuchino | Latte | Capuccino frío | Sandwich | Croissant | Jugo natural | Té en sobre"
"Alimentos y Bebidas/32-ipc-Cafeteria.xlsx","Calculadora IPC","Cafetería","Alimentos y Bebidas","Café americano | Capuchino | Latte | Capuccino frío | Sandwich | Croissant | Jugo natural | Té en sobre"
"Alimentos y Bebidas/33-endeudamiento-Cafeteria.xlsx","Capacidad Endeudamiento","Cafetería","Alimentos y Bebidas","Café americano | Capuchino | Latte | Capuccino frío | Sandwich | Croissant | Jugo natural | Té en sobre"
"Alimentos y Bebidas/34-proyeccion-flujo-Cafeteria.xlsx","Proyección Flujo de Caja","Cafetería","Alimentos y Bebidas","Café americano | Capuchino | Latte | Capuccino frío | Sandwich | Croissant | Jugo natural | Té en sobre"
"Alimentos y Bebidas/01-dashboard-financiero-Jugueria.xlsx","Dashboard Financiero","Juguería","Alimentos y Bebidas","Jugo de papaya | Jugo surtido | Limonada | Chicha morada | Emoliente | Ensalada de frutas | Licuado de plátano | Jugo de naranja"
"Alimentos y Bebidas/02-control-ventas-Jugueria.xlsx","Control de Ventas","Juguería","Alimentos y Bebidas","Jugo de papaya | Jugo surtido | Limonada | Chicha morada | Emoliente | Ensalada de frutas | Licuado de plátano | Jugo de naranja"
"Alimentos y Bebidas/03-inventario-Jugueria.xlsx","Control de Inventario","Juguería","Alimentos y Bebidas","Jugo de papaya | Jugo surtido | Limonada | Chicha morada | Emoliente | Ensalada de frutas | Licuado de plátano | Jugo de naranja"
"Alimentos y Bebidas/04-presupuesto-anual-Jugueria.xlsx","Presupuesto Anual","Juguería","Alimentos y Bebidas","Jugo de papaya | Jugo surtido | Limonada | Chicha morada | Emoliente | Ensalada de frutas | Licuado de plátano | Jugo de naranja"
"Alimentos y Bebidas/05-flujo-de-caja-Jugueria.xlsx","Flujo de Caja","Juguería","Alimentos y Bebidas","Jugo de papaya | Jugo surtido | Limonada | Chicha morada | Emoliente | Ensalada de frutas | Licuado de plátano | Jugo de naranja"
"Alimentos y Bebidas/06-gestion-proyectos-Jugueria.xlsx","Gestión de Proyectos","Juguería","Alimentos y Bebidas","Jugo de papaya | Jugo surtido | Limonada | Chicha morada | Emoliente | Ensalada de frutas | Licuado de plátano | Jugo de naranja"
"Alimentos y Bebidas/07-analisis-kpis-Jugueria.xlsx","Análisis de KPIs","Juguería","Alimentos y Bebidas","Jugo de papaya | Jugo surtido | Limonada | Chicha morada | Emoliente | Ensalada de frutas | Licuado de plátano | Jugo de naranja"
"Alimentos y Bebidas/08-control-gastos-Jugueria.xlsx","Control de Gastos","Juguería","Alimentos y Bebidas","Jugo de papaya | Jugo surtido | Limonada | Chicha morada | Emoliente | Ensalada de frutas | Licuado de plátano | Jugo de naranja"
"Alimentos y Bebidas/09-planilla-personal-Jugueria.xlsx","Planilla de Personal","Juguería","Alimentos y Bebidas","Jugo de papaya | Jugo surtido | Limonada | Chicha morada | Emoliente | Ensalada de frutas | Licuado de plátano | Jugo de naranja"
"Alimentos y Bebidas/10-cuentas-por-cobrar-Jugueria.xlsx","Cuentas por Cobrar","Juguería","Alimentos y Bebidas","Jugo de papaya | Jugo surtido | Limonada | Chicha morada | Emoliente | Ensalada de frutas | Licuado de plátano | Jugo de naranja"
"Alimentos y Bebidas/11-caja-diaria-Jugueria.xlsx","Caja Diaria","Juguería","Alimentos y Bebidas","Jugo de papaya | Jugo surtido | Limonada | Chicha morada | Emoliente | Ensalada de frutas | Licuado de plátano | Jugo de naranja"
"Alimentos y Bebidas/12-compras-proveedores-Jugueria.xlsx","Compras y Proveedores","Juguería","Alimentos y Bebidas","Jugo de papaya | Jugo surtido | Limonada | Chicha morada | Emoliente | Ensalada de frutas | Licuado de plátano | Jugo de naranja"
"Alimentos y Bebidas/13-balance-general-Jugueria.xlsx","Balance General","Juguería","Alimentos y Bebidas","Jugo de papaya | Jugo surtido | Limonada | Chicha morada | Emoliente | Ensalada de frutas | Licuado de plátano | Jugo de naranja"
"Alimentos y Bebidas/14-estado-resultados-Jugueria.xlsx","Estado de Resultados","Juguería","Alimentos y Bebidas","Jugo de papaya | Jugo surtido | Limonada | Chicha morada | Emoliente | Ensalada de frutas | Licuado de plátano | Jugo de naranja"
"Alimentos y Bebidas/15-flujo-efectivo-indirecto-Jugueria.xlsx","Flujo de Efectivo Indirecto","Juguería","Alimentos y Bebidas","Jugo de papaya | Jugo surtido | Limonada | Chicha morada | Emoliente | Ensalada de frutas | Licuado de plátano | Jugo de naranja"
"Alimentos y Bebidas/16-conciliacion-bancaria-Jugueria.xlsx","Conciliación Bancaria","Juguería","Alimentos y Bebidas","Jugo de papaya | Jugo surtido | Limonada | Chicha morada | Emoliente | Ensalada de frutas | Licuado de plátano | Jugo de naranja"
"Alimentos y Bebidas/17-libro-diario-Jugueria.xlsx","Libro Diario y Mayor","Juguería","Alimentos y Bebidas","Jugo de papaya | Jugo surtido | Limonada | Chicha morada | Emoliente | Ensalada de frutas | Licuado de plátano | Jugo de naranja"
"Alimentos y Bebidas/18-ratios-financieros-Jugueria.xlsx","Ratios Financieros","Juguería","Alimentos y Bebidas","Jugo de papaya | Jugo surtido | Limonada | Chicha morada | Emoliente | Ensalada de frutas | Licuado de plátano | Jugo de naranja"
"Alimentos y Bebidas/19-control-tributario-Jugueria.xlsx","Control Tributario","Juguería","Alimentos y Bebidas","Jugo de papaya | Jugo surtido | Limonada | Chicha morada | Emoliente | Ensalada de frutas | Licuado de plátano | Jugo de naranja"
"Alimentos y Bebidas/20-presupuesto-centros-costo-Jugueria.xlsx","Presupuesto Centros de Costo","Juguería","Alimentos y Bebidas","Jugo de papaya | Jugo surtido | Limonada | Chicha morada | Emoliente | Ensalada de frutas | Licuado de plátano | Jugo de naranja"
"Alimentos y Bebidas/21-activos-fijos-Jugueria.xlsx","Activos Fijos y Depreciación","Juguería","Alimentos y Bebidas","Jugo de papaya | Jugo surtido | Limonada | Chicha morada | Emoliente | Ensalada de frutas | Licuado de plátano | Jugo de naranja"
"Alimentos y Bebidas/22-punto-equilibrio-Jugueria.xlsx","Punto de Equilibrio","Juguería","Alimentos y Bebidas","Jugo de papaya | Jugo surtido | Limonada | Chicha morada | Emoliente | Ensalada de frutas | Licuado de plátano | Jugo de naranja"
"Alimentos y Bebidas/23-estados-comparativos-Jugueria.xlsx","Estados Comparativos 3 Años","Juguería","Alimentos y Bebidas","Jugo de papaya | Jugo surtido | Limonada | Chicha morada | Emoliente | Ensalada de frutas | Licuado de plátano | Jugo de naranja"
"Alimentos y Bebidas/24-costeo-ordenes-Jugueria.xlsx","Costeo porÓrdenes de Trabajo","Juguería","Alimentos y Bebidas","Jugo de papaya | Jugo surtido | Limonada | Chicha morada | Emoliente | Ensalada de frutas | Licuado de plátano | Jugo de naranja"
"Alimentos y Bebidas/25-calculadora-cts-Jugueria.xlsx","Calculadora CTS","Juguería","Alimentos y Bebidas","Jugo de papaya | Jugo surtido | Limonada | Chicha morada | Emoliente | Ensalada de frutas | Licuado de plátano | Jugo de naranja"
"Alimentos y Bebidas/26-gratificaciones-Jugueria.xlsx","Calculadora Gratificaciones","Juguería","Alimentos y Bebidas","Jugo de papaya | Jugo surtido | Limonada | Chicha morada | Emoliente | Ensalada de frutas | Licuado de plátano | Jugo de naranja"
"Alimentos y Bebidas/27-amortizacion-Jugueria.xlsx","Cuadro de Amortización","Juguería","Alimentos y Bebidas","Jugo de papaya | Jugo surtido | Limonada | Chicha morada | Emoliente | Ensalada de frutas | Licuado de plátano | Jugo de naranja"
"Alimentos y Bebidas/28-vacaciones-Jugueria.xlsx","Calculadora Vacaciones","Juguería","Alimentos y Bebidas","Jugo de papaya | Jugo surtido | Limonada | Chicha morada | Emoliente | Ensalada de frutas | Licuado de plátano | Jugo de naranja"
"Alimentos y Bebidas/29-afp-onp-Jugueria.xlsx","Calculadora AFP/ONP","Juguería","Alimentos y Bebidas","Jugo de papaya | Jugo surtido | Limonada | Chicha morada | Emoliente | Ensalada de frutas | Licuado de plátano | Jugo de naranja"
"Alimentos y Bebidas/30-nomina-Jugueria.xlsx","Calculadora Nómina","Juguería","Alimentos y Bebidas","Jugo de papaya | Jugo surtido | Limonada | Chicha morada | Emoliente | Ensalada de frutas | Licuado de plátano | Jugo de naranja"
"Alimentos y Bebidas/31-roi-Jugueria.xlsx","Calculadora ROI","Juguería","Alimentos y Bebidas","Jugo de papaya | Jugo surtido | Limonada | Chicha morada | Emoliente | Ensalada de frutas | Licuado de plátano | Jugo de naranja"
"Alimentos y Bebidas/32-ipc-Jugueria.xlsx","Calculadora IPC","Juguería","Alimentos y Bebidas","Jugo de papaya | Jugo surtido | Limonada | Chicha morada | Emoliente | Ensalada de frutas | Licuado de plátano | Jugo de naranja"
"Alimentos y Bebidas/33-endeudamiento-Jugueria.xlsx","Capacidad Endeudamiento","Juguería","Alimentos y Bebidas","Jugo de papaya | Jugo surtido | Limonada | Chicha morada | Emoliente | Ensalada de frutas | Licuado de plátano | Jugo de naranja"
"Alimentos y Bebidas/34-proyeccion-flujo-Jugueria.xlsx","Proyección Flujo de Caja","Juguería","Alimentos y Bebidas","Jugo de papaya | Jugo surtido | Limonada | Chicha morada | Emoliente | Ensalada de frutas | Licuado de plátano | Jugo de naranja"
"Alimentos y Bebidas/01-dashboard-financiero-Comida Rapida.xlsx","Dashboard Financiero","Comida Rápida","Alimentos y Bebidas","Hamburguesa simple | Hamburguesa doble | Salchipapa | Papas fritas | Nuggets | Hot dog | Refresco | Combo pareja"
"Alimentos y Bebidas/02-control-ventas-Comida Rapida.xlsx","Control de Ventas","Comida Rápida","Alimentos y Bebidas","Hamburguesa simple | Hamburguesa doble | Salchipapa | Papas fritas | Nuggets | Hot dog | Refresco | Combo pareja"
"Alimentos y Bebidas/03-inventario-Comida Rapida.xlsx","Control de Inventario","Comida Rápida","Alimentos y Bebidas","Hamburguesa simple | Hamburguesa doble | Salchipapa | Papas fritas | Nuggets | Hot dog | Refresco | Combo pareja"
"Alimentos y Bebidas/04-presupuesto-anual-Comida Rapida.xlsx","Presupuesto Anual","Comida Rápida","Alimentos y Bebidas","Hamburguesa simple | Hamburguesa doble | Salchipapa | Papas fritas | Nuggets | Hot dog | Refresco | Combo pareja"
"Alimentos y Bebidas/05-flujo-de-caja-Comida Rapida.xlsx","Flujo de Caja","Comida Rápida","Alimentos y Bebidas","Hamburguesa simple | Hamburguesa doble | Salchipapa | Papas fritas | Nuggets | Hot dog | Refresco | Combo pareja"
"Alimentos y Bebidas/06-gestion-proyectos-Comida Rapida.xlsx","Gestión de Proyectos","Comida Rápida","Alimentos y Bebidas","Hamburguesa simple | Hamburguesa doble | Salchipapa | Papas fritas | Nuggets | Hot dog | Refresco | Combo pareja"
"Alimentos y Bebidas/07-analisis-kpis-Comida Rapida.xlsx","Análisis de KPIs","Comida Rápida","Alimentos y Bebidas","Hamburguesa simple | Hamburguesa doble | Salchipapa | Papas fritas | Nuggets | Hot dog | Refresco | Combo pareja"
"Alimentos y Bebidas/08-control-gastos-Comida Rapida.xlsx","Control de Gastos","Comida Rápida","Alimentos y Bebidas","Hamburguesa simple | Hamburguesa doble | Salchipapa | Papas fritas | Nuggets | Hot dog | Refresco | Combo pareja"
"Alimentos y Bebidas/09-planilla-personal-Comida Rapida.xlsx","Planilla de Personal","Comida Rápida","Alimentos y Bebidas","Hamburguesa simple | Hamburguesa doble | Salchipapa | Papas fritas | Nuggets | Hot dog | Refresco | Combo pareja"
"Alimentos y Bebidas/10-cuentas-por-cobrar-Comida Rapida.xlsx","Cuentas por Cobrar","Comida Rápida","Alimentos y Bebidas","Hamburguesa simple | Hamburguesa doble | Salchipapa | Papas fritas | Nuggets | Hot dog | Refresco | Combo pareja"
"Alimentos y Bebidas/11-caja-diaria-Comida Rapida.xlsx","Caja Diaria","Comida Rápida","Alimentos y Bebidas","Hamburguesa simple | Hamburguesa doble | Salchipapa | Papas fritas | Nuggets | Hot dog | Refresco | Combo pareja"
"Alimentos y Bebidas/12-compras-proveedores-Comida Rapida.xlsx","Compras y Proveedores","Comida Rápida","Alimentos y Bebidas","Hamburguesa simple | Hamburguesa doble | Salchipapa | Papas fritas | Nuggets | Hot dog | Refresco | Combo pareja"
"Alimentos y Bebidas/13-balance-general-Comida Rapida.xlsx","Balance General","Comida Rápida","Alimentos y Bebidas","Hamburguesa simple | Hamburguesa doble | Salchipapa | Papas fritas | Nuggets | Hot dog | Refresco | Combo pareja"
"Alimentos y Bebidas/14-estado-resultados-Comida Rapida.xlsx","Estado de Resultados","Comida Rápida","Alimentos y Bebidas","Hamburguesa simple | Hamburguesa doble | Salchipapa | Papas fritas | Nuggets | Hot dog | Refresco | Combo pareja"
"Alimentos y Bebidas/15-flujo-efectivo-indirecto-Comida Rapida.xlsx","Flujo de Efectivo Indirecto","Comida Rápida","Alimentos y Bebidas","Hamburguesa simple | Hamburguesa doble | Salchipapa | Papas fritas | Nuggets | Hot dog | Refresco | Combo pareja"
"Alimentos y Bebidas/16-conciliacion-bancaria-Comida Rapida.xlsx","Conciliación Bancaria","Comida Rápida","Alimentos y Bebidas","Hamburguesa simple | Hamburguesa doble | Salchipapa | Papas fritas | Nuggets | Hot dog | Refresco | Combo pareja"
"Alimentos y Bebidas/17-libro-diario-Comida Rapida.xlsx","Libro Diario y Mayor","Comida Rápida","Alimentos y Bebidas","Hamburguesa simple | Hamburguesa doble | Salchipapa | Papas fritas | Nuggets | Hot dog | Refresco | Combo pareja"
"Alimentos y Bebidas/18-ratios-financieros-Comida Rapida.xlsx","Ratios Financieros","Comida Rápida","Alimentos y Bebidas","Hamburguesa simple | Hamburguesa doble | Salchipapa | Papas fritas | Nuggets | Hot dog | Refresco | Combo pareja"
"Alimentos y Bebidas/19-control-tributario-Comida Rapida.xlsx","Control Tributario","Comida Rápida","Alimentos y Bebidas","Hamburguesa simple | Hamburguesa doble | Salchipapa | Papas fritas | Nuggets | Hot dog | Refresco | Combo pareja"
"Alimentos y Bebidas/20-presupuesto-centros-costo-Comida Rapida.xlsx","Presupuesto Centros de Costo","Comida Rápida","Alimentos y Bebidas","Hamburguesa simple | Hamburguesa doble | Salchipapa | Papas fritas | Nuggets | Hot dog | Refresco | Combo pareja"
"Alimentos y Bebidas/21-activos-fijos-Comida Rapida.xlsx","Activos Fijos y Depreciación","Comida Rápida","Alimentos y Bebidas","Hamburguesa simple | Hamburguesa doble | Salchipapa | Papas fritas | Nuggets | Hot dog | Refresco | Combo pareja"
"Alimentos y Bebidas/22-punto-equilibrio-Comida Rapida.xlsx","Punto de Equilibrio","Comida Rápida","Alimentos y Bebidas","Hamburguesa simple | Hamburguesa doble | Salchipapa | Papas fritas | Nuggets | Hot dog | Refresco | Combo pareja"
"Alimentos y Bebidas/23-estados-comparativos-Comida Rapida.xlsx","Estados Comparativos 3 Años","Comida Rápida","Alimentos y Bebidas","Hamburguesa simple | Hamburguesa doble | Salchipapa | Papas fritas | Nuggets | Hot dog | Refresco | Combo pareja"
"Alimentos y Bebidas/24-costeo-ordenes-Comida Rapida.xlsx","Costeo porÓrdenes de Trabajo","Comida Rápida","Alimentos y Bebidas","Hamburguesa simple | Hamburguesa doble | Salchipapa | Papas fritas | Nuggets | Hot dog | Refresco | Combo pareja"
"Alimentos y Bebidas/25-calculadora-cts-Comida Rapida.xlsx","Calculadora CTS","Comida Rápida","Alimentos y Bebidas","Hamburguesa simple | Hamburguesa doble | Salchipapa | Papas fritas | Nuggets | Hot dog | Refresco | Combo pareja"
"Alimentos y Bebidas/26-gratificaciones-Comida Rapida.xlsx","Calculadora Gratificaciones","Comida Rápida","Alimentos y Bebidas","Hamburguesa simple | Hamburguesa doble | Salchipapa | Papas fritas | Nuggets | Hot dog | Refresco | Combo pareja"
"Alimentos y Bebidas/27-amortizacion-Comida Rapida.xlsx","Cuadro de Amortización","Comida Rápida","Alimentos y Bebidas","Hamburguesa simple | Hamburguesa doble | Salchipapa | Papas fritas | Nuggets | Hot dog | Refresco | Combo pareja"
"Alimentos y Bebidas/28-vacaciones-Comida Rapida.xlsx","Calculadora Vacaciones","Comida Rápida","Alimentos y Bebidas","Hamburguesa simple | Hamburguesa doble | Salchipapa | Papas fritas | Nuggets | Hot dog | Refresco | Combo pareja"
"Alimentos y Bebidas/29-afp-onp-Comida Rapida.xlsx","Calculadora AFP/ONP","Comida Rápida","Alimentos y Bebidas","Hamburguesa simple | Hamburguesa doble | Salchipapa | Papas fritas | Nuggets | Hot dog | Refresco | Combo pareja"
"Alimentos y Bebidas/30-nomina-Comida Rapida.xlsx","Calculadora Nómina","Comida Rápida","Alimentos y Bebidas","Hamburguesa simple | Hamburguesa doble | Salchipapa | Papas fritas | Nuggets | Hot dog | Refresco | Combo pareja"
"Alimentos y Bebidas/31-roi-Comida Rapida.xlsx","Calculadora ROI","Comida Rápida","Alimentos y Bebidas","Hamburguesa simple | Hamburguesa doble | Salchipapa | Papas fritas | Nuggets | Hot dog | Refresco | Combo pareja"
"Alimentos y Bebidas/32-ipc-Comida Rapida.xlsx","Calculadora IPC","Comida Rápida","Alimentos y Bebidas","Hamburguesa simple | Hamburguesa doble | Salchipapa | Papas fritas | Nuggets | Hot dog | Refresco | Combo pareja"
"Alimentos y Bebidas/33-endeudamiento-Comida Rapida.xlsx","Capacidad Endeudamiento","Comida Rápida","Alimentos y Bebidas","Hamburguesa simple | Hamburguesa doble | Salchipapa | Papas fritas | Nuggets | Hot dog | Refresco | Combo pareja"
"Alimentos y Bebidas/34-proyeccion-flujo-Comida Rapida.xlsx","Proyección Flujo de Caja","Comida Rápida","Alimentos y Bebidas","Hamburguesa simple | Hamburguesa doble | Salchipapa | Papas fritas | Nuggets | Hot dog | Refresco | Combo pareja"
"Alimentos y Bebidas/01-dashboard-financiero-Pizzeria.xlsx","Dashboard Financiero","Pizzería","Alimentos y Bebidas","Pizza familiar | Pizza mediana | Pizza personal | Lasagna | Pasta al pesto | Borde de queso | Gaseosa | Pan al ajo"
"Alimentos y Bebidas/02-control-ventas-Pizzeria.xlsx","Control de Ventas","Pizzería","Alimentos y Bebidas","Pizza familiar | Pizza mediana | Pizza personal | Lasagna | Pasta al pesto | Borde de queso | Gaseosa | Pan al ajo"
"Alimentos y Bebidas/03-inventario-Pizzeria.xlsx","Control de Inventario","Pizzería","Alimentos y Bebidas","Pizza familiar | Pizza mediana | Pizza personal | Lasagna | Pasta al pesto | Borde de queso | Gaseosa | Pan al ajo"
"Alimentos y Bebidas/04-presupuesto-anual-Pizzeria.xlsx","Presupuesto Anual","Pizzería","Alimentos y Bebidas","Pizza familiar | Pizza mediana | Pizza personal | Lasagna | Pasta al pesto | Borde de queso | Gaseosa | Pan al ajo"
"Alimentos y Bebidas/05-flujo-de-caja-Pizzeria.xlsx","Flujo de Caja","Pizzería","Alimentos y Bebidas","Pizza familiar | Pizza mediana | Pizza personal | Lasagna | Pasta al pesto | Borde de queso | Gaseosa | Pan al ajo"
"Alimentos y Bebidas/06-gestion-proyectos-Pizzeria.xlsx","Gestión de Proyectos","Pizzería","Alimentos y Bebidas","Pizza familiar | Pizza mediana | Pizza personal | Lasagna | Pasta al pesto | Borde de queso | Gaseosa | Pan al ajo"
"Alimentos y Bebidas/07-analisis-kpis-Pizzeria.xlsx","Análisis de KPIs","Pizzería","Alimentos y Bebidas","Pizza familiar | Pizza mediana | Pizza personal | Lasagna | Pasta al pesto | Borde de queso | Gaseosa | Pan al ajo"
"Alimentos y Bebidas/08-control-gastos-Pizzeria.xlsx","Control de Gastos","Pizzería","Alimentos y Bebidas","Pizza familiar | Pizza mediana | Pizza personal | Lasagna | Pasta al pesto | Borde de queso | Gaseosa | Pan al ajo"
"Alimentos y Bebidas/09-planilla-personal-Pizzeria.xlsx","Planilla de Personal","Pizzería","Alimentos y Bebidas","Pizza familiar | Pizza mediana | Pizza personal | Lasagna | Pasta al pesto | Borde de queso | Gaseosa | Pan al ajo"
"Alimentos y Bebidas/10-cuentas-por-cobrar-Pizzeria.xlsx","Cuentas por Cobrar","Pizzería","Alimentos y Bebidas","Pizza familiar | Pizza mediana | Pizza personal | Lasagna | Pasta al pesto | Borde de queso | Gaseosa | Pan al ajo"
"Alimentos y Bebidas/11-caja-diaria-Pizzeria.xlsx","Caja Diaria","Pizzería","Alimentos y Bebidas","Pizza familiar | Pizza mediana | Pizza personal | Lasagna | Pasta al pesto | Borde de queso | Gaseosa | Pan al ajo"
"Alimentos y Bebidas/12-compras-proveedores-Pizzeria.xlsx","Compras y Proveedores","Pizzería","Alimentos y Bebidas","Pizza familiar | Pizza mediana | Pizza personal | Lasagna | Pasta al pesto | Borde de queso | Gaseosa | Pan al ajo"
"Alimentos y Bebidas/13-balance-general-Pizzeria.xlsx","Balance General","Pizzería","Alimentos y Bebidas","Pizza familiar | Pizza mediana | Pizza personal | Lasagna | Pasta al pesto | Borde de queso | Gaseosa | Pan al ajo"
"Alimentos y Bebidas/14-estado-resultados-Pizzeria.xlsx","Estado de Resultados","Pizzería","Alimentos y Bebidas","Pizza familiar | Pizza mediana | Pizza personal | Lasagna | Pasta al pesto | Borde de queso | Gaseosa | Pan al ajo"
"Alimentos y Bebidas/15-flujo-efectivo-indirecto-Pizzeria.xlsx","Flujo de Efectivo Indirecto","Pizzería","Alimentos y Bebidas","Pizza familiar | Pizza mediana | Pizza personal | Lasagna | Pasta al pesto | Borde de queso | Gaseosa | Pan al ajo"
"Alimentos y Bebidas/16-conciliacion-bancaria-Pizzeria.xlsx","Conciliación Bancaria","Pizzería","Alimentos y Bebidas","Pizza familiar | Pizza mediana | Pizza personal | Lasagna | Pasta al pesto | Borde de queso | Gaseosa | Pan al ajo"
"Alimentos y Bebidas/17-libro-diario-Pizzeria.xlsx","Libro Diario y Mayor","Pizzería","Alimentos y Bebidas","Pizza familiar | Pizza mediana | Pizza personal | Lasagna | Pasta al pesto | Borde de queso | Gaseosa | Pan al ajo"
"Alimentos y Bebidas/18-ratios-financieros-Pizzeria.xlsx","Ratios Financieros","Pizzería","Alimentos y Bebidas","Pizza familiar | Pizza mediana | Pizza personal | Lasagna | Pasta al pesto | Borde de queso | Gaseosa | Pan al ajo"
"Alimentos y Bebidas/19-control-tributario-Pizzeria.xlsx","Control Tributario","Pizzería","Alimentos y Bebidas","Pizza familiar | Pizza mediana | Pizza personal | Lasagna | Pasta al pesto | Borde de queso | Gaseosa | Pan al ajo"
"Alimentos y Bebidas/20-presupuesto-centros-costo-Pizzeria.xlsx","Presupuesto Centros de Costo","Pizzería","Alimentos y Bebidas","Pizza familiar | Pizza mediana | Pizza personal | Lasagna | Pasta al pesto | Borde de queso | Gaseosa | Pan al ajo"
"Alimentos y Bebidas/21-activos-fijos-Pizzeria.xlsx","Activos Fijos y Depreciación","Pizzería","Alimentos y Bebidas","Pizza familiar | Pizza mediana | Pizza personal | Lasagna | Pasta al pesto | Borde de queso | Gaseosa | Pan al ajo"
"Alimentos y Bebidas/22-punto-equilibrio-Pizzeria.xlsx","Punto de Equilibrio","Pizzería","Alimentos y Bebidas","Pizza familiar | Pizza mediana | Pizza personal | Lasagna | Pasta al pesto | Borde de queso | Gaseosa | Pan al ajo"
"Alimentos y Bebidas/23-estados-comparativos-Pizzeria.xlsx","Estados Comparativos 3 Años","Pizzería","Alimentos y Bebidas","Pizza familiar | Pizza mediana | Pizza personal | Lasagna | Pasta al pesto | Borde de queso | Gaseosa | Pan al ajo"
"Alimentos y Bebidas/24-costeo-ordenes-Pizzeria.xlsx","Costeo porÓrdenes de Trabajo","Pizzería","Alimentos y Bebidas","Pizza familiar | Pizza mediana | Pizza personal | Lasagna | Pasta al pesto | Borde de queso | Gaseosa | Pan al ajo"
"Alimentos y Bebidas/25-calculadora-cts-Pizzeria.xlsx","Calculadora CTS","Pizzería","Alimentos y Bebidas","Pizza familiar | Pizza mediana | Pizza personal | Lasagna | Pasta al pesto | Borde de queso | Gaseosa | Pan al ajo"
"Alimentos y Bebidas/26-gratificaciones-Pizzeria.xlsx","Calculadora Gratificaciones","Pizzería","Alimentos y Bebidas","Pizza familiar | Pizza mediana | Pizza personal | Lasagna | Pasta al pesto | Borde de queso | Gaseosa | Pan al ajo"
"Alimentos y Bebidas/27-amortizacion-Pizzeria.xlsx","Cuadro de Amortización","Pizzería","Alimentos y Bebidas","Pizza familiar | Pizza mediana | Pizza personal | Lasagna | Pasta al pesto | Borde de queso | Gaseosa | Pan al ajo"
"Alimentos y Bebidas/28-vacaciones-Pizzeria.xlsx","Calculadora Vacaciones","Pizzería","Alimentos y Bebidas","Pizza familiar | Pizza mediana | Pizza personal | Lasagna | Pasta al pesto | Borde de queso | Gaseosa | Pan al ajo"
"Alimentos y Bebidas/29-afp-onp-Pizzeria.xlsx","Calculadora AFP/ONP","Pizzería","Alimentos y Bebidas","Pizza familiar | Pizza mediana | Pizza personal | Lasagna | Pasta al pesto | Borde de queso | Gaseosa | Pan al ajo"
"Alimentos y Bebidas/30-nomina-Pizzeria.xlsx","Calculadora Nómina","Pizzería","Alimentos y Bebidas","Pizza familiar | Pizza mediana | Pizza personal | Lasagna | Pasta al pesto | Borde de queso | Gaseosa | Pan al ajo"
"Alimentos y Bebidas/31-roi-Pizzeria.xlsx","Calculadora ROI","Pizzería","Alimentos y Bebidas","Pizza familiar | Pizza mediana | Pizza personal | Lasagna | Pasta al pesto | Borde de queso | Gaseosa | Pan al ajo"
"Alimentos y Bebidas/32-ipc-Pizzeria.xlsx","Calculadora IPC","Pizzería","Alimentos y Bebidas","Pizza familiar | Pizza mediana | Pizza personal | Lasagna | Pasta al pesto | Borde de queso | Gaseosa | Pan al ajo"
"Alimentos y Bebidas/33-endeudamiento-Pizzeria.xlsx","Capacidad Endeudamiento","Pizzería","Alimentos y Bebidas","Pizza familiar | Pizza mediana | Pizza personal | Lasagna | Pasta al pesto | Borde de queso | Gaseosa | Pan al ajo"
"Alimentos y Bebidas/34-proyeccion-flujo-Pizzeria.xlsx","Proyección Flujo de Caja","Pizzería","Alimentos y Bebidas","Pizza familiar | Pizza mediana | Pizza personal | Lasagna | Pasta al pesto | Borde de queso | Gaseosa | Pan al ajo"
"Alimentos y Bebidas/01-dashboard-financiero-Heladeria.xlsx","Dashboard Financiero","Heladería","Alimentos y Bebidas","Copa de helado | Cono simple | Cono doble | Milkshake | Banana split | Helado 1L | Sundae | Granizado"
"Alimentos y Bebidas/02-control-ventas-Heladeria.xlsx","Control de Ventas","Heladería","Alimentos y Bebidas","Copa de helado | Cono simple | Cono doble | Milkshake | Banana split | Helado 1L | Sundae | Granizado"
"Alimentos y Bebidas/03-inventario-Heladeria.xlsx","Control de Inventario","Heladería","Alimentos y Bebidas","Copa de helado | Cono simple | Cono doble | Milkshake | Banana split | Helado 1L | Sundae | Granizado"
"Alimentos y Bebidas/04-presupuesto-anual-Heladeria.xlsx","Presupuesto Anual","Heladería","Alimentos y Bebidas","Copa de helado | Cono simple | Cono doble | Milkshake | Banana split | Helado 1L | Sundae | Granizado"
"Alimentos y Bebidas/05-flujo-de-caja-Heladeria.xlsx","Flujo de Caja","Heladería","Alimentos y Bebidas","Copa de helado | Cono simple | Cono doble | Milkshake | Banana split | Helado 1L | Sundae | Granizado"
"Alimentos y Bebidas/06-gestion-proyectos-Heladeria.xlsx","Gestión de Proyectos","Heladería","Alimentos y Bebidas","Copa de helado | Cono simple | Cono doble | Milkshake | Banana split | Helado 1L | Sundae | Granizado"
"Alimentos y Bebidas/07-analisis-kpis-Heladeria.xlsx","Análisis de KPIs","Heladería","Alimentos y Bebidas","Copa de helado | Cono simple | Cono doble | Milkshake | Banana split | Helado 1L | Sundae | Granizado"
"Alimentos y Bebidas/08-control-gastos-Heladeria.xlsx","Control de Gastos","Heladería","Alimentos y Bebidas","Copa de helado | Cono simple | Cono doble | Milkshake | Banana split | Helado 1L | Sundae | Granizado"
"Alimentos y Bebidas/09-planilla-personal-Heladeria.xlsx","Planilla de Personal","Heladería","Alimentos y Bebidas","Copa de helado | Cono simple | Cono doble | Milkshake | Banana split | Helado 1L | Sundae | Granizado"
"Alimentos y Bebidas/10-cuentas-por-cobrar-Heladeria.xlsx","Cuentas por Cobrar","Heladería","Alimentos y Bebidas","Copa de helado | Cono simple | Cono doble | Milkshake | Banana split | Helado 1L | Sundae | Granizado"
"Alimentos y Bebidas/11-caja-diaria-Heladeria.xlsx","Caja Diaria","Heladería","Alimentos y Bebidas","Copa de helado | Cono simple | Cono doble | Milkshake | Banana split | Helado 1L | Sundae | Granizado"
"Alimentos y Bebidas/12-compras-proveedores-Heladeria.xlsx","Compras y Proveedores","Heladería","Alimentos y Bebidas","Copa de helado | Cono simple | Cono doble | Milkshake | Banana split | Helado 1L | Sundae | Granizado"
"Alimentos y Bebidas/13-balance-general-Heladeria.xlsx","Balance General","Heladería","Alimentos y Bebidas","Copa de helado | Cono simple | Cono doble | Milkshake | Banana split | Helado 1L | Sundae | Granizado"
"Alimentos y Bebidas/14-estado-resultados-Heladeria.xlsx","Estado de Resultados","Heladería","Alimentos y Bebidas","Copa de helado | Cono simple | Cono doble | Milkshake | Banana split | Helado 1L | Sundae | Granizado"
"Alimentos y Bebidas/15-flujo-efectivo-indirecto-Heladeria.xlsx","Flujo de Efectivo Indirecto","Heladería","Alimentos y Bebidas","Copa de helado | Cono simple | Cono doble | Milkshake | Banana split | Helado 1L | Sundae | Granizado"
"Alimentos y Bebidas/16-conciliacion-bancaria-Heladeria.xlsx","Conciliación Bancaria","Heladería","Alimentos y Bebidas","Copa de helado | Cono simple | Cono doble | Milkshake | Banana split | Helado 1L | Sundae | Granizado"
"Alimentos y Bebidas/17-libro-diario-Heladeria.xlsx","Libro Diario y Mayor","Heladería","Alimentos y Bebidas","Copa de helado | Cono simple | Cono doble | Milkshake | Banana split | Helado 1L | Sundae | Granizado"
"Alimentos y Bebidas/18-ratios-financieros-Heladeria.xlsx","Ratios Financieros","Heladería","Alimentos y Bebidas","Copa de helado | Cono simple | Cono doble | Milkshake | Banana split | Helado 1L | Sundae | Granizado"
"Alimentos y Bebidas/19-control-tributario-Heladeria.xlsx","Control Tributario","Heladería","Alimentos y Bebidas","Copa de helado | Cono simple | Cono doble | Milkshake | Banana split | Helado 1L | Sundae | Granizado"
"Alimentos y Bebidas/20-presupuesto-centros-costo-Heladeria.xlsx","Presupuesto Centros de Costo","Heladería","Alimentos y Bebidas","Copa de helado | Cono simple | Cono doble | Milkshake | Banana split | Helado 1L | Sundae | Granizado"
"Alimentos y Bebidas/21-activos-fijos-Heladeria.xlsx","Activos Fijos y Depreciación","Heladería","Alimentos y Bebidas","Copa de helado | Cono simple | Cono doble | Milkshake | Banana split | Helado 1L | Sundae | Granizado"
"Alimentos y Bebidas/22-punto-equilibrio-Heladeria.xlsx","Punto de Equilibrio","Heladería","Alimentos y Bebidas","Copa de helado | Cono simple | Cono doble | Milkshake | Banana split | Helado 1L | Sundae | Granizado"
"Alimentos y Bebidas/23-estados-comparativos-Heladeria.xlsx","Estados Comparativos 3 Años","Heladería","Alimentos y Bebidas","Copa de helado | Cono simple | Cono doble | Milkshake | Banana split | Helado 1L | Sundae | Granizado"
"Alimentos y Bebidas/24-costeo-ordenes-Heladeria.xlsx","Costeo porÓrdenes de Trabajo","Heladería","Alimentos y Bebidas","Copa de helado | Cono simple | Cono doble | Milkshake | Banana split | Helado 1L | Sundae | Granizado"
"Alimentos y Bebidas/25-calculadora-cts-Heladeria.xlsx","Calculadora CTS","Heladería","Alimentos y Bebidas","Copa de helado | Cono simple | Cono doble | Milkshake | Banana split | Helado 1L | Sundae | Granizado"
"Alimentos y Bebidas/26-gratificaciones-Heladeria.xlsx","Calculadora Gratificaciones","Heladería","Alimentos y Bebidas","Copa de helado | Cono simple | Cono doble | Milkshake | Banana split | Helado 1L | Sundae | Granizado"
"Alimentos y Bebidas/27-amortizacion-Heladeria.xlsx","Cuadro de Amortización","Heladería","Alimentos y Bebidas","Copa de helado | Cono simple | Cono doble | Milkshake | Banana split | Helado 1L | Sundae | Granizado"
"Alimentos y Bebidas/28-vacaciones-Heladeria.xlsx","Calculadora Vacaciones","Heladería","Alimentos y Bebidas","Copa de helado | Cono simple | Cono doble | Milkshake | Banana split | Helado 1L | Sundae | Granizado"
"Alimentos y Bebidas/29-afp-onp-Heladeria.xlsx","Calculadora AFP/ONP","Heladería","Alimentos y Bebidas","Copa de helado | Cono simple | Cono doble | Milkshake | Banana split | Helado 1L | Sundae | Granizado"
"Alimentos y Bebidas/30-nomina-Heladeria.xlsx","Calculadora Nómina","Heladería","Alimentos y Bebidas","Copa de helado | Cono simple | Cono doble | Milkshake | Banana split | Helado 1L | Sundae | Granizado"
"Alimentos y Bebidas/31-roi-Heladeria.xlsx","Calculadora ROI","Heladería","Alimentos y Bebidas","Copa de helado | Cono simple | Cono doble | Milkshake | Banana split | Helado 1L | Sundae | Granizado"
"Alimentos y Bebidas/32-ipc-Heladeria.xlsx","Calculadora IPC","Heladería","Alimentos y Bebidas","Copa de helado | Cono simple | Cono doble | Milkshake | Banana split | Helado 1L | Sundae | Granizado"
"Alimentos y Bebidas/33-endeudamiento-Heladeria.xlsx","Capacidad Endeudamiento","Heladería","Alimentos y Bebidas","Copa de helado | Cono simple | Cono doble | Milkshake | Banana split | Helado 1L | Sundae | Granizado"
"Alimentos y Bebidas/34-proyeccion-flujo-Heladeria.xlsx","Proyección Flujo de Caja","Heladería","Alimentos y Bebidas","Copa de helado | Cono simple | Cono doble | Milkshake | Banana split | Helado 1L | Sundae | Granizado"
"Alimentos y Bebidas/01-dashboard-financiero-Menu Casero.xlsx","Dashboard Financiero","Menú Casero","Alimentos y Bebidas","Menú económico | Sopa del día | Segundo del día | Jugo | Postre | Ración extra | Delivery | Lunes a viernes"
"Alimentos y Bebidas/02-control-ventas-Menu Casero.xlsx","Control de Ventas","Menú Casero","Alimentos y Bebidas","Menú económico | Sopa del día | Segundo del día | Jugo | Postre | Ración extra | Delivery | Lunes a viernes"
"Alimentos y Bebidas/03-inventario-Menu Casero.xlsx","Control de Inventario","Menú Casero","Alimentos y Bebidas","Menú económico | Sopa del día | Segundo del día | Jugo | Postre | Ración extra | Delivery | Lunes a viernes"
"Alimentos y Bebidas/04-presupuesto-anual-Menu Casero.xlsx","Presupuesto Anual","Menú Casero","Alimentos y Bebidas","Menú económico | Sopa del día | Segundo del día | Jugo | Postre | Ración extra | Delivery | Lunes a viernes"
"Alimentos y Bebidas/05-flujo-de-caja-Menu Casero.xlsx","Flujo de Caja","Menú Casero","Alimentos y Bebidas","Menú económico | Sopa del día | Segundo del día | Jugo | Postre | Ración extra | Delivery | Lunes a viernes"
"Alimentos y Bebidas/06-gestion-proyectos-Menu Casero.xlsx","Gestión de Proyectos","Menú Casero","Alimentos y Bebidas","Menú económico | Sopa del día | Segundo del día | Jugo | Postre | Ración extra | Delivery | Lunes a viernes"
"Alimentos y Bebidas/07-analisis-kpis-Menu Casero.xlsx","Análisis de KPIs","Menú Casero","Alimentos y Bebidas","Menú económico | Sopa del día | Segundo del día | Jugo | Postre | Ración extra | Delivery | Lunes a viernes"
"Alimentos y Bebidas/08-control-gastos-Menu Casero.xlsx","Control de Gastos","Menú Casero","Alimentos y Bebidas","Menú económico | Sopa del día | Segundo del día | Jugo | Postre | Ración extra | Delivery | Lunes a viernes"
"Alimentos y Bebidas/09-planilla-personal-Menu Casero.xlsx","Planilla de Personal","Menú Casero","Alimentos y Bebidas","Menú económico | Sopa del día | Segundo del día | Jugo | Postre | Ración extra | Delivery | Lunes a viernes"
"Alimentos y Bebidas/10-cuentas-por-cobrar-Menu Casero.xlsx","Cuentas por Cobrar","Menú Casero","Alimentos y Bebidas","Menú económico | Sopa del día | Segundo del día | Jugo | Postre | Ración extra | Delivery | Lunes a viernes"
"Alimentos y Bebidas/11-caja-diaria-Menu Casero.xlsx","Caja Diaria","Menú Casero","Alimentos y Bebidas","Menú económico | Sopa del día | Segundo del día | Jugo | Postre | Ración extra | Delivery | Lunes a viernes"
"Alimentos y Bebidas/12-compras-proveedores-Menu Casero.xlsx","Compras y Proveedores","Menú Casero","Alimentos y Bebidas","Menú económico | Sopa del día | Segundo del día | Jugo | Postre | Ración extra | Delivery | Lunes a viernes"
"Alimentos y Bebidas/13-balance-general-Menu Casero.xlsx","Balance General","Menú Casero","Alimentos y Bebidas","Menú económico | Sopa del día | Segundo del día | Jugo | Postre | Ración extra | Delivery | Lunes a viernes"
"Alimentos y Bebidas/14-estado-resultados-Menu Casero.xlsx","Estado de Resultados","Menú Casero","Alimentos y Bebidas","Menú económico | Sopa del día | Segundo del día | Jugo | Postre | Ración extra | Delivery | Lunes a viernes"
"Alimentos y Bebidas/15-flujo-efectivo-indirecto-Menu Casero.xlsx","Flujo de Efectivo Indirecto","Menú Casero","Alimentos y Bebidas","Menú económico | Sopa del día | Segundo del día | Jugo | Postre | Ración extra | Delivery | Lunes a viernes"
"Alimentos y Bebidas/16-conciliacion-bancaria-Menu Casero.xlsx","Conciliación Bancaria","Menú Casero","Alimentos y Bebidas","Menú económico | Sopa del día | Segundo del día | Jugo | Postre | Ración extra | Delivery | Lunes a viernes"
"Alimentos y Bebidas/17-libro-diario-Menu Casero.xlsx","Libro Diario y Mayor","Menú Casero","Alimentos y Bebidas","Menú económico | Sopa del día | Segundo del día | Jugo | Postre | Ración extra | Delivery | Lunes a viernes"
"Alimentos y Bebidas/18-ratios-financieros-Menu Casero.xlsx","Ratios Financieros","Menú Casero","Alimentos y Bebidas","Menú económico | Sopa del día | Segundo del día | Jugo | Postre | Ración extra | Delivery | Lunes a viernes"
"Alimentos y Bebidas/19-control-tributario-Menu Casero.xlsx","Control Tributario","Menú Casero","Alimentos y Bebidas","Menú económico | Sopa del día | Segundo del día | Jugo | Postre | Ración extra | Delivery | Lunes a viernes"
"Alimentos y Bebidas/20-presupuesto-centros-costo-Menu Casero.xlsx","Presupuesto Centros de Costo","Menú Casero","Alimentos y Bebidas","Menú económico | Sopa del día | Segundo del día | Jugo | Postre | Ración extra | Delivery | Lunes a viernes"
"Alimentos y Bebidas/21-activos-fijos-Menu Casero.xlsx","Activos Fijos y Depreciación","Menú Casero","Alimentos y Bebidas","Menú económico | Sopa del día | Segundo del día | Jugo | Postre | Ración extra | Delivery | Lunes a viernes"
"Alimentos y Bebidas/22-punto-equilibrio-Menu Casero.xlsx","Punto de Equilibrio","Menú Casero","Alimentos y Bebidas","Menú económico | Sopa del día | Segundo del día | Jugo | Postre | Ración extra | Delivery | Lunes a viernes"
"Alimentos y Bebidas/23-estados-comparativos-Menu Casero.xlsx","Estados Comparativos 3 Años","Menú Casero","Alimentos y Bebidas","Menú económico | Sopa del día | Segundo del día | Jugo | Postre | Ración extra | Delivery | Lunes a viernes"
"Alimentos y Bebidas/24-costeo-ordenes-Menu Casero.xlsx","Costeo porÓrdenes de Trabajo","Menú Casero","Alimentos y Bebidas","Menú económico | Sopa del día | Segundo del día | Jugo | Postre | Ración extra | Delivery | Lunes a viernes"
"Alimentos y Bebidas/25-calculadora-cts-Menu Casero.xlsx","Calculadora CTS","Menú Casero","Alimentos y Bebidas","Menú económico | Sopa del día | Segundo del día | Jugo | Postre | Ración extra | Delivery | Lunes a viernes"
"Alimentos y Bebidas/26-gratificaciones-Menu Casero.xlsx","Calculadora Gratificaciones","Menú Casero","Alimentos y Bebidas","Menú económico | Sopa del día | Segundo del día | Jugo | Postre | Ración extra | Delivery | Lunes a viernes"
"Alimentos y Bebidas/27-amortizacion-Menu Casero.xlsx","Cuadro de Amortización","Menú Casero","Alimentos y Bebidas","Menú económico | Sopa del día | Segundo del día | Jugo | Postre | Ración extra | Delivery | Lunes a viernes"
"Alimentos y Bebidas/28-vacaciones-Menu Casero.xlsx","Calculadora Vacaciones","Menú Casero","Alimentos y Bebidas","Menú económico | Sopa del día | Segundo del día | Jugo | Postre | Ración extra | Delivery | Lunes a viernes"
"Alimentos y Bebidas/29-afp-onp-Menu Casero.xlsx","Calculadora AFP/ONP","Menú Casero","Alimentos y Bebidas","Menú económico | Sopa del día | Segundo del día | Jugo | Postre | Ración extra | Delivery | Lunes a viernes"
"Alimentos y Bebidas/30-nomina-Menu Casero.xlsx","Calculadora Nómina","Menú Casero","Alimentos y Bebidas","Menú económico | Sopa del día | Segundo del día | Jugo | Postre | Ración extra | Delivery | Lunes a viernes"
"Alimentos y Bebidas/31-roi-Menu Casero.xlsx","Calculadora ROI","Menú Casero","Alimentos y Bebidas","Menú económico | Sopa del día | Segundo del día | Jugo | Postre | Ración extra | Delivery | Lunes a viernes"
"Alimentos y Bebidas/32-ipc-Menu Casero.xlsx","Calculadora IPC","Menú Casero","Alimentos y Bebidas","Menú económico | Sopa del día | Segundo del día | Jugo | Postre | Ración extra | Delivery | Lunes a viernes"
"Alimentos y Bebidas/33-endeudamiento-Menu Casero.xlsx","Capacidad Endeudamiento","Menú Casero","Alimentos y Bebidas","Menú económico | Sopa del día | Segundo del día | Jugo | Postre | Ración extra | Delivery | Lunes a viernes"
"Alimentos y Bebidas/34-proyeccion-flujo-Menu Casero.xlsx","Proyección Flujo de Caja","Menú Casero","Alimentos y Bebidas","Menú económico | Sopa del día | Segundo del día | Jugo | Postre | Ración extra | Delivery | Lunes a viernes"
"Alimentos y Bebidas/01-dashboard-financiero-Anticucheria.xlsx","Dashboard Financiero","Anticuchería","Alimentos y Bebidas","Anticucho de corazón | Brocheta de pollo | Papa a la huancaína | Chorizo a la brasa | Chicha | Salchi anticucho | Rachi | Picante de corazón"
"Alimentos y Bebidas/02-control-ventas-Anticucheria.xlsx","Control de Ventas","Anticuchería","Alimentos y Bebidas","Anticucho de corazón | Brocheta de pollo | Papa a la huancaína | Chorizo a la brasa | Chicha | Salchi anticucho | Rachi | Picante de corazón"
"Alimentos y Bebidas/03-inventario-Anticucheria.xlsx","Control de Inventario","Anticuchería","Alimentos y Bebidas","Anticucho de corazón | Brocheta de pollo | Papa a la huancaína | Chorizo a la brasa | Chicha | Salchi anticucho | Rachi | Picante de corazón"
"Alimentos y Bebidas/04-presupuesto-anual-Anticucheria.xlsx","Presupuesto Anual","Anticuchería","Alimentos y Bebidas","Anticucho de corazón | Brocheta de pollo | Papa a la huancaína | Chorizo a la brasa | Chicha | Salchi anticucho | Rachi | Picante de corazón"
"Alimentos y Bebidas/05-flujo-de-caja-Anticucheria.xlsx","Flujo de Caja","Anticuchería","Alimentos y Bebidas","Anticucho de corazón | Brocheta de pollo | Papa a la huancaína | Chorizo a la brasa | Chicha | Salchi anticucho | Rachi | Picante de corazón"
"Alimentos y Bebidas/06-gestion-proyectos-Anticucheria.xlsx","Gestión de Proyectos","Anticuchería","Alimentos y Bebidas","Anticucho de corazón | Brocheta de pollo | Papa a la huancaína | Chorizo a la brasa | Chicha | Salchi anticucho | Rachi | Picante de corazón"
"Alimentos y Bebidas/07-analisis-kpis-Anticucheria.xlsx","Análisis de KPIs","Anticuchería","Alimentos y Bebidas","Anticucho de corazón | Brocheta de pollo | Papa a la huancaína | Chorizo a la brasa | Chicha | Salchi anticucho | Rachi | Picante de corazón"
"Alimentos y Bebidas/08-control-gastos-Anticucheria.xlsx","Control de Gastos","Anticuchería","Alimentos y Bebidas","Anticucho de corazón | Brocheta de pollo | Papa a la huancaína | Chorizo a la brasa | Chicha | Salchi anticucho | Rachi | Picante de corazón"
"Alimentos y Bebidas/09-planilla-personal-Anticucheria.xlsx","Planilla de Personal","Anticuchería","Alimentos y Bebidas","Anticucho de corazón | Brocheta de pollo | Papa a la huancaína | Chorizo a la brasa | Chicha | Salchi anticucho | Rachi | Picante de corazón"
"Alimentos y Bebidas/10-cuentas-por-cobrar-Anticucheria.xlsx","Cuentas por Cobrar","Anticuchería","Alimentos y Bebidas","Anticucho de corazón | Brocheta de pollo | Papa a la huancaína | Chorizo a la brasa | Chicha | Salchi anticucho | Rachi | Picante de corazón"
"Alimentos y Bebidas/11-caja-diaria-Anticucheria.xlsx","Caja Diaria","Anticuchería","Alimentos y Bebidas","Anticucho de corazón | Brocheta de pollo | Papa a la huancaína | Chorizo a la brasa | Chicha | Salchi anticucho | Rachi | Picante de corazón"
"Alimentos y Bebidas/12-compras-proveedores-Anticucheria.xlsx","Compras y Proveedores","Anticuchería","Alimentos y Bebidas","Anticucho de corazón | Brocheta de pollo | Papa a la huancaína | Chorizo a la brasa | Chicha | Salchi anticucho | Rachi | Picante de corazón"
"Alimentos y Bebidas/13-balance-general-Anticucheria.xlsx","Balance General","Anticuchería","Alimentos y Bebidas","Anticucho de corazón | Brocheta de pollo | Papa a la huancaína | Chorizo a la brasa | Chicha | Salchi anticucho | Rachi | Picante de corazón"
"Alimentos y Bebidas/14-estado-resultados-Anticucheria.xlsx","Estado de Resultados","Anticuchería","Alimentos y Bebidas","Anticucho de corazón | Brocheta de pollo | Papa a la huancaína | Chorizo a la brasa | Chicha | Salchi anticucho | Rachi | Picante de corazón"
"Alimentos y Bebidas/15-flujo-efectivo-indirecto-Anticucheria.xlsx","Flujo de Efectivo Indirecto","Anticuchería","Alimentos y Bebidas","Anticucho de corazón | Brocheta de pollo | Papa a la huancaína | Chorizo a la brasa | Chicha | Salchi anticucho | Rachi | Picante de corazón"
"Alimentos y Bebidas/16-conciliacion-bancaria-Anticucheria.xlsx","Conciliación Bancaria","Anticuchería","Alimentos y Bebidas","Anticucho de corazón | Brocheta de pollo | Papa a la huancaína | Chorizo a la brasa | Chicha | Salchi anticucho | Rachi | Picante de corazón"
"Alimentos y Bebidas/17-libro-diario-Anticucheria.xlsx","Libro Diario y Mayor","Anticuchería","Alimentos y Bebidas","Anticucho de corazón | Brocheta de pollo | Papa a la huancaína | Chorizo a la brasa | Chicha | Salchi anticucho | Rachi | Picante de corazón"
"Alimentos y Bebidas/18-ratios-financieros-Anticucheria.xlsx","Ratios Financieros","Anticuchería","Alimentos y Bebidas","Anticucho de corazón | Brocheta de pollo | Papa a la huancaína | Chorizo a la brasa | Chicha | Salchi anticucho | Rachi | Picante de corazón"
"Alimentos y Bebidas/19-control-tributario-Anticucheria.xlsx","Control Tributario","Anticuchería","Alimentos y Bebidas","Anticucho de corazón | Brocheta de pollo | Papa a la huancaína | Chorizo a la brasa | Chicha | Salchi anticucho | Rachi | Picante de corazón"
"Alimentos y Bebidas/20-presupuesto-centros-costo-Anticucheria.xlsx","Presupuesto Centros de Costo","Anticuchería","Alimentos y Bebidas","Anticucho de corazón | Brocheta de pollo | Papa a la huancaína | Chorizo a la brasa | Chicha | Salchi anticucho | Rachi | Picante de corazón"
"Alimentos y Bebidas/21-activos-fijos-Anticucheria.xlsx","Activos Fijos y Depreciación","Anticuchería","Alimentos y Bebidas","Anticucho de corazón | Brocheta de pollo | Papa a la huancaína | Chorizo a la brasa | Chicha | Salchi anticucho | Rachi | Picante de corazón"
"Alimentos y Bebidas/22-punto-equilibrio-Anticucheria.xlsx","Punto de Equilibrio","Anticuchería","Alimentos y Bebidas","Anticucho de corazón | Brocheta de pollo | Papa a la huancaína | Chorizo a la brasa | Chicha | Salchi anticucho | Rachi | Picante de corazón"
"Alimentos y Bebidas/23-estados-comparativos-Anticucheria.xlsx","Estados Comparativos 3 Años","Anticuchería","Alimentos y Bebidas","Anticucho de corazón | Brocheta de pollo | Papa a la huancaína | Chorizo a la brasa | Chicha | Salchi anticucho | Rachi | Picante de corazón"
"Alimentos y Bebidas/24-costeo-ordenes-Anticucheria.xlsx","Costeo porÓrdenes de Trabajo","Anticuchería","Alimentos y Bebidas","Anticucho de corazón | Brocheta de pollo | Papa a la huancaína | Chorizo a la brasa | Chicha | Salchi anticucho | Rachi | Picante de corazón"
"Alimentos y Bebidas/25-calculadora-cts-Anticucheria.xlsx","Calculadora CTS","Anticuchería","Alimentos y Bebidas","Anticucho de corazón | Brocheta de pollo | Papa a la huancaína | Chorizo a la brasa | Chicha | Salchi anticucho | Rachi | Picante de corazón"
"Alimentos y Bebidas/26-gratificaciones-Anticucheria.xlsx","Calculadora Gratificaciones","Anticuchería","Alimentos y Bebidas","Anticucho de corazón | Brocheta de pollo | Papa a la huancaína | Chorizo a la brasa | Chicha | Salchi anticucho | Rachi | Picante de corazón"
"Alimentos y Bebidas/27-amortizacion-Anticucheria.xlsx","Cuadro de Amortización","Anticuchería","Alimentos y Bebidas","Anticucho de corazón | Brocheta de pollo | Papa a la huancaína | Chorizo a la brasa | Chicha | Salchi anticucho | Rachi | Picante de corazón"
"Alimentos y Bebidas/28-vacaciones-Anticucheria.xlsx","Calculadora Vacaciones","Anticuchería","Alimentos y Bebidas","Anticucho de corazón | Brocheta de pollo | Papa a la huancaína | Chorizo a la brasa | Chicha | Salchi anticucho | Rachi | Picante de corazón"
"Alimentos y Bebidas/29-afp-onp-Anticucheria.xlsx","Calculadora AFP/ONP","Anticuchería","Alimentos y Bebidas","Anticucho de corazón | Brocheta de pollo | Papa a la huancaína | Chorizo a la brasa | Chicha | Salchi anticucho | Rachi | Picante de corazón"
"Alimentos y Bebidas/30-nomina-Anticucheria.xlsx","Calculadora Nómina","Anticuchería","Alimentos y Bebidas","Anticucho de corazón | Brocheta de pollo | Papa a la huancaína | Chorizo a la brasa | Chicha | Salchi anticucho | Rachi | Picante de corazón"
"Alimentos y Bebidas/31-roi-Anticucheria.xlsx","Calculadora ROI","Anticuchería","Alimentos y Bebidas","Anticucho de corazón | Brocheta de pollo | Papa a la huancaína | Chorizo a la brasa | Chicha | Salchi anticucho | Rachi | Picante de corazón"
"Alimentos y Bebidas/32-ipc-Anticucheria.xlsx","Calculadora IPC","Anticuchería","Alimentos y Bebidas","Anticucho de corazón | Brocheta de pollo | Papa a la huancaína | Chorizo a la brasa | Chicha | Salchi anticucho | Rachi | Picante de corazón"
"Alimentos y Bebidas/33-endeudamiento-Anticucheria.xlsx","Capacidad Endeudamiento","Anticuchería","Alimentos y Bebidas","Anticucho de corazón | Brocheta de pollo | Papa a la huancaína | Chorizo a la brasa | Chicha | Salchi anticucho | Rachi | Picante de corazón"
"Alimentos y Bebidas/34-proyeccion-flujo-Anticucheria.xlsx","Proyección Flujo de Caja","Anticuchería","Alimentos y Bebidas","Anticucho de corazón | Brocheta de pollo | Papa a la huancaína | Chorizo a la brasa | Chicha | Salchi anticucho | Rachi | Picante de corazón"
"Alimentos y Bebidas/01-dashboard-financiero-Frutas y Verduras.xlsx","Dashboard Financiero","Frutas y Verduras","Alimentos y Bebidas","Papa amarilla | Tomate | Cebolla roja | Palta | Limón | Zanahoria | Manzana | Plátano de seda"
"Alimentos y Bebidas/02-control-ventas-Frutas y Verduras.xlsx","Control de Ventas","Frutas y Verduras","Alimentos y Bebidas","Papa amarilla | Tomate | Cebolla roja | Palta | Limón | Zanahoria | Manzana | Plátano de seda"
"Alimentos y Bebidas/03-inventario-Frutas y Verduras.xlsx","Control de Inventario","Frutas y Verduras","Alimentos y Bebidas","Papa amarilla | Tomate | Cebolla roja | Palta | Limón | Zanahoria | Manzana | Plátano de seda"
"Alimentos y Bebidas/04-presupuesto-anual-Frutas y Verduras.xlsx","Presupuesto Anual","Frutas y Verduras","Alimentos y Bebidas","Papa amarilla | Tomate | Cebolla roja | Palta | Limón | Zanahoria | Manzana | Plátano de seda"
"Alimentos y Bebidas/05-flujo-de-caja-Frutas y Verduras.xlsx","Flujo de Caja","Frutas y Verduras","Alimentos y Bebidas","Papa amarilla | Tomate | Cebolla roja | Palta | Limón | Zanahoria | Manzana | Plátano de seda"
"Alimentos y Bebidas/06-gestion-proyectos-Frutas y Verduras.xlsx","Gestión de Proyectos","Frutas y Verduras","Alimentos y Bebidas","Papa amarilla | Tomate | Cebolla roja | Palta | Limón | Zanahoria | Manzana | Plátano de seda"
"Alimentos y Bebidas/07-analisis-kpis-Frutas y Verduras.xlsx","Análisis de KPIs","Frutas y Verduras","Alimentos y Bebidas","Papa amarilla | Tomate | Cebolla roja | Palta | Limón | Zanahoria | Manzana | Plátano de seda"
"Alimentos y Bebidas/08-control-gastos-Frutas y Verduras.xlsx","Control de Gastos","Frutas y Verduras","Alimentos y Bebidas","Papa amarilla | Tomate | Cebolla roja | Palta | Limón | Zanahoria | Manzana | Plátano de seda"
"Alimentos y Bebidas/09-planilla-personal-Frutas y Verduras.xlsx","Planilla de Personal","Frutas y Verduras","Alimentos y Bebidas","Papa amarilla | Tomate | Cebolla roja | Palta | Limón | Zanahoria | Manzana | Plátano de seda"
"Alimentos y Bebidas/10-cuentas-por-cobrar-Frutas y Verduras.xlsx","Cuentas por Cobrar","Frutas y Verduras","Alimentos y Bebidas","Papa amarilla | Tomate | Cebolla roja | Palta | Limón | Zanahoria | Manzana | Plátano de seda"
"Alimentos y Bebidas/11-caja-diaria-Frutas y Verduras.xlsx","Caja Diaria","Frutas y Verduras","Alimentos y Bebidas","Papa amarilla | Tomate | Cebolla roja | Palta | Limón | Zanahoria | Manzana | Plátano de seda"
"Alimentos y Bebidas/12-compras-proveedores-Frutas y Verduras.xlsx","Compras y Proveedores","Frutas y Verduras","Alimentos y Bebidas","Papa amarilla | Tomate | Cebolla roja | Palta | Limón | Zanahoria | Manzana | Plátano de seda"
"Alimentos y Bebidas/13-balance-general-Frutas y Verduras.xlsx","Balance General","Frutas y Verduras","Alimentos y Bebidas","Papa amarilla | Tomate | Cebolla roja | Palta | Limón | Zanahoria | Manzana | Plátano de seda"
"Alimentos y Bebidas/14-estado-resultados-Frutas y Verduras.xlsx","Estado de Resultados","Frutas y Verduras","Alimentos y Bebidas","Papa amarilla | Tomate | Cebolla roja | Palta | Limón | Zanahoria | Manzana | Plátano de seda"
"Alimentos y Bebidas/15-flujo-efectivo-indirecto-Frutas y Verduras.xlsx","Flujo de Efectivo Indirecto","Frutas y Verduras","Alimentos y Bebidas","Papa amarilla | Tomate | Cebolla roja | Palta | Limón | Zanahoria | Manzana | Plátano de seda"
"Alimentos y Bebidas/16-conciliacion-bancaria-Frutas y Verduras.xlsx","Conciliación Bancaria","Frutas y Verduras","Alimentos y Bebidas","Papa amarilla | Tomate | Cebolla roja | Palta | Limón | Zanahoria | Manzana | Plátano de seda"
"Alimentos y Bebidas/17-libro-diario-Frutas y Verduras.xlsx","Libro Diario y Mayor","Frutas y Verduras","Alimentos y Bebidas","Papa amarilla | Tomate | Cebolla roja | Palta | Limón | Zanahoria | Manzana | Plátano de seda"
"Alimentos y Bebidas/18-ratios-financieros-Frutas y Verduras.xlsx","Ratios Financieros","Frutas y Verduras","Alimentos y Bebidas","Papa amarilla | Tomate | Cebolla roja | Palta | Limón | Zanahoria | Manzana | Plátano de seda"
"Alimentos y Bebidas/19-control-tributario-Frutas y Verduras.xlsx","Control Tributario","Frutas y Verduras","Alimentos y Bebidas","Papa amarilla | Tomate | Cebolla roja | Palta | Limón | Zanahoria | Manzana | Plátano de seda"
"Alimentos y Bebidas/20-presupuesto-centros-costo-Frutas y Verduras.xlsx","Presupuesto Centros de Costo","Frutas y Verduras","Alimentos y Bebidas","Papa amarilla | Tomate | Cebolla roja | Palta | Limón | Zanahoria | Manzana | Plátano de seda"
"Alimentos y Bebidas/21-activos-fijos-Frutas y Verduras.xlsx","Activos Fijos y Depreciación","Frutas y Verduras","Alimentos y Bebidas","Papa amarilla | Tomate | Cebolla roja | Palta | Limón | Zanahoria | Manzana | Plátano de seda"
"Alimentos y Bebidas/22-punto-equilibrio-Frutas y Verduras.xlsx","Punto de Equilibrio","Frutas y Verduras","Alimentos y Bebidas","Papa amarilla | Tomate | Cebolla roja | Palta | Limón | Zanahoria | Manzana | Plátano de seda"
"Alimentos y Bebidas/23-estados-comparativos-Frutas y Verduras.xlsx","Estados Comparativos 3 Años","Frutas y Verduras","Alimentos y Bebidas","Papa amarilla | Tomate | Cebolla roja | Palta | Limón | Zanahoria | Manzana | Plátano de seda"
"Alimentos y Bebidas/24-costeo-ordenes-Frutas y Verduras.xlsx","Costeo porÓrdenes de Trabajo","Frutas y Verduras","Alimentos y Bebidas","Papa amarilla | Tomate | Cebolla roja | Palta | Limón | Zanahoria | Manzana | Plátano de seda"
"Alimentos y Bebidas/25-calculadora-cts-Frutas y Verduras.xlsx","Calculadora CTS","Frutas y Verduras","Alimentos y Bebidas","Papa amarilla | Tomate | Cebolla roja | Palta | Limón | Zanahoria | Manzana | Plátano de seda"
"Alimentos y Bebidas/26-gratificaciones-Frutas y Verduras.xlsx","Calculadora Gratificaciones","Frutas y Verduras","Alimentos y Bebidas","Papa amarilla | Tomate | Cebolla roja | Palta | Limón | Zanahoria | Manzana | Plátano de seda"
"Alimentos y Bebidas/27-amortizacion-Frutas y Verduras.xlsx","Cuadro de Amortización","Frutas y Verduras","Alimentos y Bebidas","Papa amarilla | Tomate | Cebolla roja | Palta | Limón | Zanahoria | Manzana | Plátano de seda"
"Alimentos y Bebidas/28-vacaciones-Frutas y Verduras.xlsx","Calculadora Vacaciones","Frutas y Verduras","Alimentos y Bebidas","Papa amarilla | Tomate | Cebolla roja | Palta | Limón | Zanahoria | Manzana | Plátano de seda"
"Alimentos y Bebidas/29-afp-onp-Frutas y Verduras.xlsx","Calculadora AFP/ONP","Frutas y Verduras","Alimentos y Bebidas","Papa amarilla | Tomate | Cebolla roja | Palta | Limón | Zanahoria | Manzana | Plátano de seda"
"Alimentos y Bebidas/30-nomina-Frutas y Verduras.xlsx","Calculadora Nómina","Frutas y Verduras","Alimentos y Bebidas","Papa amarilla | Tomate | Cebolla roja | Palta | Limón | Zanahoria | Manzana | Plátano de seda"
"Alimentos y Bebidas/31-roi-Frutas y Verduras.xlsx","Calculadora ROI","Frutas y Verduras","Alimentos y Bebidas","Papa amarilla | Tomate | Cebolla roja | Palta | Limón | Zanahoria | Manzana | Plátano de seda"
"Alimentos y Bebidas/32-ipc-Frutas y Verduras.xlsx","Calculadora IPC","Frutas y Verduras","Alimentos y Bebidas","Papa amarilla | Tomate | Cebolla roja | Palta | Limón | Zanahoria | Manzana | Plátano de seda"
"Alimentos y Bebidas/33-endeudamiento-Frutas y Verduras.xlsx","Capacidad Endeudamiento","Frutas y Verduras","Alimentos y Bebidas","Papa amarilla | Tomate | Cebolla roja | Palta | Limón | Zanahoria | Manzana | Plátano de seda"
"Alimentos y Bebidas/34-proyeccion-flujo-Frutas y Verduras.xlsx","Proyección Flujo de Caja","Frutas y Verduras","Alimentos y Bebidas","Papa amarilla | Tomate | Cebolla roja | Palta | Limón | Zanahoria | Manzana | Plátano de seda"
"Alimentos y Bebidas/01-dashboard-financiero-Carniceria.xlsx","Dashboard Financiero","Carnicería","Alimentos y Bebidas","Carne de res | Pecho | Costilla | Pollo entero | Menudencia | Panceta | Carne molida | Chuleta"
"Alimentos y Bebidas/02-control-ventas-Carniceria.xlsx","Control de Ventas","Carnicería","Alimentos y Bebidas","Carne de res | Pecho | Costilla | Pollo entero | Menudencia | Panceta | Carne molida | Chuleta"
"Alimentos y Bebidas/03-inventario-Carniceria.xlsx","Control de Inventario","Carnicería","Alimentos y Bebidas","Carne de res | Pecho | Costilla | Pollo entero | Menudencia | Panceta | Carne molida | Chuleta"
"Alimentos y Bebidas/04-presupuesto-anual-Carniceria.xlsx","Presupuesto Anual","Carnicería","Alimentos y Bebidas","Carne de res | Pecho | Costilla | Pollo entero | Menudencia | Panceta | Carne molida | Chuleta"
"Alimentos y Bebidas/05-flujo-de-caja-Carniceria.xlsx","Flujo de Caja","Carnicería","Alimentos y Bebidas","Carne de res | Pecho | Costilla | Pollo entero | Menudencia | Panceta | Carne molida | Chuleta"
"Alimentos y Bebidas/06-gestion-proyectos-Carniceria.xlsx","Gestión de Proyectos","Carnicería","Alimentos y Bebidas","Carne de res | Pecho | Costilla | Pollo entero | Menudencia | Panceta | Carne molida | Chuleta"
"Alimentos y Bebidas/07-analisis-kpis-Carniceria.xlsx","Análisis de KPIs","Carnicería","Alimentos y Bebidas","Carne de res | Pecho | Costilla | Pollo entero | Menudencia | Panceta | Carne molida | Chuleta"
"Alimentos y Bebidas/08-control-gastos-Carniceria.xlsx","Control de Gastos","Carnicería","Alimentos y Bebidas","Carne de res | Pecho | Costilla | Pollo entero | Menudencia | Panceta | Carne molida | Chuleta"
"Alimentos y Bebidas/09-planilla-personal-Carniceria.xlsx","Planilla de Personal","Carnicería","Alimentos y Bebidas","Carne de res | Pecho | Costilla | Pollo entero | Menudencia | Panceta | Carne molida | Chuleta"
"Alimentos y Bebidas/10-cuentas-por-cobrar-Carniceria.xlsx","Cuentas por Cobrar","Carnicería","Alimentos y Bebidas","Carne de res | Pecho | Costilla | Pollo entero | Menudencia | Panceta | Carne molida | Chuleta"
"Alimentos y Bebidas/11-caja-diaria-Carniceria.xlsx","Caja Diaria","Carnicería","Alimentos y Bebidas","Carne de res | Pecho | Costilla | Pollo entero | Menudencia | Panceta | Carne molida | Chuleta"
"Alimentos y Bebidas/12-compras-proveedores-Carniceria.xlsx","Compras y Proveedores","Carnicería","Alimentos y Bebidas","Carne de res | Pecho | Costilla | Pollo entero | Menudencia | Panceta | Carne molida | Chuleta"
"Alimentos y Bebidas/13-balance-general-Carniceria.xlsx","Balance General","Carnicería","Alimentos y Bebidas","Carne de res | Pecho | Costilla | Pollo entero | Menudencia | Panceta | Carne molida | Chuleta"
"Alimentos y Bebidas/14-estado-resultados-Carniceria.xlsx","Estado de Resultados","Carnicería","Alimentos y Bebidas","Carne de res | Pecho | Costilla | Pollo entero | Menudencia | Panceta | Carne molida | Chuleta"
"Alimentos y Bebidas/15-flujo-efectivo-indirecto-Carniceria.xlsx","Flujo de Efectivo Indirecto","Carnicería","Alimentos y Bebidas","Carne de res | Pecho | Costilla | Pollo entero | Menudencia | Panceta | Carne molida | Chuleta"
"Alimentos y Bebidas/16-conciliacion-bancaria-Carniceria.xlsx","Conciliación Bancaria","Carnicería","Alimentos y Bebidas","Carne de res | Pecho | Costilla | Pollo entero | Menudencia | Panceta | Carne molida | Chuleta"
"Alimentos y Bebidas/17-libro-diario-Carniceria.xlsx","Libro Diario y Mayor","Carnicería","Alimentos y Bebidas","Carne de res | Pecho | Costilla | Pollo entero | Menudencia | Panceta | Carne molida | Chuleta"
"Alimentos y Bebidas/18-ratios-financieros-Carniceria.xlsx","Ratios Financieros","Carnicería","Alimentos y Bebidas","Carne de res | Pecho | Costilla | Pollo entero | Menudencia | Panceta | Carne molida | Chuleta"
"Alimentos y Bebidas/19-control-tributario-Carniceria.xlsx","Control Tributario","Carnicería","Alimentos y Bebidas","Carne de res | Pecho | Costilla | Pollo entero | Menudencia | Panceta | Carne molida | Chuleta"
"Alimentos y Bebidas/20-presupuesto-centros-costo-Carniceria.xlsx","Presupuesto Centros de Costo","Carnicería","Alimentos y Bebidas","Carne de res | Pecho | Costilla | Pollo entero | Menudencia | Panceta | Carne molida | Chuleta"
"Alimentos y Bebidas/21-activos-fijos-Carniceria.xlsx","Activos Fijos y Depreciación","Carnicería","Alimentos y Bebidas","Carne de res | Pecho | Costilla | Pollo entero | Menudencia | Panceta | Carne molida | Chuleta"
"Alimentos y Bebidas/22-punto-equilibrio-Carniceria.xlsx","Punto de Equilibrio","Carnicería","Alimentos y Bebidas","Carne de res | Pecho | Costilla | Pollo entero | Menudencia | Panceta | Carne molida | Chuleta"
"Alimentos y Bebidas/23-estados-comparativos-Carniceria.xlsx","Estados Comparativos 3 Años","Carnicería","Alimentos y Bebidas","Carne de res | Pecho | Costilla | Pollo entero | Menudencia | Panceta | Carne molida | Chuleta"
"Alimentos y Bebidas/24-costeo-ordenes-Carniceria.xlsx","Costeo porÓrdenes de Trabajo","Carnicería","Alimentos y Bebidas","Carne de res | Pecho | Costilla | Pollo entero | Menudencia | Panceta | Carne molida | Chuleta"
"Alimentos y Bebidas/25-calculadora-cts-Carniceria.xlsx","Calculadora CTS","Carnicería","Alimentos y Bebidas","Carne de res | Pecho | Costilla | Pollo entero | Menudencia | Panceta | Carne molida | Chuleta"
"Alimentos y Bebidas/26-gratificaciones-Carniceria.xlsx","Calculadora Gratificaciones","Carnicería","Alimentos y Bebidas","Carne de res | Pecho | Costilla | Pollo entero | Menudencia | Panceta | Carne molida | Chuleta"
"Alimentos y Bebidas/27-amortizacion-Carniceria.xlsx","Cuadro de Amortización","Carnicería","Alimentos y Bebidas","Carne de res | Pecho | Costilla | Pollo entero | Menudencia | Panceta | Carne molida | Chuleta"
"Alimentos y Bebidas/28-vacaciones-Carniceria.xlsx","Calculadora Vacaciones","Carnicería","Alimentos y Bebidas","Carne de res | Pecho | Costilla | Pollo entero | Menudencia | Panceta | Carne molida | Chuleta"
"Alimentos y Bebidas/29-afp-onp-Carniceria.xlsx","Calculadora AFP/ONP","Carnicería","Alimentos y Bebidas","Carne de res | Pecho | Costilla | Pollo entero | Menudencia | Panceta | Carne molida | Chuleta"
"Alimentos y Bebidas/30-nomina-Carniceria.xlsx","Calculadora Nómina","Carnicería","Alimentos y Bebidas","Carne de res | Pecho | Costilla | Pollo entero | Menudencia | Panceta | Carne molida | Chuleta"
"Alimentos y Bebidas/31-roi-Carniceria.xlsx","Calculadora ROI","Carnicería","Alimentos y Bebidas","Carne de res | Pecho | Costilla | Pollo entero | Menudencia | Panceta | Carne molida | Chuleta"
"Alimentos y Bebidas/32-ipc-Carniceria.xlsx","Calculadora IPC","Carnicería","Alimentos y Bebidas","Carne de res | Pecho | Costilla | Pollo entero | Menudencia | Panceta | Carne molida | Chuleta"
"Alimentos y Bebidas/33-endeudamiento-Carniceria.xlsx","Capacidad Endeudamiento","Carnicería","Alimentos y Bebidas","Carne de res | Pecho | Costilla | Pollo entero | Menudencia | Panceta | Carne molida | Chuleta"
"Alimentos y Bebidas/34-proyeccion-flujo-Carniceria.xlsx","Proyección Flujo de Caja","Carnicería","Alimentos y Bebidas","Carne de res | Pecho | Costilla | Pollo entero | Menudencia | Panceta | Carne molida | Chuleta"
"Alimentos y Bebidas/01-dashboard-financiero-Pescaderia.xlsx","Dashboard Financiero","Pescadería","Alimentos y Bebidas","Trucha | Lenguado | Perico | Camarones | Calamar | Conchas negras | Caballa | Merluza"
"Alimentos y Bebidas/02-control-ventas-Pescaderia.xlsx","Control de Ventas","Pescadería","Alimentos y Bebidas","Trucha | Lenguado | Perico | Camarones | Calamar | Conchas negras | Caballa | Merluza"
"Alimentos y Bebidas/03-inventario-Pescaderia.xlsx","Control de Inventario","Pescadería","Alimentos y Bebidas","Trucha | Lenguado | Perico | Camarones | Calamar | Conchas negras | Caballa | Merluza"
"Alimentos y Bebidas/04-presupuesto-anual-Pescaderia.xlsx","Presupuesto Anual","Pescadería","Alimentos y Bebidas","Trucha | Lenguado | Perico | Camarones | Calamar | Conchas negras | Caballa | Merluza"
"Alimentos y Bebidas/05-flujo-de-caja-Pescaderia.xlsx","Flujo de Caja","Pescadería","Alimentos y Bebidas","Trucha | Lenguado | Perico | Camarones | Calamar | Conchas negras | Caballa | Merluza"
"Alimentos y Bebidas/06-gestion-proyectos-Pescaderia.xlsx","Gestión de Proyectos","Pescadería","Alimentos y Bebidas","Trucha | Lenguado | Perico | Camarones | Calamar | Conchas negras | Caballa | Merluza"
"Alimentos y Bebidas/07-analisis-kpis-Pescaderia.xlsx","Análisis de KPIs","Pescadería","Alimentos y Bebidas","Trucha | Lenguado | Perico | Camarones | Calamar | Conchas negras | Caballa | Merluza"
"Alimentos y Bebidas/08-control-gastos-Pescaderia.xlsx","Control de Gastos","Pescadería","Alimentos y Bebidas","Trucha | Lenguado | Perico | Camarones | Calamar | Conchas negras | Caballa | Merluza"
"Alimentos y Bebidas/09-planilla-personal-Pescaderia.xlsx","Planilla de Personal","Pescadería","Alimentos y Bebidas","Trucha | Lenguado | Perico | Camarones | Calamar | Conchas negras | Caballa | Merluza"
"Alimentos y Bebidas/10-cuentas-por-cobrar-Pescaderia.xlsx","Cuentas por Cobrar","Pescadería","Alimentos y Bebidas","Trucha | Lenguado | Perico | Camarones | Calamar | Conchas negras | Caballa | Merluza"
"Alimentos y Bebidas/11-caja-diaria-Pescaderia.xlsx","Caja Diaria","Pescadería","Alimentos y Bebidas","Trucha | Lenguado | Perico | Camarones | Calamar | Conchas negras | Caballa | Merluza"
"Alimentos y Bebidas/12-compras-proveedores-Pescaderia.xlsx","Compras y Proveedores","Pescadería","Alimentos y Bebidas","Trucha | Lenguado | Perico | Camarones | Calamar | Conchas negras | Caballa | Merluza"
"Alimentos y Bebidas/13-balance-general-Pescaderia.xlsx","Balance General","Pescadería","Alimentos y Bebidas","Trucha | Lenguado | Perico | Camarones | Calamar | Conchas negras | Caballa | Merluza"
"Alimentos y Bebidas/14-estado-resultados-Pescaderia.xlsx","Estado de Resultados","Pescadería","Alimentos y Bebidas","Trucha | Lenguado | Perico | Camarones | Calamar | Conchas negras | Caballa | Merluza"
"Alimentos y Bebidas/15-flujo-efectivo-indirecto-Pescaderia.xlsx","Flujo de Efectivo Indirecto","Pescadería","Alimentos y Bebidas","Trucha | Lenguado | Perico | Camarones | Calamar | Conchas negras | Caballa | Merluza"
"Alimentos y Bebidas/16-conciliacion-bancaria-Pescaderia.xlsx","Conciliación Bancaria","Pescadería","Alimentos y Bebidas","Trucha | Lenguado | Perico | Camarones | Calamar | Conchas negras | Caballa | Merluza"
"Alimentos y Bebidas/17-libro-diario-Pescaderia.xlsx","Libro Diario y Mayor","Pescadería","Alimentos y Bebidas","Trucha | Lenguado | Perico | Camarones | Calamar | Conchas negras | Caballa | Merluza"
"Alimentos y Bebidas/18-ratios-financieros-Pescaderia.xlsx","Ratios Financieros","Pescadería","Alimentos y Bebidas","Trucha | Lenguado | Perico | Camarones | Calamar | Conchas negras | Caballa | Merluza"
"Alimentos y Bebidas/19-control-tributario-Pescaderia.xlsx","Control Tributario","Pescadería","Alimentos y Bebidas","Trucha | Lenguado | Perico | Camarones | Calamar | Conchas negras | Caballa | Merluza"
"Alimentos y Bebidas/20-presupuesto-centros-costo-Pescaderia.xlsx","Presupuesto Centros de Costo","Pescadería","Alimentos y Bebidas","Trucha | Lenguado | Perico | Camarones | Calamar | Conchas negras | Caballa | Merluza"
"Alimentos y Bebidas/21-activos-fijos-Pescaderia.xlsx","Activos Fijos y Depreciación","Pescadería","Alimentos y Bebidas","Trucha | Lenguado | Perico | Camarones | Calamar | Conchas negras | Caballa | Merluza"
"Alimentos y Bebidas/22-punto-equilibrio-Pescaderia.xlsx","Punto de Equilibrio","Pescadería","Alimentos y Bebidas","Trucha | Lenguado | Perico | Camarones | Calamar | Conchas negras | Caballa | Merluza"
"Alimentos y Bebidas/23-estados-comparativos-Pescaderia.xlsx","Estados Comparativos 3 Años","Pescadería","Alimentos y Bebidas","Trucha | Lenguado | Perico | Camarones | Calamar | Conchas negras | Caballa | Merluza"
"Alimentos y Bebidas/24-costeo-ordenes-Pescaderia.xlsx","Costeo porÓrdenes de Trabajo","Pescadería","Alimentos y Bebidas","Trucha | Lenguado | Perico | Camarones | Calamar | Conchas negras | Caballa | Merluza"
"Alimentos y Bebidas/25-calculadora-cts-Pescaderia.xlsx","Calculadora CTS","Pescadería","Alimentos y Bebidas","Trucha | Lenguado | Perico | Camarones | Calamar | Conchas negras | Caballa | Merluza"
"Alimentos y Bebidas/26-gratificaciones-Pescaderia.xlsx","Calculadora Gratificaciones","Pescadería","Alimentos y Bebidas","Trucha | Lenguado | Perico | Camarones | Calamar | Conchas negras | Caballa | Merluza"
"Alimentos y Bebidas/27-amortizacion-Pescaderia.xlsx","Cuadro de Amortización","Pescadería","Alimentos y Bebidas","Trucha | Lenguado | Perico | Camarones | Calamar | Conchas negras | Caballa | Merluza"
"Alimentos y Bebidas/28-vacaciones-Pescaderia.xlsx","Calculadora Vacaciones","Pescadería","Alimentos y Bebidas","Trucha | Lenguado | Perico | Camarones | Calamar | Conchas negras | Caballa | Merluza"
"Alimentos y Bebidas/29-afp-onp-Pescaderia.xlsx","Calculadora AFP/ONP","Pescadería","Alimentos y Bebidas","Trucha | Lenguado | Perico | Camarones | Calamar | Conchas negras | Caballa | Merluza"
"Alimentos y Bebidas/30-nomina-Pescaderia.xlsx","Calculadora Nómina","Pescadería","Alimentos y Bebidas","Trucha | Lenguado | Perico | Camarones | Calamar | Conchas negras | Caballa | Merluza"
"Alimentos y Bebidas/31-roi-Pescaderia.xlsx","Calculadora ROI","Pescadería","Alimentos y Bebidas","Trucha | Lenguado | Perico | Camarones | Calamar | Conchas negras | Caballa | Merluza"
"Alimentos y Bebidas/32-ipc-Pescaderia.xlsx","Calculadora IPC","Pescadería","Alimentos y Bebidas","Trucha | Lenguado | Perico | Camarones | Calamar | Conchas negras | Caballa | Merluza"
"Alimentos y Bebidas/33-endeudamiento-Pescaderia.xlsx","Capacidad Endeudamiento","Pescadería","Alimentos y Bebidas","Trucha | Lenguado | Perico | Camarones | Calamar | Conchas negras | Caballa | Merluza"
"Alimentos y Bebidas/34-proyeccion-flujo-Pescaderia.xlsx","Proyección Flujo de Caja","Pescadería","Alimentos y Bebidas","Trucha | Lenguado | Perico | Camarones | Calamar | Conchas negras | Caballa | Merluza"
"Alimentos y Bebidas/01-dashboard-financiero-Supermercado.xlsx","Dashboard Financiero","Supermercado","Alimentos y Bebidas","Abarrotes | Lácteos | Carnes | Frutas y verduras | Limpieza del hogar | Bebidas | Panadería | Cuidado personal"
"Alimentos y Bebidas/02-control-ventas-Supermercado.xlsx","Control de Ventas","Supermercado","Alimentos y Bebidas","Abarrotes | Lácteos | Carnes | Frutas y verduras | Limpieza del hogar | Bebidas | Panadería | Cuidado personal"
"Alimentos y Bebidas/03-inventario-Supermercado.xlsx","Control de Inventario","Supermercado","Alimentos y Bebidas","Abarrotes | Lácteos | Carnes | Frutas y verduras | Limpieza del hogar | Bebidas | Panadería | Cuidado personal"
"Alimentos y Bebidas/04-presupuesto-anual-Supermercado.xlsx","Presupuesto Anual","Supermercado","Alimentos y Bebidas","Abarrotes | Lácteos | Carnes | Frutas y verduras | Limpieza del hogar | Bebidas | Panadería | Cuidado personal"
"Alimentos y Bebidas/05-flujo-de-caja-Supermercado.xlsx","Flujo de Caja","Supermercado","Alimentos y Bebidas","Abarrotes | Lácteos | Carnes | Frutas y verduras | Limpieza del hogar | Bebidas | Panadería | Cuidado personal"
"Alimentos y Bebidas/06-gestion-proyectos-Supermercado.xlsx","Gestión de Proyectos","Supermercado","Alimentos y Bebidas","Abarrotes | Lácteos | Carnes | Frutas y verduras | Limpieza del hogar | Bebidas | Panadería | Cuidado personal"
"Alimentos y Bebidas/07-analisis-kpis-Supermercado.xlsx","Análisis de KPIs","Supermercado","Alimentos y Bebidas","Abarrotes | Lácteos | Carnes | Frutas y verduras | Limpieza del hogar | Bebidas | Panadería | Cuidado personal"
"Alimentos y Bebidas/08-control-gastos-Supermercado.xlsx","Control de Gastos","Supermercado","Alimentos y Bebidas","Abarrotes | Lácteos | Carnes | Frutas y verduras | Limpieza del hogar | Bebidas | Panadería | Cuidado personal"
"Alimentos y Bebidas/09-planilla-personal-Supermercado.xlsx","Planilla de Personal","Supermercado","Alimentos y Bebidas","Abarrotes | Lácteos | Carnes | Frutas y verduras | Limpieza del hogar | Bebidas | Panadería | Cuidado personal"
"Alimentos y Bebidas/10-cuentas-por-cobrar-Supermercado.xlsx","Cuentas por Cobrar","Supermercado","Alimentos y Bebidas","Abarrotes | Lácteos | Carnes | Frutas y verduras | Limpieza del hogar | Bebidas | Panadería | Cuidado personal"
"Alimentos y Bebidas/11-caja-diaria-Supermercado.xlsx","Caja Diaria","Supermercado","Alimentos y Bebidas","Abarrotes | Lácteos | Carnes | Frutas y verduras | Limpieza del hogar | Bebidas | Panadería | Cuidado personal"
"Alimentos y Bebidas/12-compras-proveedores-Supermercado.xlsx","Compras y Proveedores","Supermercado","Alimentos y Bebidas","Abarrotes | Lácteos | Carnes | Frutas y verduras | Limpieza del hogar | Bebidas | Panadería | Cuidado personal"
"Alimentos y Bebidas/13-balance-general-Supermercado.xlsx","Balance General","Supermercado","Alimentos y Bebidas","Abarrotes | Lácteos | Carnes | Frutas y verduras | Limpieza del hogar | Bebidas | Panadería | Cuidado personal"
"Alimentos y Bebidas/14-estado-resultados-Supermercado.xlsx","Estado de Resultados","Supermercado","Alimentos y Bebidas","Abarrotes | Lácteos | Carnes | Frutas y verduras | Limpieza del hogar | Bebidas | Panadería | Cuidado personal"
"Alimentos y Bebidas/15-flujo-efectivo-indirecto-Supermercado.xlsx","Flujo de Efectivo Indirecto","Supermercado","Alimentos y Bebidas","Abarrotes | Lácteos | Carnes | Frutas y verduras | Limpieza del hogar | Bebidas | Panadería | Cuidado personal"
"Alimentos y Bebidas/16-conciliacion-bancaria-Supermercado.xlsx","Conciliación Bancaria","Supermercado","Alimentos y Bebidas","Abarrotes | Lácteos | Carnes | Frutas y verduras | Limpieza del hogar | Bebidas | Panadería | Cuidado personal"
"Alimentos y Bebidas/17-libro-diario-Supermercado.xlsx","Libro Diario y Mayor","Supermercado","Alimentos y Bebidas","Abarrotes | Lácteos | Carnes | Frutas y verduras | Limpieza del hogar | Bebidas | Panadería | Cuidado personal"
"Alimentos y Bebidas/18-ratios-financieros-Supermercado.xlsx","Ratios Financieros","Supermercado","Alimentos y Bebidas","Abarrotes | Lácteos | Carnes | Frutas y verduras | Limpieza del hogar | Bebidas | Panadería | Cuidado personal"
"Alimentos y Bebidas/19-control-tributario-Supermercado.xlsx","Control Tributario","Supermercado","Alimentos y Bebidas","Abarrotes | Lácteos | Carnes | Frutas y verduras | Limpieza del hogar | Bebidas | Panadería | Cuidado personal"
"Alimentos y Bebidas/20-presupuesto-centros-costo-Supermercado.xlsx","Presupuesto Centros de Costo","Supermercado","Alimentos y Bebidas","Abarrotes | Lácteos | Carnes | Frutas y verduras | Limpieza del hogar | Bebidas | Panadería | Cuidado personal"
"Alimentos y Bebidas/21-activos-fijos-Supermercado.xlsx","Activos Fijos y Depreciación","Supermercado","Alimentos y Bebidas","Abarrotes | Lácteos | Carnes | Frutas y verduras | Limpieza del hogar | Bebidas | Panadería | Cuidado personal"
"Alimentos y Bebidas/22-punto-equilibrio-Supermercado.xlsx","Punto de Equilibrio","Supermercado","Alimentos y Bebidas","Abarrotes | Lácteos | Carnes | Frutas y verduras | Limpieza del hogar | Bebidas | Panadería | Cuidado personal"
"Alimentos y Bebidas/23-estados-comparativos-Supermercado.xlsx","Estados Comparativos 3 Años","Supermercado","Alimentos y Bebidas","Abarrotes | Lácteos | Carnes | Frutas y verduras | Limpieza del hogar | Bebidas | Panadería | Cuidado personal"
"Alimentos y Bebidas/24-costeo-ordenes-Supermercado.xlsx","Costeo porÓrdenes de Trabajo","Supermercado","Alimentos y Bebidas","Abarrotes | Lácteos | Carnes | Frutas y verduras | Limpieza del hogar | Bebidas | Panadería | Cuidado personal"
"Alimentos y Bebidas/25-calculadora-cts-Supermercado.xlsx","Calculadora CTS","Supermercado","Alimentos y Bebidas","Abarrotes | Lácteos | Carnes | Frutas y verduras | Limpieza del hogar | Bebidas | Panadería | Cuidado personal"
"Alimentos y Bebidas/26-gratificaciones-Supermercado.xlsx","Calculadora Gratificaciones","Supermercado","Alimentos y Bebidas","Abarrotes | Lácteos | Carnes | Frutas y verduras | Limpieza del hogar | Bebidas | Panadería | Cuidado personal"
"Alimentos y Bebidas/27-amortizacion-Supermercado.xlsx","Cuadro de Amortización","Supermercado","Alimentos y Bebidas","Abarrotes | Lácteos | Carnes | Frutas y verduras | Limpieza del hogar | Bebidas | Panadería | Cuidado personal"
"Alimentos y Bebidas/28-vacaciones-Supermercado.xlsx","Calculadora Vacaciones","Supermercado","Alimentos y Bebidas","Abarrotes | Lácteos | Carnes | Frutas y verduras | Limpieza del hogar | Bebidas | Panadería | Cuidado personal"
"Alimentos y Bebidas/29-afp-onp-Supermercado.xlsx","Calculadora AFP/ONP","Supermercado","Alimentos y Bebidas","Abarrotes | Lácteos | Carnes | Frutas y verduras | Limpieza del hogar | Bebidas | Panadería | Cuidado personal"
"Alimentos y Bebidas/30-nomina-Supermercado.xlsx","Calculadora Nómina","Supermercado","Alimentos y Bebidas","Abarrotes | Lácteos | Carnes | Frutas y verduras | Limpieza del hogar | Bebidas | Panadería | Cuidado personal"
"Alimentos y Bebidas/31-roi-Supermercado.xlsx","Calculadora ROI","Supermercado","Alimentos y Bebidas","Abarrotes | Lácteos | Carnes | Frutas y verduras | Limpieza del hogar | Bebidas | Panadería | Cuidado personal"
"Alimentos y Bebidas/32-ipc-Supermercado.xlsx","Calculadora IPC","Supermercado","Alimentos y Bebidas","Abarrotes | Lácteos | Carnes | Frutas y verduras | Limpieza del hogar | Bebidas | Panadería | Cuidado personal"
"Alimentos y Bebidas/33-endeudamiento-Supermercado.xlsx","Capacidad Endeudamiento","Supermercado","Alimentos y Bebidas","Abarrotes | Lácteos | Carnes | Frutas y verduras | Limpieza del hogar | Bebidas | Panadería | Cuidado personal"
"Alimentos y Bebidas/34-proyeccion-flujo-Supermercado.xlsx","Proyección Flujo de Caja","Supermercado","Alimentos y Bebidas","Abarrotes | Lácteos | Carnes | Frutas y verduras | Limpieza del hogar | Bebidas | Panadería | Cuidado personal"
"Comercio y Retail/01-dashboard-financiero-Farmacia.xlsx","Dashboard Financiero","Farmacia","Comercio y Retail","Paracetamol | Amoxicilina | Ibuprofeno | Vitamina C | Jarabe para la tos | Curitas | Alcohol en gel |  protector solar"
"Comercio y Retail/02-control-ventas-Farmacia.xlsx","Control de Ventas","Farmacia","Comercio y Retail","Paracetamol | Amoxicilina | Ibuprofeno | Vitamina C | Jarabe para la tos | Curitas | Alcohol en gel |  protector solar"
"Comercio y Retail/03-inventario-Farmacia.xlsx","Control de Inventario","Farmacia","Comercio y Retail","Paracetamol | Amoxicilina | Ibuprofeno | Vitamina C | Jarabe para la tos | Curitas | Alcohol en gel |  protector solar"
"Comercio y Retail/04-presupuesto-anual-Farmacia.xlsx","Presupuesto Anual","Farmacia","Comercio y Retail","Paracetamol | Amoxicilina | Ibuprofeno | Vitamina C | Jarabe para la tos | Curitas | Alcohol en gel |  protector solar"
"Comercio y Retail/05-flujo-de-caja-Farmacia.xlsx","Flujo de Caja","Farmacia","Comercio y Retail","Paracetamol | Amoxicilina | Ibuprofeno | Vitamina C | Jarabe para la tos | Curitas | Alcohol en gel |  protector solar"
"Comercio y Retail/06-gestion-proyectos-Farmacia.xlsx","Gestión de Proyectos","Farmacia","Comercio y Retail","Paracetamol | Amoxicilina | Ibuprofeno | Vitamina C | Jarabe para la tos | Curitas | Alcohol en gel |  protector solar"
"Comercio y Retail/07-analisis-kpis-Farmacia.xlsx","Análisis de KPIs","Farmacia","Comercio y Retail","Paracetamol | Amoxicilina | Ibuprofeno | Vitamina C | Jarabe para la tos | Curitas | Alcohol en gel |  protector solar"
"Comercio y Retail/08-control-gastos-Farmacia.xlsx","Control de Gastos","Farmacia","Comercio y Retail","Paracetamol | Amoxicilina | Ibuprofeno | Vitamina C | Jarabe para la tos | Curitas | Alcohol en gel |  protector solar"
"Comercio y Retail/09-planilla-personal-Farmacia.xlsx","Planilla de Personal","Farmacia","Comercio y Retail","Paracetamol | Amoxicilina | Ibuprofeno | Vitamina C | Jarabe para la tos | Curitas | Alcohol en gel |  protector solar"
"Comercio y Retail/10-cuentas-por-cobrar-Farmacia.xlsx","Cuentas por Cobrar","Farmacia","Comercio y Retail","Paracetamol | Amoxicilina | Ibuprofeno | Vitamina C | Jarabe para la tos | Curitas | Alcohol en gel |  protector solar"
"Comercio y Retail/11-caja-diaria-Farmacia.xlsx","Caja Diaria","Farmacia","Comercio y Retail","Paracetamol | Amoxicilina | Ibuprofeno | Vitamina C | Jarabe para la tos | Curitas | Alcohol en gel |  protector solar"
"Comercio y Retail/12-compras-proveedores-Farmacia.xlsx","Compras y Proveedores","Farmacia","Comercio y Retail","Paracetamol | Amoxicilina | Ibuprofeno | Vitamina C | Jarabe para la tos | Curitas | Alcohol en gel |  protector solar"
"Comercio y Retail/13-balance-general-Farmacia.xlsx","Balance General","Farmacia","Comercio y Retail","Paracetamol | Amoxicilina | Ibuprofeno | Vitamina C | Jarabe para la tos | Curitas | Alcohol en gel |  protector solar"
"Comercio y Retail/14-estado-resultados-Farmacia.xlsx","Estado de Resultados","Farmacia","Comercio y Retail","Paracetamol | Amoxicilina | Ibuprofeno | Vitamina C | Jarabe para la tos | Curitas | Alcohol en gel |  protector solar"
"Comercio y Retail/15-flujo-efectivo-indirecto-Farmacia.xlsx","Flujo de Efectivo Indirecto","Farmacia","Comercio y Retail","Paracetamol | Amoxicilina | Ibuprofeno | Vitamina C | Jarabe para la tos | Curitas | Alcohol en gel |  protector solar"
"Comercio y Retail/16-conciliacion-bancaria-Farmacia.xlsx","Conciliación Bancaria","Farmacia","Comercio y Retail","Paracetamol | Amoxicilina | Ibuprofeno | Vitamina C | Jarabe para la tos | Curitas | Alcohol en gel |  protector solar"
"Comercio y Retail/17-libro-diario-Farmacia.xlsx","Libro Diario y Mayor","Farmacia","Comercio y Retail","Paracetamol | Amoxicilina | Ibuprofeno | Vitamina C | Jarabe para la tos | Curitas | Alcohol en gel |  protector solar"
"Comercio y Retail/18-ratios-financieros-Farmacia.xlsx","Ratios Financieros","Farmacia","Comercio y Retail","Paracetamol | Amoxicilina | Ibuprofeno | Vitamina C | Jarabe para la tos | Curitas | Alcohol en gel |  protector solar"
"Comercio y Retail/19-control-tributario-Farmacia.xlsx","Control Tributario","Farmacia","Comercio y Retail","Paracetamol | Amoxicilina | Ibuprofeno | Vitamina C | Jarabe para la tos | Curitas | Alcohol en gel |  protector solar"
"Comercio y Retail/20-presupuesto-centros-costo-Farmacia.xlsx","Presupuesto Centros de Costo","Farmacia","Comercio y Retail","Paracetamol | Amoxicilina | Ibuprofeno | Vitamina C | Jarabe para la tos | Curitas | Alcohol en gel |  protector solar"
"Comercio y Retail/21-activos-fijos-Farmacia.xlsx","Activos Fijos y Depreciación","Farmacia","Comercio y Retail","Paracetamol | Amoxicilina | Ibuprofeno | Vitamina C | Jarabe para la tos | Curitas | Alcohol en gel |  protector solar"
"Comercio y Retail/22-punto-equilibrio-Farmacia.xlsx","Punto de Equilibrio","Farmacia","Comercio y Retail","Paracetamol | Amoxicilina | Ibuprofeno | Vitamina C | Jarabe para la tos | Curitas | Alcohol en gel |  protector solar"
"Comercio y Retail/23-estados-comparativos-Farmacia.xlsx","Estados Comparativos 3 Años","Farmacia","Comercio y Retail","Paracetamol | Amoxicilina | Ibuprofeno | Vitamina C | Jarabe para la tos | Curitas | Alcohol en gel |  protector solar"
"Comercio y Retail/24-costeo-ordenes-Farmacia.xlsx","Costeo porÓrdenes de Trabajo","Farmacia","Comercio y Retail","Paracetamol | Amoxicilina | Ibuprofeno | Vitamina C | Jarabe para la tos | Curitas | Alcohol en gel |  protector solar"
"Comercio y Retail/25-calculadora-cts-Farmacia.xlsx","Calculadora CTS","Farmacia","Comercio y Retail","Paracetamol | Amoxicilina | Ibuprofeno | Vitamina C | Jarabe para la tos | Curitas | Alcohol en gel |  protector solar"
"Comercio y Retail/26-gratificaciones-Farmacia.xlsx","Calculadora Gratificaciones","Farmacia","Comercio y Retail","Paracetamol | Amoxicilina | Ibuprofeno | Vitamina C | Jarabe para la tos | Curitas | Alcohol en gel |  protector solar"
"Comercio y Retail/27-amortizacion-Farmacia.xlsx","Cuadro de Amortización","Farmacia","Comercio y Retail","Paracetamol | Amoxicilina | Ibuprofeno | Vitamina C | Jarabe para la tos | Curitas | Alcohol en gel |  protector solar"
"Comercio y Retail/28-vacaciones-Farmacia.xlsx","Calculadora Vacaciones","Farmacia","Comercio y Retail","Paracetamol | Amoxicilina | Ibuprofeno | Vitamina C | Jarabe para la tos | Curitas | Alcohol en gel |  protector solar"
"Comercio y Retail/29-afp-onp-Farmacia.xlsx","Calculadora AFP/ONP","Farmacia","Comercio y Retail","Paracetamol | Amoxicilina | Ibuprofeno | Vitamina C | Jarabe para la tos | Curitas | Alcohol en gel |  protector solar"
"Comercio y Retail/30-nomina-Farmacia.xlsx","Calculadora Nómina","Farmacia","Comercio y Retail","Paracetamol | Amoxicilina | Ibuprofeno | Vitamina C | Jarabe para la tos | Curitas | Alcohol en gel |  protector solar"
"Comercio y Retail/31-roi-Farmacia.xlsx","Calculadora ROI","Farmacia","Comercio y Retail","Paracetamol | Amoxicilina | Ibuprofeno | Vitamina C | Jarabe para la tos | Curitas | Alcohol en gel |  protector solar"
"Comercio y Retail/32-ipc-Farmacia.xlsx","Calculadora IPC","Farmacia","Comercio y Retail","Paracetamol | Amoxicilina | Ibuprofeno | Vitamina C | Jarabe para la tos | Curitas | Alcohol en gel |  protector solar"
"Comercio y Retail/33-endeudamiento-Farmacia.xlsx","Capacidad Endeudamiento","Farmacia","Comercio y Retail","Paracetamol | Amoxicilina | Ibuprofeno | Vitamina C | Jarabe para la tos | Curitas | Alcohol en gel |  protector solar"
"Comercio y Retail/34-proyeccion-flujo-Farmacia.xlsx","Proyección Flujo de Caja","Farmacia","Comercio y Retail","Paracetamol | Amoxicilina | Ibuprofeno | Vitamina C | Jarabe para la tos | Curitas | Alcohol en gel |  protector solar"
"Comercio y Retail/01-dashboard-financiero-Ferreteria.xlsx","Dashboard Financiero","Ferretería","Comercio y Retail","Cemento | Ladrillo | Pintura latex | Clavos | Tubo PVC | Cable eléctrico | Herramientas | Sellante"
"Comercio y Retail/02-control-ventas-Ferreteria.xlsx","Control de Ventas","Ferretería","Comercio y Retail","Cemento | Ladrillo | Pintura latex | Clavos | Tubo PVC | Cable eléctrico | Herramientas | Sellante"
"Comercio y Retail/03-inventario-Ferreteria.xlsx","Control de Inventario","Ferretería","Comercio y Retail","Cemento | Ladrillo | Pintura latex | Clavos | Tubo PVC | Cable eléctrico | Herramientas | Sellante"
"Comercio y Retail/04-presupuesto-anual-Ferreteria.xlsx","Presupuesto Anual","Ferretería","Comercio y Retail","Cemento | Ladrillo | Pintura latex | Clavos | Tubo PVC | Cable eléctrico | Herramientas | Sellante"
"Comercio y Retail/05-flujo-de-caja-Ferreteria.xlsx","Flujo de Caja","Ferretería","Comercio y Retail","Cemento | Ladrillo | Pintura latex | Clavos | Tubo PVC | Cable eléctrico | Herramientas | Sellante"
"Comercio y Retail/06-gestion-proyectos-Ferreteria.xlsx","Gestión de Proyectos","Ferretería","Comercio y Retail","Cemento | Ladrillo | Pintura latex | Clavos | Tubo PVC | Cable eléctrico | Herramientas | Sellante"
"Comercio y Retail/07-analisis-kpis-Ferreteria.xlsx","Análisis de KPIs","Ferretería","Comercio y Retail","Cemento | Ladrillo | Pintura latex | Clavos | Tubo PVC | Cable eléctrico | Herramientas | Sellante"
"Comercio y Retail/08-control-gastos-Ferreteria.xlsx","Control de Gastos","Ferretería","Comercio y Retail","Cemento | Ladrillo | Pintura latex | Clavos | Tubo PVC | Cable eléctrico | Herramientas | Sellante"
"Comercio y Retail/09-planilla-personal-Ferreteria.xlsx","Planilla de Personal","Ferretería","Comercio y Retail","Cemento | Ladrillo | Pintura latex | Clavos | Tubo PVC | Cable eléctrico | Herramientas | Sellante"
"Comercio y Retail/10-cuentas-por-cobrar-Ferreteria.xlsx","Cuentas por Cobrar","Ferretería","Comercio y Retail","Cemento | Ladrillo | Pintura latex | Clavos | Tubo PVC | Cable eléctrico | Herramientas | Sellante"
"Comercio y Retail/11-caja-diaria-Ferreteria.xlsx","Caja Diaria","Ferretería","Comercio y Retail","Cemento | Ladrillo | Pintura latex | Clavos | Tubo PVC | Cable eléctrico | Herramientas | Sellante"
"Comercio y Retail/12-compras-proveedores-Ferreteria.xlsx","Compras y Proveedores","Ferretería","Comercio y Retail","Cemento | Ladrillo | Pintura latex | Clavos | Tubo PVC | Cable eléctrico | Herramientas | Sellante"
"Comercio y Retail/13-balance-general-Ferreteria.xlsx","Balance General","Ferretería","Comercio y Retail","Cemento | Ladrillo | Pintura latex | Clavos | Tubo PVC | Cable eléctrico | Herramientas | Sellante"
"Comercio y Retail/14-estado-resultados-Ferreteria.xlsx","Estado de Resultados","Ferretería","Comercio y Retail","Cemento | Ladrillo | Pintura latex | Clavos | Tubo PVC | Cable eléctrico | Herramientas | Sellante"
"Comercio y Retail/15-flujo-efectivo-indirecto-Ferreteria.xlsx","Flujo de Efectivo Indirecto","Ferretería","Comercio y Retail","Cemento | Ladrillo | Pintura latex | Clavos | Tubo PVC | Cable eléctrico | Herramientas | Sellante"
"Comercio y Retail/16-conciliacion-bancaria-Ferreteria.xlsx","Conciliación Bancaria","Ferretería","Comercio y Retail","Cemento | Ladrillo | Pintura latex | Clavos | Tubo PVC | Cable eléctrico | Herramientas | Sellante"
"Comercio y Retail/17-libro-diario-Ferreteria.xlsx","Libro Diario y Mayor","Ferretería","Comercio y Retail","Cemento | Ladrillo | Pintura latex | Clavos | Tubo PVC | Cable eléctrico | Herramientas | Sellante"
"Comercio y Retail/18-ratios-financieros-Ferreteria.xlsx","Ratios Financieros","Ferretería","Comercio y Retail","Cemento | Ladrillo | Pintura latex | Clavos | Tubo PVC | Cable eléctrico | Herramientas | Sellante"
"Comercio y Retail/19-control-tributario-Ferreteria.xlsx","Control Tributario","Ferretería","Comercio y Retail","Cemento | Ladrillo | Pintura latex | Clavos | Tubo PVC | Cable eléctrico | Herramientas | Sellante"
"Comercio y Retail/20-presupuesto-centros-costo-Ferreteria.xlsx","Presupuesto Centros de Costo","Ferretería","Comercio y Retail","Cemento | Ladrillo | Pintura latex | Clavos | Tubo PVC | Cable eléctrico | Herramientas | Sellante"
"Comercio y Retail/21-activos-fijos-Ferreteria.xlsx","Activos Fijos y Depreciación","Ferretería","Comercio y Retail","Cemento | Ladrillo | Pintura latex | Clavos | Tubo PVC | Cable eléctrico | Herramientas | Sellante"
"Comercio y Retail/22-punto-equilibrio-Ferreteria.xlsx","Punto de Equilibrio","Ferretería","Comercio y Retail","Cemento | Ladrillo | Pintura latex | Clavos | Tubo PVC | Cable eléctrico | Herramientas | Sellante"
"Comercio y Retail/23-estados-comparativos-Ferreteria.xlsx","Estados Comparativos 3 Años","Ferretería","Comercio y Retail","Cemento | Ladrillo | Pintura latex | Clavos | Tubo PVC | Cable eléctrico | Herramientas | Sellante"
"Comercio y Retail/24-costeo-ordenes-Ferreteria.xlsx","Costeo porÓrdenes de Trabajo","Ferretería","Comercio y Retail","Cemento | Ladrillo | Pintura latex | Clavos | Tubo PVC | Cable eléctrico | Herramientas | Sellante"
"Comercio y Retail/25-calculadora-cts-Ferreteria.xlsx","Calculadora CTS","Ferretería","Comercio y Retail","Cemento | Ladrillo | Pintura latex | Clavos | Tubo PVC | Cable eléctrico | Herramientas | Sellante"
"Comercio y Retail/26-gratificaciones-Ferreteria.xlsx","Calculadora Gratificaciones","Ferretería","Comercio y Retail","Cemento | Ladrillo | Pintura latex | Clavos | Tubo PVC | Cable eléctrico | Herramientas | Sellante"
"Comercio y Retail/27-amortizacion-Ferreteria.xlsx","Cuadro de Amortización","Ferretería","Comercio y Retail","Cemento | Ladrillo | Pintura latex | Clavos | Tubo PVC | Cable eléctrico | Herramientas | Sellante"
"Comercio y Retail/28-vacaciones-Ferreteria.xlsx","Calculadora Vacaciones","Ferretería","Comercio y Retail","Cemento | Ladrillo | Pintura latex | Clavos | Tubo PVC | Cable eléctrico | Herramientas | Sellante"
"Comercio y Retail/29-afp-onp-Ferreteria.xlsx","Calculadora AFP/ONP","Ferretería","Comercio y Retail","Cemento | Ladrillo | Pintura latex | Clavos | Tubo PVC | Cable eléctrico | Herramientas | Sellante"
"Comercio y Retail/30-nomina-Ferreteria.xlsx","Calculadora Nómina","Ferretería","Comercio y Retail","Cemento | Ladrillo | Pintura latex | Clavos | Tubo PVC | Cable eléctrico | Herramientas | Sellante"
"Comercio y Retail/31-roi-Ferreteria.xlsx","Calculadora ROI","Ferretería","Comercio y Retail","Cemento | Ladrillo | Pintura latex | Clavos | Tubo PVC | Cable eléctrico | Herramientas | Sellante"
"Comercio y Retail/32-ipc-Ferreteria.xlsx","Calculadora IPC","Ferretería","Comercio y Retail","Cemento | Ladrillo | Pintura latex | Clavos | Tubo PVC | Cable eléctrico | Herramientas | Sellante"
"Comercio y Retail/33-endeudamiento-Ferreteria.xlsx","Capacidad Endeudamiento","Ferretería","Comercio y Retail","Cemento | Ladrillo | Pintura latex | Clavos | Tubo PVC | Cable eléctrico | Herramientas | Sellante"
"Comercio y Retail/34-proyeccion-flujo-Ferreteria.xlsx","Proyección Flujo de Caja","Ferretería","Comercio y Retail","Cemento | Ladrillo | Pintura latex | Clavos | Tubo PVC | Cable eléctrico | Herramientas | Sellante"
"Comercio y Retail/01-dashboard-financiero-Tienda de Ropa.xlsx","Dashboard Financiero","Tienda de Ropa","Comercio y Retail","Polo básico | Jean | Casaca | Vestido | Camisa | Short | Chompa | Ropa deportiva"
"Comercio y Retail/02-control-ventas-Tienda de Ropa.xlsx","Control de Ventas","Tienda de Ropa","Comercio y Retail","Polo básico | Jean | Casaca | Vestido | Camisa | Short | Chompa | Ropa deportiva"
"Comercio y Retail/03-inventario-Tienda de Ropa.xlsx","Control de Inventario","Tienda de Ropa","Comercio y Retail","Polo básico | Jean | Casaca | Vestido | Camisa | Short | Chompa | Ropa deportiva"
"Comercio y Retail/04-presupuesto-anual-Tienda de Ropa.xlsx","Presupuesto Anual","Tienda de Ropa","Comercio y Retail","Polo básico | Jean | Casaca | Vestido | Camisa | Short | Chompa | Ropa deportiva"
"Comercio y Retail/05-flujo-de-caja-Tienda de Ropa.xlsx","Flujo de Caja","Tienda de Ropa","Comercio y Retail","Polo básico | Jean | Casaca | Vestido | Camisa | Short | Chompa | Ropa deportiva"
"Comercio y Retail/06-gestion-proyectos-Tienda de Ropa.xlsx","Gestión de Proyectos","Tienda de Ropa","Comercio y Retail","Polo básico | Jean | Casaca | Vestido | Camisa | Short | Chompa | Ropa deportiva"
"Comercio y Retail/07-analisis-kpis-Tienda de Ropa.xlsx","Análisis de KPIs","Tienda de Ropa","Comercio y Retail","Polo básico | Jean | Casaca | Vestido | Camisa | Short | Chompa | Ropa deportiva"
"Comercio y Retail/08-control-gastos-Tienda de Ropa.xlsx","Control de Gastos","Tienda de Ropa","Comercio y Retail","Polo básico | Jean | Casaca | Vestido | Camisa | Short | Chompa | Ropa deportiva"
"Comercio y Retail/09-planilla-personal-Tienda de Ropa.xlsx","Planilla de Personal","Tienda de Ropa","Comercio y Retail","Polo básico | Jean | Casaca | Vestido | Camisa | Short | Chompa | Ropa deportiva"
"Comercio y Retail/10-cuentas-por-cobrar-Tienda de Ropa.xlsx","Cuentas por Cobrar","Tienda de Ropa","Comercio y Retail","Polo básico | Jean | Casaca | Vestido | Camisa | Short | Chompa | Ropa deportiva"
"Comercio y Retail/11-caja-diaria-Tienda de Ropa.xlsx","Caja Diaria","Tienda de Ropa","Comercio y Retail","Polo básico | Jean | Casaca | Vestido | Camisa | Short | Chompa | Ropa deportiva"
"Comercio y Retail/12-compras-proveedores-Tienda de Ropa.xlsx","Compras y Proveedores","Tienda de Ropa","Comercio y Retail","Polo básico | Jean | Casaca | Vestido | Camisa | Short | Chompa | Ropa deportiva"
"Comercio y Retail/13-balance-general-Tienda de Ropa.xlsx","Balance General","Tienda de Ropa","Comercio y Retail","Polo básico | Jean | Casaca | Vestido | Camisa | Short | Chompa | Ropa deportiva"
"Comercio y Retail/14-estado-resultados-Tienda de Ropa.xlsx","Estado de Resultados","Tienda de Ropa","Comercio y Retail","Polo básico | Jean | Casaca | Vestido | Camisa | Short | Chompa | Ropa deportiva"
"Comercio y Retail/15-flujo-efectivo-indirecto-Tienda de Ropa.xlsx","Flujo de Efectivo Indirecto","Tienda de Ropa","Comercio y Retail","Polo básico | Jean | Casaca | Vestido | Camisa | Short | Chompa | Ropa deportiva"
"Comercio y Retail/16-conciliacion-bancaria-Tienda de Ropa.xlsx","Conciliación Bancaria","Tienda de Ropa","Comercio y Retail","Polo básico | Jean | Casaca | Vestido | Camisa | Short | Chompa | Ropa deportiva"
"Comercio y Retail/17-libro-diario-Tienda de Ropa.xlsx","Libro Diario y Mayor","Tienda de Ropa","Comercio y Retail","Polo básico | Jean | Casaca | Vestido | Camisa | Short | Chompa | Ropa deportiva"
"Comercio y Retail/18-ratios-financieros-Tienda de Ropa.xlsx","Ratios Financieros","Tienda de Ropa","Comercio y Retail","Polo básico | Jean | Casaca | Vestido | Camisa | Short | Chompa | Ropa deportiva"
"Comercio y Retail/19-control-tributario-Tienda de Ropa.xlsx","Control Tributario","Tienda de Ropa","Comercio y Retail","Polo básico | Jean | Casaca | Vestido | Camisa | Short | Chompa | Ropa deportiva"
"Comercio y Retail/20-presupuesto-centros-costo-Tienda de Ropa.xlsx","Presupuesto Centros de Costo","Tienda de Ropa","Comercio y Retail","Polo básico | Jean | Casaca | Vestido | Camisa | Short | Chompa | Ropa deportiva"
"Comercio y Retail/21-activos-fijos-Tienda de Ropa.xlsx","Activos Fijos y Depreciación","Tienda de Ropa","Comercio y Retail","Polo básico | Jean | Casaca | Vestido | Camisa | Short | Chompa | Ropa deportiva"
"Comercio y Retail/22-punto-equilibrio-Tienda de Ropa.xlsx","Punto de Equilibrio","Tienda de Ropa","Comercio y Retail","Polo básico | Jean | Casaca | Vestido | Camisa | Short | Chompa | Ropa deportiva"
"Comercio y Retail/23-estados-comparativos-Tienda de Ropa.xlsx","Estados Comparativos 3 Años","Tienda de Ropa","Comercio y Retail","Polo básico | Jean | Casaca | Vestido | Camisa | Short | Chompa | Ropa deportiva"
"Comercio y Retail/24-costeo-ordenes-Tienda de Ropa.xlsx","Costeo porÓrdenes de Trabajo","Tienda de Ropa","Comercio y Retail","Polo básico | Jean | Casaca | Vestido | Camisa | Short | Chompa | Ropa deportiva"
"Comercio y Retail/25-calculadora-cts-Tienda de Ropa.xlsx","Calculadora CTS","Tienda de Ropa","Comercio y Retail","Polo básico | Jean | Casaca | Vestido | Camisa | Short | Chompa | Ropa deportiva"
"Comercio y Retail/26-gratificaciones-Tienda de Ropa.xlsx","Calculadora Gratificaciones","Tienda de Ropa","Comercio y Retail","Polo básico | Jean | Casaca | Vestido | Camisa | Short | Chompa | Ropa deportiva"
"Comercio y Retail/27-amortizacion-Tienda de Ropa.xlsx","Cuadro de Amortización","Tienda de Ropa","Comercio y Retail","Polo básico | Jean | Casaca | Vestido | Camisa | Short | Chompa | Ropa deportiva"
"Comercio y Retail/28-vacaciones-Tienda de Ropa.xlsx","Calculadora Vacaciones","Tienda de Ropa","Comercio y Retail","Polo básico | Jean | Casaca | Vestido | Camisa | Short | Chompa | Ropa deportiva"
"Comercio y Retail/29-afp-onp-Tienda de Ropa.xlsx","Calculadora AFP/ONP","Tienda de Ropa","Comercio y Retail","Polo básico | Jean | Casaca | Vestido | Camisa | Short | Chompa | Ropa deportiva"
"Comercio y Retail/30-nomina-Tienda de Ropa.xlsx","Calculadora Nómina","Tienda de Ropa","Comercio y Retail","Polo básico | Jean | Casaca | Vestido | Camisa | Short | Chompa | Ropa deportiva"
"Comercio y Retail/31-roi-Tienda de Ropa.xlsx","Calculadora ROI","Tienda de Ropa","Comercio y Retail","Polo básico | Jean | Casaca | Vestido | Camisa | Short | Chompa | Ropa deportiva"
"Comercio y Retail/32-ipc-Tienda de Ropa.xlsx","Calculadora IPC","Tienda de Ropa","Comercio y Retail","Polo básico | Jean | Casaca | Vestido | Camisa | Short | Chompa | Ropa deportiva"
"Comercio y Retail/33-endeudamiento-Tienda de Ropa.xlsx","Capacidad Endeudamiento","Tienda de Ropa","Comercio y Retail","Polo básico | Jean | Casaca | Vestido | Camisa | Short | Chompa | Ropa deportiva"
"Comercio y Retail/34-proyeccion-flujo-Tienda de Ropa.xlsx","Proyección Flujo de Caja","Tienda de Ropa","Comercio y Retail","Polo básico | Jean | Casaca | Vestido | Camisa | Short | Chompa | Ropa deportiva"
"Comercio y Retail/01-dashboard-financiero-Zapateria.xlsx","Dashboard Financiero","Zapatería","Comercio y Retail","Zapatillas | Zapato de vestir | Sandalia | Botín | Ojotas | Zapato escolar | Mocasín | Tacos"
"Comercio y Retail/02-control-ventas-Zapateria.xlsx","Control de Ventas","Zapatería","Comercio y Retail","Zapatillas | Zapato de vestir | Sandalia | Botín | Ojotas | Zapato escolar | Mocasín | Tacos"
"Comercio y Retail/03-inventario-Zapateria.xlsx","Control de Inventario","Zapatería","Comercio y Retail","Zapatillas | Zapato de vestir | Sandalia | Botín | Ojotas | Zapato escolar | Mocasín | Tacos"
"Comercio y Retail/04-presupuesto-anual-Zapateria.xlsx","Presupuesto Anual","Zapatería","Comercio y Retail","Zapatillas | Zapato de vestir | Sandalia | Botín | Ojotas | Zapato escolar | Mocasín | Tacos"
"Comercio y Retail/05-flujo-de-caja-Zapateria.xlsx","Flujo de Caja","Zapatería","Comercio y Retail","Zapatillas | Zapato de vestir | Sandalia | Botín | Ojotas | Zapato escolar | Mocasín | Tacos"
"Comercio y Retail/06-gestion-proyectos-Zapateria.xlsx","Gestión de Proyectos","Zapatería","Comercio y Retail","Zapatillas | Zapato de vestir | Sandalia | Botín | Ojotas | Zapato escolar | Mocasín | Tacos"
"Comercio y Retail/07-analisis-kpis-Zapateria.xlsx","Análisis de KPIs","Zapatería","Comercio y Retail","Zapatillas | Zapato de vestir | Sandalia | Botín | Ojotas | Zapato escolar | Mocasín | Tacos"
"Comercio y Retail/08-control-gastos-Zapateria.xlsx","Control de Gastos","Zapatería","Comercio y Retail","Zapatillas | Zapato de vestir | Sandalia | Botín | Ojotas | Zapato escolar | Mocasín | Tacos"
"Comercio y Retail/09-planilla-personal-Zapateria.xlsx","Planilla de Personal","Zapatería","Comercio y Retail","Zapatillas | Zapato de vestir | Sandalia | Botín | Ojotas | Zapato escolar | Mocasín | Tacos"
"Comercio y Retail/10-cuentas-por-cobrar-Zapateria.xlsx","Cuentas por Cobrar","Zapatería","Comercio y Retail","Zapatillas | Zapato de vestir | Sandalia | Botín | Ojotas | Zapato escolar | Mocasín | Tacos"
"Comercio y Retail/11-caja-diaria-Zapateria.xlsx","Caja Diaria","Zapatería","Comercio y Retail","Zapatillas | Zapato de vestir | Sandalia | Botín | Ojotas | Zapato escolar | Mocasín | Tacos"
"Comercio y Retail/12-compras-proveedores-Zapateria.xlsx","Compras y Proveedores","Zapatería","Comercio y Retail","Zapatillas | Zapato de vestir | Sandalia | Botín | Ojotas | Zapato escolar | Mocasín | Tacos"
"Comercio y Retail/13-balance-general-Zapateria.xlsx","Balance General","Zapatería","Comercio y Retail","Zapatillas | Zapato de vestir | Sandalia | Botín | Ojotas | Zapato escolar | Mocasín | Tacos"
"Comercio y Retail/14-estado-resultados-Zapateria.xlsx","Estado de Resultados","Zapatería","Comercio y Retail","Zapatillas | Zapato de vestir | Sandalia | Botín | Ojotas | Zapato escolar | Mocasín | Tacos"
"Comercio y Retail/15-flujo-efectivo-indirecto-Zapateria.xlsx","Flujo de Efectivo Indirecto","Zapatería","Comercio y Retail","Zapatillas | Zapato de vestir | Sandalia | Botín | Ojotas | Zapato escolar | Mocasín | Tacos"
"Comercio y Retail/16-conciliacion-bancaria-Zapateria.xlsx","Conciliación Bancaria","Zapatería","Comercio y Retail","Zapatillas | Zapato de vestir | Sandalia | Botín | Ojotas | Zapato escolar | Mocasín | Tacos"
"Comercio y Retail/17-libro-diario-Zapateria.xlsx","Libro Diario y Mayor","Zapatería","Comercio y Retail","Zapatillas | Zapato de vestir | Sandalia | Botín | Ojotas | Zapato escolar | Mocasín | Tacos"
"Comercio y Retail/18-ratios-financieros-Zapateria.xlsx","Ratios Financieros","Zapatería","Comercio y Retail","Zapatillas | Zapato de vestir | Sandalia | Botín | Ojotas | Zapato escolar | Mocasín | Tacos"
"Comercio y Retail/19-control-tributario-Zapateria.xlsx","Control Tributario","Zapatería","Comercio y Retail","Zapatillas | Zapato de vestir | Sandalia | Botín | Ojotas | Zapato escolar | Mocasín | Tacos"
"Comercio y Retail/20-presupuesto-centros-costo-Zapateria.xlsx","Presupuesto Centros de Costo","Zapatería","Comercio y Retail","Zapatillas | Zapato de vestir | Sandalia | Botín | Ojotas | Zapato escolar | Mocasín | Tacos"
"Comercio y Retail/21-activos-fijos-Zapateria.xlsx","Activos Fijos y Depreciación","Zapatería","Comercio y Retail","Zapatillas | Zapato de vestir | Sandalia | Botín | Ojotas | Zapato escolar | Mocasín | Tacos"
"Comercio y Retail/22-punto-equilibrio-Zapateria.xlsx","Punto de Equilibrio","Zapatería","Comercio y Retail","Zapatillas | Zapato de vestir | Sandalia | Botín | Ojotas | Zapato escolar | Mocasín | Tacos"
"Comercio y Retail/23-estados-comparativos-Zapateria.xlsx","Estados Comparativos 3 Años","Zapatería","Comercio y Retail","Zapatillas | Zapato de vestir | Sandalia | Botín | Ojotas | Zapato escolar | Mocasín | Tacos"
"Comercio y Retail/24-costeo-ordenes-Zapateria.xlsx","Costeo porÓrdenes de Trabajo","Zapatería","Comercio y Retail","Zapatillas | Zapato de vestir | Sandalia | Botín | Ojotas | Zapato escolar | Mocasín | Tacos"
"Comercio y Retail/25-calculadora-cts-Zapateria.xlsx","Calculadora CTS","Zapatería","Comercio y Retail","Zapatillas | Zapato de vestir | Sandalia | Botín | Ojotas | Zapato escolar | Mocasín | Tacos"
"Comercio y Retail/26-gratificaciones-Zapateria.xlsx","Calculadora Gratificaciones","Zapatería","Comercio y Retail","Zapatillas | Zapato de vestir | Sandalia | Botín | Ojotas | Zapato escolar | Mocasín | Tacos"
"Comercio y Retail/27-amortizacion-Zapateria.xlsx","Cuadro de Amortización","Zapatería","Comercio y Retail","Zapatillas | Zapato de vestir | Sandalia | Botín | Ojotas | Zapato escolar | Mocasín | Tacos"
"Comercio y Retail/28-vacaciones-Zapateria.xlsx","Calculadora Vacaciones","Zapatería","Comercio y Retail","Zapatillas | Zapato de vestir | Sandalia | Botín | Ojotas | Zapato escolar | Mocasín | Tacos"
"Comercio y Retail/29-afp-onp-Zapateria.xlsx","Calculadora AFP/ONP","Zapatería","Comercio y Retail","Zapatillas | Zapato de vestir | Sandalia | Botín | Ojotas | Zapato escolar | Mocasín | Tacos"
"Comercio y Retail/30-nomina-Zapateria.xlsx","Calculadora Nómina","Zapatería","Comercio y Retail","Zapatillas | Zapato de vestir | Sandalia | Botín | Ojotas | Zapato escolar | Mocasín | Tacos"
"Comercio y Retail/31-roi-Zapateria.xlsx","Calculadora ROI","Zapatería","Comercio y Retail","Zapatillas | Zapato de vestir | Sandalia | Botín | Ojotas | Zapato escolar | Mocasín | Tacos"
"Comercio y Retail/32-ipc-Zapateria.xlsx","Calculadora IPC","Zapatería","Comercio y Retail","Zapatillas | Zapato de vestir | Sandalia | Botín | Ojotas | Zapato escolar | Mocasín | Tacos"
"Comercio y Retail/33-endeudamiento-Zapateria.xlsx","Capacidad Endeudamiento","Zapatería","Comercio y Retail","Zapatillas | Zapato de vestir | Sandalia | Botín | Ojotas | Zapato escolar | Mocasín | Tacos"
"Comercio y Retail/34-proyeccion-flujo-Zapateria.xlsx","Proyección Flujo de Caja","Zapatería","Comercio y Retail","Zapatillas | Zapato de vestir | Sandalia | Botín | Ojotas | Zapato escolar | Mocasín | Tacos"
"Comercio y Retail/01-dashboard-financiero-Joyeria y Bisuteria.xlsx","Dashboard Financiero","Joyería y Bisutería","Comercio y Retail","Anillo de plata | Aretes | Collar | Pulsera | Reloj | Dije | Set de regalo | Argolla de compromiso"
"Comercio y Retail/02-control-ventas-Joyeria y Bisuteria.xlsx","Control de Ventas","Joyería y Bisutería","Comercio y Retail","Anillo de plata | Aretes | Collar | Pulsera | Reloj | Dije | Set de regalo | Argolla de compromiso"
"Comercio y Retail/03-inventario-Joyeria y Bisuteria.xlsx","Control de Inventario","Joyería y Bisutería","Comercio y Retail","Anillo de plata | Aretes | Collar | Pulsera | Reloj | Dije | Set de regalo | Argolla de compromiso"
"Comercio y Retail/04-presupuesto-anual-Joyeria y Bisuteria.xlsx","Presupuesto Anual","Joyería y Bisutería","Comercio y Retail","Anillo de plata | Aretes | Collar | Pulsera | Reloj | Dije | Set de regalo | Argolla de compromiso"
"Comercio y Retail/05-flujo-de-caja-Joyeria y Bisuteria.xlsx","Flujo de Caja","Joyería y Bisutería","Comercio y Retail","Anillo de plata | Aretes | Collar | Pulsera | Reloj | Dije | Set de regalo | Argolla de compromiso"
"Comercio y Retail/06-gestion-proyectos-Joyeria y Bisuteria.xlsx","Gestión de Proyectos","Joyería y Bisutería","Comercio y Retail","Anillo de plata | Aretes | Collar | Pulsera | Reloj | Dije | Set de regalo | Argolla de compromiso"
"Comercio y Retail/07-analisis-kpis-Joyeria y Bisuteria.xlsx","Análisis de KPIs","Joyería y Bisutería","Comercio y Retail","Anillo de plata | Aretes | Collar | Pulsera | Reloj | Dije | Set de regalo | Argolla de compromiso"
"Comercio y Retail/08-control-gastos-Joyeria y Bisuteria.xlsx","Control de Gastos","Joyería y Bisutería","Comercio y Retail","Anillo de plata | Aretes | Collar | Pulsera | Reloj | Dije | Set de regalo | Argolla de compromiso"
"Comercio y Retail/09-planilla-personal-Joyeria y Bisuteria.xlsx","Planilla de Personal","Joyería y Bisutería","Comercio y Retail","Anillo de plata | Aretes | Collar | Pulsera | Reloj | Dije | Set de regalo | Argolla de compromiso"
"Comercio y Retail/10-cuentas-por-cobrar-Joyeria y Bisuteria.xlsx","Cuentas por Cobrar","Joyería y Bisutería","Comercio y Retail","Anillo de plata | Aretes | Collar | Pulsera | Reloj | Dije | Set de regalo | Argolla de compromiso"
"Comercio y Retail/11-caja-diaria-Joyeria y Bisuteria.xlsx","Caja Diaria","Joyería y Bisutería","Comercio y Retail","Anillo de plata | Aretes | Collar | Pulsera | Reloj | Dije | Set de regalo | Argolla de compromiso"
"Comercio y Retail/12-compras-proveedores-Joyeria y Bisuteria.xlsx","Compras y Proveedores","Joyería y Bisutería","Comercio y Retail","Anillo de plata | Aretes | Collar | Pulsera | Reloj | Dije | Set de regalo | Argolla de compromiso"
"Comercio y Retail/13-balance-general-Joyeria y Bisuteria.xlsx","Balance General","Joyería y Bisutería","Comercio y Retail","Anillo de plata | Aretes | Collar | Pulsera | Reloj | Dije | Set de regalo | Argolla de compromiso"
"Comercio y Retail/14-estado-resultados-Joyeria y Bisuteria.xlsx","Estado de Resultados","Joyería y Bisutería","Comercio y Retail","Anillo de plata | Aretes | Collar | Pulsera | Reloj | Dije | Set de regalo | Argolla de compromiso"
"Comercio y Retail/15-flujo-efectivo-indirecto-Joyeria y Bisuteria.xlsx","Flujo de Efectivo Indirecto","Joyería y Bisutería","Comercio y Retail","Anillo de plata | Aretes | Collar | Pulsera | Reloj | Dije | Set de regalo | Argolla de compromiso"
"Comercio y Retail/16-conciliacion-bancaria-Joyeria y Bisuteria.xlsx","Conciliación Bancaria","Joyería y Bisutería","Comercio y Retail","Anillo de plata | Aretes | Collar | Pulsera | Reloj | Dije | Set de regalo | Argolla de compromiso"
"Comercio y Retail/17-libro-diario-Joyeria y Bisuteria.xlsx","Libro Diario y Mayor","Joyería y Bisutería","Comercio y Retail","Anillo de plata | Aretes | Collar | Pulsera | Reloj | Dije | Set de regalo | Argolla de compromiso"
"Comercio y Retail/18-ratios-financieros-Joyeria y Bisuteria.xlsx","Ratios Financieros","Joyería y Bisutería","Comercio y Retail","Anillo de plata | Aretes | Collar | Pulsera | Reloj | Dije | Set de regalo | Argolla de compromiso"
"Comercio y Retail/19-control-tributario-Joyeria y Bisuteria.xlsx","Control Tributario","Joyería y Bisutería","Comercio y Retail","Anillo de plata | Aretes | Collar | Pulsera | Reloj | Dije | Set de regalo | Argolla de compromiso"
"Comercio y Retail/20-presupuesto-centros-costo-Joyeria y Bisuteria.xlsx","Presupuesto Centros de Costo","Joyería y Bisutería","Comercio y Retail","Anillo de plata | Aretes | Collar | Pulsera | Reloj | Dije | Set de regalo | Argolla de compromiso"
"Comercio y Retail/21-activos-fijos-Joyeria y Bisuteria.xlsx","Activos Fijos y Depreciación","Joyería y Bisutería","Comercio y Retail","Anillo de plata | Aretes | Collar | Pulsera | Reloj | Dije | Set de regalo | Argolla de compromiso"
"Comercio y Retail/22-punto-equilibrio-Joyeria y Bisuteria.xlsx","Punto de Equilibrio","Joyería y Bisutería","Comercio y Retail","Anillo de plata | Aretes | Collar | Pulsera | Reloj | Dije | Set de regalo | Argolla de compromiso"
"Comercio y Retail/23-estados-comparativos-Joyeria y Bisuteria.xlsx","Estados Comparativos 3 Años","Joyería y Bisutería","Comercio y Retail","Anillo de plata | Aretes | Collar | Pulsera | Reloj | Dije | Set de regalo | Argolla de compromiso"
"Comercio y Retail/24-costeo-ordenes-Joyeria y Bisuteria.xlsx","Costeo porÓrdenes de Trabajo","Joyería y Bisutería","Comercio y Retail","Anillo de plata | Aretes | Collar | Pulsera | Reloj | Dije | Set de regalo | Argolla de compromiso"
"Comercio y Retail/25-calculadora-cts-Joyeria y Bisuteria.xlsx","Calculadora CTS","Joyería y Bisutería","Comercio y Retail","Anillo de plata | Aretes | Collar | Pulsera | Reloj | Dije | Set de regalo | Argolla de compromiso"
"Comercio y Retail/26-gratificaciones-Joyeria y Bisuteria.xlsx","Calculadora Gratificaciones","Joyería y Bisutería","Comercio y Retail","Anillo de plata | Aretes | Collar | Pulsera | Reloj | Dije | Set de regalo | Argolla de compromiso"
"Comercio y Retail/27-amortizacion-Joyeria y Bisuteria.xlsx","Cuadro de Amortización","Joyería y Bisutería","Comercio y Retail","Anillo de plata | Aretes | Collar | Pulsera | Reloj | Dije | Set de regalo | Argolla de compromiso"
"Comercio y Retail/28-vacaciones-Joyeria y Bisuteria.xlsx","Calculadora Vacaciones","Joyería y Bisutería","Comercio y Retail","Anillo de plata | Aretes | Collar | Pulsera | Reloj | Dije | Set de regalo | Argolla de compromiso"
"Comercio y Retail/29-afp-onp-Joyeria y Bisuteria.xlsx","Calculadora AFP/ONP","Joyería y Bisutería","Comercio y Retail","Anillo de plata | Aretes | Collar | Pulsera | Reloj | Dije | Set de regalo | Argolla de compromiso"
"Comercio y Retail/30-nomina-Joyeria y Bisuteria.xlsx","Calculadora Nómina","Joyería y Bisutería","Comercio y Retail","Anillo de plata | Aretes | Collar | Pulsera | Reloj | Dije | Set de regalo | Argolla de compromiso"
"Comercio y Retail/31-roi-Joyeria y Bisuteria.xlsx","Calculadora ROI","Joyería y Bisutería","Comercio y Retail","Anillo de plata | Aretes | Collar | Pulsera | Reloj | Dije | Set de regalo | Argolla de compromiso"
"Comercio y Retail/32-ipc-Joyeria y Bisuteria.xlsx","Calculadora IPC","Joyería y Bisutería","Comercio y Retail","Anillo de plata | Aretes | Collar | Pulsera | Reloj | Dije | Set de regalo | Argolla de compromiso"
"Comercio y Retail/33-endeudamiento-Joyeria y Bisuteria.xlsx","Capacidad Endeudamiento","Joyería y Bisutería","Comercio y Retail","Anillo de plata | Aretes | Collar | Pulsera | Reloj | Dije | Set de regalo | Argolla de compromiso"
"Comercio y Retail/34-proyeccion-flujo-Joyeria y Bisuteria.xlsx","Proyección Flujo de Caja","Joyería y Bisutería","Comercio y Retail","Anillo de plata | Aretes | Collar | Pulsera | Reloj | Dije | Set de regalo | Argolla de compromiso"
"Comercio y Retail/01-dashboard-financiero-Libreria.xlsx","Dashboard Financiero","Librería","Comercio y Retail","Cuaderno 100 hojas | Plumones | Lápices | Resmas A4 | Mochila | Cartulina | Regla | Engrapadora"
"Comercio y Retail/02-control-ventas-Libreria.xlsx","Control de Ventas","Librería","Comercio y Retail","Cuaderno 100 hojas | Plumones | Lápices | Resmas A4 | Mochila | Cartulina | Regla | Engrapadora"
"Comercio y Retail/03-inventario-Libreria.xlsx","Control de Inventario","Librería","Comercio y Retail","Cuaderno 100 hojas | Plumones | Lápices | Resmas A4 | Mochila | Cartulina | Regla | Engrapadora"
"Comercio y Retail/04-presupuesto-anual-Libreria.xlsx","Presupuesto Anual","Librería","Comercio y Retail","Cuaderno 100 hojas | Plumones | Lápices | Resmas A4 | Mochila | Cartulina | Regla | Engrapadora"
"Comercio y Retail/05-flujo-de-caja-Libreria.xlsx","Flujo de Caja","Librería","Comercio y Retail","Cuaderno 100 hojas | Plumones | Lápices | Resmas A4 | Mochila | Cartulina | Regla | Engrapadora"
"Comercio y Retail/06-gestion-proyectos-Libreria.xlsx","Gestión de Proyectos","Librería","Comercio y Retail","Cuaderno 100 hojas | Plumones | Lápices | Resmas A4 | Mochila | Cartulina | Regla | Engrapadora"
"Comercio y Retail/07-analisis-kpis-Libreria.xlsx","Análisis de KPIs","Librería","Comercio y Retail","Cuaderno 100 hojas | Plumones | Lápices | Resmas A4 | Mochila | Cartulina | Regla | Engrapadora"
"Comercio y Retail/08-control-gastos-Libreria.xlsx","Control de Gastos","Librería","Comercio y Retail","Cuaderno 100 hojas | Plumones | Lápices | Resmas A4 | Mochila | Cartulina | Regla | Engrapadora"
"Comercio y Retail/09-planilla-personal-Libreria.xlsx","Planilla de Personal","Librería","Comercio y Retail","Cuaderno 100 hojas | Plumones | Lápices | Resmas A4 | Mochila | Cartulina | Regla | Engrapadora"
"Comercio y Retail/10-cuentas-por-cobrar-Libreria.xlsx","Cuentas por Cobrar","Librería","Comercio y Retail","Cuaderno 100 hojas | Plumones | Lápices | Resmas A4 | Mochila | Cartulina | Regla | Engrapadora"
"Comercio y Retail/11-caja-diaria-Libreria.xlsx","Caja Diaria","Librería","Comercio y Retail","Cuaderno 100 hojas | Plumones | Lápices | Resmas A4 | Mochila | Cartulina | Regla | Engrapadora"
"Comercio y Retail/12-compras-proveedores-Libreria.xlsx","Compras y Proveedores","Librería","Comercio y Retail","Cuaderno 100 hojas | Plumones | Lápices | Resmas A4 | Mochila | Cartulina | Regla | Engrapadora"
"Comercio y Retail/13-balance-general-Libreria.xlsx","Balance General","Librería","Comercio y Retail","Cuaderno 100 hojas | Plumones | Lápices | Resmas A4 | Mochila | Cartulina | Regla | Engrapadora"
"Comercio y Retail/14-estado-resultados-Libreria.xlsx","Estado de Resultados","Librería","Comercio y Retail","Cuaderno 100 hojas | Plumones | Lápices | Resmas A4 | Mochila | Cartulina | Regla | Engrapadora"
"Comercio y Retail/15-flujo-efectivo-indirecto-Libreria.xlsx","Flujo de Efectivo Indirecto","Librería","Comercio y Retail","Cuaderno 100 hojas | Plumones | Lápices | Resmas A4 | Mochila | Cartulina | Regla | Engrapadora"
"Comercio y Retail/16-conciliacion-bancaria-Libreria.xlsx","Conciliación Bancaria","Librería","Comercio y Retail","Cuaderno 100 hojas | Plumones | Lápices | Resmas A4 | Mochila | Cartulina | Regla | Engrapadora"
"Comercio y Retail/17-libro-diario-Libreria.xlsx","Libro Diario y Mayor","Librería","Comercio y Retail","Cuaderno 100 hojas | Plumones | Lápices | Resmas A4 | Mochila | Cartulina | Regla | Engrapadora"
"Comercio y Retail/18-ratios-financieros-Libreria.xlsx","Ratios Financieros","Librería","Comercio y Retail","Cuaderno 100 hojas | Plumones | Lápices | Resmas A4 | Mochila | Cartulina | Regla | Engrapadora"
"Comercio y Retail/19-control-tributario-Libreria.xlsx","Control Tributario","Librería","Comercio y Retail","Cuaderno 100 hojas | Plumones | Lápices | Resmas A4 | Mochila | Cartulina | Regla | Engrapadora"
"Comercio y Retail/20-presupuesto-centros-costo-Libreria.xlsx","Presupuesto Centros de Costo","Librería","Comercio y Retail","Cuaderno 100 hojas | Plumones | Lápices | Resmas A4 | Mochila | Cartulina | Regla | Engrapadora"
"Comercio y Retail/21-activos-fijos-Libreria.xlsx","Activos Fijos y Depreciación","Librería","Comercio y Retail","Cuaderno 100 hojas | Plumones | Lápices | Resmas A4 | Mochila | Cartulina | Regla | Engrapadora"
"Comercio y Retail/22-punto-equilibrio-Libreria.xlsx","Punto de Equilibrio","Librería","Comercio y Retail","Cuaderno 100 hojas | Plumones | Lápices | Resmas A4 | Mochila | Cartulina | Regla | Engrapadora"
"Comercio y Retail/23-estados-comparativos-Libreria.xlsx","Estados Comparativos 3 Años","Librería","Comercio y Retail","Cuaderno 100 hojas | Plumones | Lápices | Resmas A4 | Mochila | Cartulina | Regla | Engrapadora"
"Comercio y Retail/24-costeo-ordenes-Libreria.xlsx","Costeo porÓrdenes de Trabajo","Librería","Comercio y Retail","Cuaderno 100 hojas | Plumones | Lápices | Resmas A4 | Mochila | Cartulina | Regla | Engrapadora"
"Comercio y Retail/25-calculadora-cts-Libreria.xlsx","Calculadora CTS","Librería","Comercio y Retail","Cuaderno 100 hojas | Plumones | Lápices | Resmas A4 | Mochila | Cartulina | Regla | Engrapadora"
"Comercio y Retail/26-gratificaciones-Libreria.xlsx","Calculadora Gratificaciones","Librería","Comercio y Retail","Cuaderno 100 hojas | Plumones | Lápices | Resmas A4 | Mochila | Cartulina | Regla | Engrapadora"
"Comercio y Retail/27-amortizacion-Libreria.xlsx","Cuadro de Amortización","Librería","Comercio y Retail","Cuaderno 100 hojas | Plumones | Lápices | Resmas A4 | Mochila | Cartulina | Regla | Engrapadora"
"Comercio y Retail/28-vacaciones-Libreria.xlsx","Calculadora Vacaciones","Librería","Comercio y Retail","Cuaderno 100 hojas | Plumones | Lápices | Resmas A4 | Mochila | Cartulina | Regla | Engrapadora"
"Comercio y Retail/29-afp-onp-Libreria.xlsx","Calculadora AFP/ONP","Librería","Comercio y Retail","Cuaderno 100 hojas | Plumones | Lápices | Resmas A4 | Mochila | Cartulina | Regla | Engrapadora"
"Comercio y Retail/30-nomina-Libreria.xlsx","Calculadora Nómina","Librería","Comercio y Retail","Cuaderno 100 hojas | Plumones | Lápices | Resmas A4 | Mochila | Cartulina | Regla | Engrapadora"
"Comercio y Retail/31-roi-Libreria.xlsx","Calculadora ROI","Librería","Comercio y Retail","Cuaderno 100 hojas | Plumones | Lápices | Resmas A4 | Mochila | Cartulina | Regla | Engrapadora"
"Comercio y Retail/32-ipc-Libreria.xlsx","Calculadora IPC","Librería","Comercio y Retail","Cuaderno 100 hojas | Plumones | Lápices | Resmas A4 | Mochila | Cartulina | Regla | Engrapadora"
"Comercio y Retail/33-endeudamiento-Libreria.xlsx","Capacidad Endeudamiento","Librería","Comercio y Retail","Cuaderno 100 hojas | Plumones | Lápices | Resmas A4 | Mochila | Cartulina | Regla | Engrapadora"
"Comercio y Retail/34-proyeccion-flujo-Libreria.xlsx","Proyección Flujo de Caja","Librería","Comercio y Retail","Cuaderno 100 hojas | Plumones | Lápices | Resmas A4 | Mochila | Cartulina | Regla | Engrapadora"
"Comercio y Retail/01-dashboard-financiero-Boutique.xlsx","Dashboard Financiero","Boutique","Comercio y Retail","Blusa importada | Pantalón palazzo | Falda | Bolso | Pañoleta | Chaleco | Enterizo | Blazer"
"Comercio y Retail/02-control-ventas-Boutique.xlsx","Control de Ventas","Boutique","Comercio y Retail","Blusa importada | Pantalón palazzo | Falda | Bolso | Pañoleta | Chaleco | Enterizo | Blazer"
"Comercio y Retail/03-inventario-Boutique.xlsx","Control de Inventario","Boutique","Comercio y Retail","Blusa importada | Pantalón palazzo | Falda | Bolso | Pañoleta | Chaleco | Enterizo | Blazer"
"Comercio y Retail/04-presupuesto-anual-Boutique.xlsx","Presupuesto Anual","Boutique","Comercio y Retail","Blusa importada | Pantalón palazzo | Falda | Bolso | Pañoleta | Chaleco | Enterizo | Blazer"
"Comercio y Retail/05-flujo-de-caja-Boutique.xlsx","Flujo de Caja","Boutique","Comercio y Retail","Blusa importada | Pantalón palazzo | Falda | Bolso | Pañoleta | Chaleco | Enterizo | Blazer"
"Comercio y Retail/06-gestion-proyectos-Boutique.xlsx","Gestión de Proyectos","Boutique","Comercio y Retail","Blusa importada | Pantalón palazzo | Falda | Bolso | Pañoleta | Chaleco | Enterizo | Blazer"
"Comercio y Retail/07-analisis-kpis-Boutique.xlsx","Análisis de KPIs","Boutique","Comercio y Retail","Blusa importada | Pantalón palazzo | Falda | Bolso | Pañoleta | Chaleco | Enterizo | Blazer"
"Comercio y Retail/08-control-gastos-Boutique.xlsx","Control de Gastos","Boutique","Comercio y Retail","Blusa importada | Pantalón palazzo | Falda | Bolso | Pañoleta | Chaleco | Enterizo | Blazer"
"Comercio y Retail/09-planilla-personal-Boutique.xlsx","Planilla de Personal","Boutique","Comercio y Retail","Blusa importada | Pantalón palazzo | Falda | Bolso | Pañoleta | Chaleco | Enterizo | Blazer"
"Comercio y Retail/10-cuentas-por-cobrar-Boutique.xlsx","Cuentas por Cobrar","Boutique","Comercio y Retail","Blusa importada | Pantalón palazzo | Falda | Bolso | Pañoleta | Chaleco | Enterizo | Blazer"
"Comercio y Retail/11-caja-diaria-Boutique.xlsx","Caja Diaria","Boutique","Comercio y Retail","Blusa importada | Pantalón palazzo | Falda | Bolso | Pañoleta | Chaleco | Enterizo | Blazer"
"Comercio y Retail/12-compras-proveedores-Boutique.xlsx","Compras y Proveedores","Boutique","Comercio y Retail","Blusa importada | Pantalón palazzo | Falda | Bolso | Pañoleta | Chaleco | Enterizo | Blazer"
"Comercio y Retail/13-balance-general-Boutique.xlsx","Balance General","Boutique","Comercio y Retail","Blusa importada | Pantalón palazzo | Falda | Bolso | Pañoleta | Chaleco | Enterizo | Blazer"
"Comercio y Retail/14-estado-resultados-Boutique.xlsx","Estado de Resultados","Boutique","Comercio y Retail","Blusa importada | Pantalón palazzo | Falda | Bolso | Pañoleta | Chaleco | Enterizo | Blazer"
"Comercio y Retail/15-flujo-efectivo-indirecto-Boutique.xlsx","Flujo de Efectivo Indirecto","Boutique","Comercio y Retail","Blusa importada | Pantalón palazzo | Falda | Bolso | Pañoleta | Chaleco | Enterizo | Blazer"
"Comercio y Retail/16-conciliacion-bancaria-Boutique.xlsx","Conciliación Bancaria","Boutique","Comercio y Retail","Blusa importada | Pantalón palazzo | Falda | Bolso | Pañoleta | Chaleco | Enterizo | Blazer"
"Comercio y Retail/17-libro-diario-Boutique.xlsx","Libro Diario y Mayor","Boutique","Comercio y Retail","Blusa importada | Pantalón palazzo | Falda | Bolso | Pañoleta | Chaleco | Enterizo | Blazer"
"Comercio y Retail/18-ratios-financieros-Boutique.xlsx","Ratios Financieros","Boutique","Comercio y Retail","Blusa importada | Pantalón palazzo | Falda | Bolso | Pañoleta | Chaleco | Enterizo | Blazer"
"Comercio y Retail/19-control-tributario-Boutique.xlsx","Control Tributario","Boutique","Comercio y Retail","Blusa importada | Pantalón palazzo | Falda | Bolso | Pañoleta | Chaleco | Enterizo | Blazer"
"Comercio y Retail/20-presupuesto-centros-costo-Boutique.xlsx","Presupuesto Centros de Costo","Boutique","Comercio y Retail","Blusa importada | Pantalón palazzo | Falda | Bolso | Pañoleta | Chaleco | Enterizo | Blazer"
"Comercio y Retail/21-activos-fijos-Boutique.xlsx","Activos Fijos y Depreciación","Boutique","Comercio y Retail","Blusa importada | Pantalón palazzo | Falda | Bolso | Pañoleta | Chaleco | Enterizo | Blazer"
"Comercio y Retail/22-punto-equilibrio-Boutique.xlsx","Punto de Equilibrio","Boutique","Comercio y Retail","Blusa importada | Pantalón palazzo | Falda | Bolso | Pañoleta | Chaleco | Enterizo | Blazer"
"Comercio y Retail/23-estados-comparativos-Boutique.xlsx","Estados Comparativos 3 Años","Boutique","Comercio y Retail","Blusa importada | Pantalón palazzo | Falda | Bolso | Pañoleta | Chaleco | Enterizo | Blazer"
"Comercio y Retail/24-costeo-ordenes-Boutique.xlsx","Costeo porÓrdenes de Trabajo","Boutique","Comercio y Retail","Blusa importada | Pantalón palazzo | Falda | Bolso | Pañoleta | Chaleco | Enterizo | Blazer"
"Comercio y Retail/25-calculadora-cts-Boutique.xlsx","Calculadora CTS","Boutique","Comercio y Retail","Blusa importada | Pantalón palazzo | Falda | Bolso | Pañoleta | Chaleco | Enterizo | Blazer"
"Comercio y Retail/26-gratificaciones-Boutique.xlsx","Calculadora Gratificaciones","Boutique","Comercio y Retail","Blusa importada | Pantalón palazzo | Falda | Bolso | Pañoleta | Chaleco | Enterizo | Blazer"
"Comercio y Retail/27-amortizacion-Boutique.xlsx","Cuadro de Amortización","Boutique","Comercio y Retail","Blusa importada | Pantalón palazzo | Falda | Bolso | Pañoleta | Chaleco | Enterizo | Blazer"
"Comercio y Retail/28-vacaciones-Boutique.xlsx","Calculadora Vacaciones","Boutique","Comercio y Retail","Blusa importada | Pantalón palazzo | Falda | Bolso | Pañoleta | Chaleco | Enterizo | Blazer"
"Comercio y Retail/29-afp-onp-Boutique.xlsx","Calculadora AFP/ONP","Boutique","Comercio y Retail","Blusa importada | Pantalón palazzo | Falda | Bolso | Pañoleta | Chaleco | Enterizo | Blazer"
"Comercio y Retail/30-nomina-Boutique.xlsx","Calculadora Nómina","Boutique","Comercio y Retail","Blusa importada | Pantalón palazzo | Falda | Bolso | Pañoleta | Chaleco | Enterizo | Blazer"
"Comercio y Retail/31-roi-Boutique.xlsx","Calculadora ROI","Boutique","Comercio y Retail","Blusa importada | Pantalón palazzo | Falda | Bolso | Pañoleta | Chaleco | Enterizo | Blazer"
"Comercio y Retail/32-ipc-Boutique.xlsx","Calculadora IPC","Boutique","Comercio y Retail","Blusa importada | Pantalón palazzo | Falda | Bolso | Pañoleta | Chaleco | Enterizo | Blazer"
"Comercio y Retail/33-endeudamiento-Boutique.xlsx","Capacidad Endeudamiento","Boutique","Comercio y Retail","Blusa importada | Pantalón palazzo | Falda | Bolso | Pañoleta | Chaleco | Enterizo | Blazer"
"Comercio y Retail/34-proyeccion-flujo-Boutique.xlsx","Proyección Flujo de Caja","Boutique","Comercio y Retail","Blusa importada | Pantalón palazzo | Falda | Bolso | Pañoleta | Chaleco | Enterizo | Blazer"
"Comercio y Retail/01-dashboard-financiero-Tienda de Celulares.xlsx","Dashboard Financiero","Tienda de Celulares","Comercio y Retail","Celular gama media | Celular gama alta | Fundas | Micas | Cargadores | Audífonos | Cables USB | Power bank"
"Comercio y Retail/02-control-ventas-Tienda de Celulares.xlsx","Control de Ventas","Tienda de Celulares","Comercio y Retail","Celular gama media | Celular gama alta | Fundas | Micas | Cargadores | Audífonos | Cables USB | Power bank"
"Comercio y Retail/03-inventario-Tienda de Celulares.xlsx","Control de Inventario","Tienda de Celulares","Comercio y Retail","Celular gama media | Celular gama alta | Fundas | Micas | Cargadores | Audífonos | Cables USB | Power bank"
"Comercio y Retail/04-presupuesto-anual-Tienda de Celulares.xlsx","Presupuesto Anual","Tienda de Celulares","Comercio y Retail","Celular gama media | Celular gama alta | Fundas | Micas | Cargadores | Audífonos | Cables USB | Power bank"
"Comercio y Retail/05-flujo-de-caja-Tienda de Celulares.xlsx","Flujo de Caja","Tienda de Celulares","Comercio y Retail","Celular gama media | Celular gama alta | Fundas | Micas | Cargadores | Audífonos | Cables USB | Power bank"
"Comercio y Retail/06-gestion-proyectos-Tienda de Celulares.xlsx","Gestión de Proyectos","Tienda de Celulares","Comercio y Retail","Celular gama media | Celular gama alta | Fundas | Micas | Cargadores | Audífonos | Cables USB | Power bank"
"Comercio y Retail/07-analisis-kpis-Tienda de Celulares.xlsx","Análisis de KPIs","Tienda de Celulares","Comercio y Retail","Celular gama media | Celular gama alta | Fundas | Micas | Cargadores | Audífonos | Cables USB | Power bank"
"Comercio y Retail/08-control-gastos-Tienda de Celulares.xlsx","Control de Gastos","Tienda de Celulares","Comercio y Retail","Celular gama media | Celular gama alta | Fundas | Micas | Cargadores | Audífonos | Cables USB | Power bank"
"Comercio y Retail/09-planilla-personal-Tienda de Celulares.xlsx","Planilla de Personal","Tienda de Celulares","Comercio y Retail","Celular gama media | Celular gama alta | Fundas | Micas | Cargadores | Audífonos | Cables USB | Power bank"
"Comercio y Retail/10-cuentas-por-cobrar-Tienda de Celulares.xlsx","Cuentas por Cobrar","Tienda de Celulares","Comercio y Retail","Celular gama media | Celular gama alta | Fundas | Micas | Cargadores | Audífonos | Cables USB | Power bank"
"Comercio y Retail/11-caja-diaria-Tienda de Celulares.xlsx","Caja Diaria","Tienda de Celulares","Comercio y Retail","Celular gama media | Celular gama alta | Fundas | Micas | Cargadores | Audífonos | Cables USB | Power bank"
"Comercio y Retail/12-compras-proveedores-Tienda de Celulares.xlsx","Compras y Proveedores","Tienda de Celulares","Comercio y Retail","Celular gama media | Celular gama alta | Fundas | Micas | Cargadores | Audífonos | Cables USB | Power bank"
"Comercio y Retail/13-balance-general-Tienda de Celulares.xlsx","Balance General","Tienda de Celulares","Comercio y Retail","Celular gama media | Celular gama alta | Fundas | Micas | Cargadores | Audífonos | Cables USB | Power bank"
"Comercio y Retail/14-estado-resultados-Tienda de Celulares.xlsx","Estado de Resultados","Tienda de Celulares","Comercio y Retail","Celular gama media | Celular gama alta | Fundas | Micas | Cargadores | Audífonos | Cables USB | Power bank"
"Comercio y Retail/15-flujo-efectivo-indirecto-Tienda de Celulares.xlsx","Flujo de Efectivo Indirecto","Tienda de Celulares","Comercio y Retail","Celular gama media | Celular gama alta | Fundas | Micas | Cargadores | Audífonos | Cables USB | Power bank"
"Comercio y Retail/16-conciliacion-bancaria-Tienda de Celulares.xlsx","Conciliación Bancaria","Tienda de Celulares","Comercio y Retail","Celular gama media | Celular gama alta | Fundas | Micas | Cargadores | Audífonos | Cables USB | Power bank"
"Comercio y Retail/17-libro-diario-Tienda de Celulares.xlsx","Libro Diario y Mayor","Tienda de Celulares","Comercio y Retail","Celular gama media | Celular gama alta | Fundas | Micas | Cargadores | Audífonos | Cables USB | Power bank"
"Comercio y Retail/18-ratios-financieros-Tienda de Celulares.xlsx","Ratios Financieros","Tienda de Celulares","Comercio y Retail","Celular gama media | Celular gama alta | Fundas | Micas | Cargadores | Audífonos | Cables USB | Power bank"
"Comercio y Retail/19-control-tributario-Tienda de Celulares.xlsx","Control Tributario","Tienda de Celulares","Comercio y Retail","Celular gama media | Celular gama alta | Fundas | Micas | Cargadores | Audífonos | Cables USB | Power bank"
"Comercio y Retail/20-presupuesto-centros-costo-Tienda de Celulares.xlsx","Presupuesto Centros de Costo","Tienda de Celulares","Comercio y Retail","Celular gama media | Celular gama alta | Fundas | Micas | Cargadores | Audífonos | Cables USB | Power bank"
"Comercio y Retail/21-activos-fijos-Tienda de Celulares.xlsx","Activos Fijos y Depreciación","Tienda de Celulares","Comercio y Retail","Celular gama media | Celular gama alta | Fundas | Micas | Cargadores | Audífonos | Cables USB | Power bank"
"Comercio y Retail/22-punto-equilibrio-Tienda de Celulares.xlsx","Punto de Equilibrio","Tienda de Celulares","Comercio y Retail","Celular gama media | Celular gama alta | Fundas | Micas | Cargadores | Audífonos | Cables USB | Power bank"
"Comercio y Retail/23-estados-comparativos-Tienda de Celulares.xlsx","Estados Comparativos 3 Años","Tienda de Celulares","Comercio y Retail","Celular gama media | Celular gama alta | Fundas | Micas | Cargadores | Audífonos | Cables USB | Power bank"
"Comercio y Retail/24-costeo-ordenes-Tienda de Celulares.xlsx","Costeo porÓrdenes de Trabajo","Tienda de Celulares","Comercio y Retail","Celular gama media | Celular gama alta | Fundas | Micas | Cargadores | Audífonos | Cables USB | Power bank"
"Comercio y Retail/25-calculadora-cts-Tienda de Celulares.xlsx","Calculadora CTS","Tienda de Celulares","Comercio y Retail","Celular gama media | Celular gama alta | Fundas | Micas | Cargadores | Audífonos | Cables USB | Power bank"
"Comercio y Retail/26-gratificaciones-Tienda de Celulares.xlsx","Calculadora Gratificaciones","Tienda de Celulares","Comercio y Retail","Celular gama media | Celular gama alta | Fundas | Micas | Cargadores | Audífonos | Cables USB | Power bank"
"Comercio y Retail/27-amortizacion-Tienda de Celulares.xlsx","Cuadro de Amortización","Tienda de Celulares","Comercio y Retail","Celular gama media | Celular gama alta | Fundas | Micas | Cargadores | Audífonos | Cables USB | Power bank"
"Comercio y Retail/28-vacaciones-Tienda de Celulares.xlsx","Calculadora Vacaciones","Tienda de Celulares","Comercio y Retail","Celular gama media | Celular gama alta | Fundas | Micas | Cargadores | Audífonos | Cables USB | Power bank"
"Comercio y Retail/29-afp-onp-Tienda de Celulares.xlsx","Calculadora AFP/ONP","Tienda de Celulares","Comercio y Retail","Celular gama media | Celular gama alta | Fundas | Micas | Cargadores | Audífonos | Cables USB | Power bank"
"Comercio y Retail/30-nomina-Tienda de Celulares.xlsx","Calculadora Nómina","Tienda de Celulares","Comercio y Retail","Celular gama media | Celular gama alta | Fundas | Micas | Cargadores | Audífonos | Cables USB | Power bank"
"Comercio y Retail/31-roi-Tienda de Celulares.xlsx","Calculadora ROI","Tienda de Celulares","Comercio y Retail","Celular gama media | Celular gama alta | Fundas | Micas | Cargadores | Audífonos | Cables USB | Power bank"
"Comercio y Retail/32-ipc-Tienda de Celulares.xlsx","Calculadora IPC","Tienda de Celulares","Comercio y Retail","Celular gama media | Celular gama alta | Fundas | Micas | Cargadores | Audífonos | Cables USB | Power bank"
"Comercio y Retail/33-endeudamiento-Tienda de Celulares.xlsx","Capacidad Endeudamiento","Tienda de Celulares","Comercio y Retail","Celular gama media | Celular gama alta | Fundas | Micas | Cargadores | Audífonos | Cables USB | Power bank"
"Comercio y Retail/34-proyeccion-flujo-Tienda de Celulares.xlsx","Proyección Flujo de Caja","Tienda de Celulares","Comercio y Retail","Celular gama media | Celular gama alta | Fundas | Micas | Cargadores | Audífonos | Cables USB | Power bank"
"Comercio y Retail/01-dashboard-financiero-Tienda de Electrodomesticos.xlsx","Dashboard Financiero","Tienda de Electrodomésticos","Comercio y Retail","Refrigeradora | Lavadora | Cocina | Microondas | Licuadora | Freidora de aire | Plancha | Ventilador"
"Comercio y Retail/02-control-ventas-Tienda de Electrodomesticos.xlsx","Control de Ventas","Tienda de Electrodomésticos","Comercio y Retail","Refrigeradora | Lavadora | Cocina | Microondas | Licuadora | Freidora de aire | Plancha | Ventilador"
"Comercio y Retail/03-inventario-Tienda de Electrodomesticos.xlsx","Control de Inventario","Tienda de Electrodomésticos","Comercio y Retail","Refrigeradora | Lavadora | Cocina | Microondas | Licuadora | Freidora de aire | Plancha | Ventilador"
"Comercio y Retail/04-presupuesto-anual-Tienda de Electrodomesticos.xlsx","Presupuesto Anual","Tienda de Electrodomésticos","Comercio y Retail","Refrigeradora | Lavadora | Cocina | Microondas | Licuadora | Freidora de aire | Plancha | Ventilador"
"Comercio y Retail/05-flujo-de-caja-Tienda de Electrodomesticos.xlsx","Flujo de Caja","Tienda de Electrodomésticos","Comercio y Retail","Refrigeradora | Lavadora | Cocina | Microondas | Licuadora | Freidora de aire | Plancha | Ventilador"
"Comercio y Retail/06-gestion-proyectos-Tienda de Electrodomesticos.xlsx","Gestión de Proyectos","Tienda de Electrodomésticos","Comercio y Retail","Refrigeradora | Lavadora | Cocina | Microondas | Licuadora | Freidora de aire | Plancha | Ventilador"
"Comercio y Retail/07-analisis-kpis-Tienda de Electrodomesticos.xlsx","Análisis de KPIs","Tienda de Electrodomésticos","Comercio y Retail","Refrigeradora | Lavadora | Cocina | Microondas | Licuadora | Freidora de aire | Plancha | Ventilador"
"Comercio y Retail/08-control-gastos-Tienda de Electrodomesticos.xlsx","Control de Gastos","Tienda de Electrodomésticos","Comercio y Retail","Refrigeradora | Lavadora | Cocina | Microondas | Licuadora | Freidora de aire | Plancha | Ventilador"
"Comercio y Retail/09-planilla-personal-Tienda de Electrodomesticos.xlsx","Planilla de Personal","Tienda de Electrodomésticos","Comercio y Retail","Refrigeradora | Lavadora | Cocina | Microondas | Licuadora | Freidora de aire | Plancha | Ventilador"
"Comercio y Retail/10-cuentas-por-cobrar-Tienda de Electrodomesticos.xlsx","Cuentas por Cobrar","Tienda de Electrodomésticos","Comercio y Retail","Refrigeradora | Lavadora | Cocina | Microondas | Licuadora | Freidora de aire | Plancha | Ventilador"
"Comercio y Retail/11-caja-diaria-Tienda de Electrodomesticos.xlsx","Caja Diaria","Tienda de Electrodomésticos","Comercio y Retail","Refrigeradora | Lavadora | Cocina | Microondas | Licuadora | Freidora de aire | Plancha | Ventilador"
"Comercio y Retail/12-compras-proveedores-Tienda de Electrodomesticos.xlsx","Compras y Proveedores","Tienda de Electrodomésticos","Comercio y Retail","Refrigeradora | Lavadora | Cocina | Microondas | Licuadora | Freidora de aire | Plancha | Ventilador"
"Comercio y Retail/13-balance-general-Tienda de Electrodomesticos.xlsx","Balance General","Tienda de Electrodomésticos","Comercio y Retail","Refrigeradora | Lavadora | Cocina | Microondas | Licuadora | Freidora de aire | Plancha | Ventilador"
"Comercio y Retail/14-estado-resultados-Tienda de Electrodomesticos.xlsx","Estado de Resultados","Tienda de Electrodomésticos","Comercio y Retail","Refrigeradora | Lavadora | Cocina | Microondas | Licuadora | Freidora de aire | Plancha | Ventilador"
"Comercio y Retail/15-flujo-efectivo-indirecto-Tienda de Electrodomesticos.xlsx","Flujo de Efectivo Indirecto","Tienda de Electrodomésticos","Comercio y Retail","Refrigeradora | Lavadora | Cocina | Microondas | Licuadora | Freidora de aire | Plancha | Ventilador"
"Comercio y Retail/16-conciliacion-bancaria-Tienda de Electrodomesticos.xlsx","Conciliación Bancaria","Tienda de Electrodomésticos","Comercio y Retail","Refrigeradora | Lavadora | Cocina | Microondas | Licuadora | Freidora de aire | Plancha | Ventilador"
"Comercio y Retail/17-libro-diario-Tienda de Electrodomesticos.xlsx","Libro Diario y Mayor","Tienda de Electrodomésticos","Comercio y Retail","Refrigeradora | Lavadora | Cocina | Microondas | Licuadora | Freidora de aire | Plancha | Ventilador"
"Comercio y Retail/18-ratios-financieros-Tienda de Electrodomesticos.xlsx","Ratios Financieros","Tienda de Electrodomésticos","Comercio y Retail","Refrigeradora | Lavadora | Cocina | Microondas | Licuadora | Freidora de aire | Plancha | Ventilador"
"Comercio y Retail/19-control-tributario-Tienda de Electrodomesticos.xlsx","Control Tributario","Tienda de Electrodomésticos","Comercio y Retail","Refrigeradora | Lavadora | Cocina | Microondas | Licuadora | Freidora de aire | Plancha | Ventilador"
"Comercio y Retail/20-presupuesto-centros-costo-Tienda de Electrodomesticos.xlsx","Presupuesto Centros de Costo","Tienda de Electrodomésticos","Comercio y Retail","Refrigeradora | Lavadora | Cocina | Microondas | Licuadora | Freidora de aire | Plancha | Ventilador"
"Comercio y Retail/21-activos-fijos-Tienda de Electrodomesticos.xlsx","Activos Fijos y Depreciación","Tienda de Electrodomésticos","Comercio y Retail","Refrigeradora | Lavadora | Cocina | Microondas | Licuadora | Freidora de aire | Plancha | Ventilador"
"Comercio y Retail/22-punto-equilibrio-Tienda de Electrodomesticos.xlsx","Punto de Equilibrio","Tienda de Electrodomésticos","Comercio y Retail","Refrigeradora | Lavadora | Cocina | Microondas | Licuadora | Freidora de aire | Plancha | Ventilador"
"Comercio y Retail/23-estados-comparativos-Tienda de Electrodomesticos.xlsx","Estados Comparativos 3 Años","Tienda de Electrodomésticos","Comercio y Retail","Refrigeradora | Lavadora | Cocina | Microondas | Licuadora | Freidora de aire | Plancha | Ventilador"
"Comercio y Retail/24-costeo-ordenes-Tienda de Electrodomesticos.xlsx","Costeo porÓrdenes de Trabajo","Tienda de Electrodomésticos","Comercio y Retail","Refrigeradora | Lavadora | Cocina | Microondas | Licuadora | Freidora de aire | Plancha | Ventilador"
"Comercio y Retail/25-calculadora-cts-Tienda de Electrodomesticos.xlsx","Calculadora CTS","Tienda de Electrodomésticos","Comercio y Retail","Refrigeradora | Lavadora | Cocina | Microondas | Licuadora | Freidora de aire | Plancha | Ventilador"
"Comercio y Retail/26-gratificaciones-Tienda de Electrodomesticos.xlsx","Calculadora Gratificaciones","Tienda de Electrodomésticos","Comercio y Retail","Refrigeradora | Lavadora | Cocina | Microondas | Licuadora | Freidora de aire | Plancha | Ventilador"
"Comercio y Retail/27-amortizacion-Tienda de Electrodomesticos.xlsx","Cuadro de Amortización","Tienda de Electrodomésticos","Comercio y Retail","Refrigeradora | Lavadora | Cocina | Microondas | Licuadora | Freidora de aire | Plancha | Ventilador"
"Comercio y Retail/28-vacaciones-Tienda de Electrodomesticos.xlsx","Calculadora Vacaciones","Tienda de Electrodomésticos","Comercio y Retail","Refrigeradora | Lavadora | Cocina | Microondas | Licuadora | Freidora de aire | Plancha | Ventilador"
"Comercio y Retail/29-afp-onp-Tienda de Electrodomesticos.xlsx","Calculadora AFP/ONP","Tienda de Electrodomésticos","Comercio y Retail","Refrigeradora | Lavadora | Cocina | Microondas | Licuadora | Freidora de aire | Plancha | Ventilador"
"Comercio y Retail/30-nomina-Tienda de Electrodomesticos.xlsx","Calculadora Nómina","Tienda de Electrodomésticos","Comercio y Retail","Refrigeradora | Lavadora | Cocina | Microondas | Licuadora | Freidora de aire | Plancha | Ventilador"
"Comercio y Retail/31-roi-Tienda de Electrodomesticos.xlsx","Calculadora ROI","Tienda de Electrodomésticos","Comercio y Retail","Refrigeradora | Lavadora | Cocina | Microondas | Licuadora | Freidora de aire | Plancha | Ventilador"
"Comercio y Retail/32-ipc-Tienda de Electrodomesticos.xlsx","Calculadora IPC","Tienda de Electrodomésticos","Comercio y Retail","Refrigeradora | Lavadora | Cocina | Microondas | Licuadora | Freidora de aire | Plancha | Ventilador"
"Comercio y Retail/33-endeudamiento-Tienda de Electrodomesticos.xlsx","Capacidad Endeudamiento","Tienda de Electrodomésticos","Comercio y Retail","Refrigeradora | Lavadora | Cocina | Microondas | Licuadora | Freidora de aire | Plancha | Ventilador"
"Comercio y Retail/34-proyeccion-flujo-Tienda de Electrodomesticos.xlsx","Proyección Flujo de Caja","Tienda de Electrodomésticos","Comercio y Retail","Refrigeradora | Lavadora | Cocina | Microondas | Licuadora | Freidora de aire | Plancha | Ventilador"
"Comercio y Retail/01-dashboard-financiero-Muebleria.xlsx","Dashboard Financiero","Mueblería","Comercio y Retail","Sala de 3 piezas | Comedor 4 sillas | Dormitorio completo | Ropero | Escritorio | Silla ergonómica | Mesa de centro | Zapatero"
"Comercio y Retail/02-control-ventas-Muebleria.xlsx","Control de Ventas","Mueblería","Comercio y Retail","Sala de 3 piezas | Comedor 4 sillas | Dormitorio completo | Ropero | Escritorio | Silla ergonómica | Mesa de centro | Zapatero"
"Comercio y Retail/03-inventario-Muebleria.xlsx","Control de Inventario","Mueblería","Comercio y Retail","Sala de 3 piezas | Comedor 4 sillas | Dormitorio completo | Ropero | Escritorio | Silla ergonómica | Mesa de centro | Zapatero"
"Comercio y Retail/04-presupuesto-anual-Muebleria.xlsx","Presupuesto Anual","Mueblería","Comercio y Retail","Sala de 3 piezas | Comedor 4 sillas | Dormitorio completo | Ropero | Escritorio | Silla ergonómica | Mesa de centro | Zapatero"
"Comercio y Retail/05-flujo-de-caja-Muebleria.xlsx","Flujo de Caja","Mueblería","Comercio y Retail","Sala de 3 piezas | Comedor 4 sillas | Dormitorio completo | Ropero | Escritorio | Silla ergonómica | Mesa de centro | Zapatero"
"Comercio y Retail/06-gestion-proyectos-Muebleria.xlsx","Gestión de Proyectos","Mueblería","Comercio y Retail","Sala de 3 piezas | Comedor 4 sillas | Dormitorio completo | Ropero | Escritorio | Silla ergonómica | Mesa de centro | Zapatero"
"Comercio y Retail/07-analisis-kpis-Muebleria.xlsx","Análisis de KPIs","Mueblería","Comercio y Retail","Sala de 3 piezas | Comedor 4 sillas | Dormitorio completo | Ropero | Escritorio | Silla ergonómica | Mesa de centro | Zapatero"
"Comercio y Retail/08-control-gastos-Muebleria.xlsx","Control de Gastos","Mueblería","Comercio y Retail","Sala de 3 piezas | Comedor 4 sillas | Dormitorio completo | Ropero | Escritorio | Silla ergonómica | Mesa de centro | Zapatero"
"Comercio y Retail/09-planilla-personal-Muebleria.xlsx","Planilla de Personal","Mueblería","Comercio y Retail","Sala de 3 piezas | Comedor 4 sillas | Dormitorio completo | Ropero | Escritorio | Silla ergonómica | Mesa de centro | Zapatero"
"Comercio y Retail/10-cuentas-por-cobrar-Muebleria.xlsx","Cuentas por Cobrar","Mueblería","Comercio y Retail","Sala de 3 piezas | Comedor 4 sillas | Dormitorio completo | Ropero | Escritorio | Silla ergonómica | Mesa de centro | Zapatero"
"Comercio y Retail/11-caja-diaria-Muebleria.xlsx","Caja Diaria","Mueblería","Comercio y Retail","Sala de 3 piezas | Comedor 4 sillas | Dormitorio completo | Ropero | Escritorio | Silla ergonómica | Mesa de centro | Zapatero"
"Comercio y Retail/12-compras-proveedores-Muebleria.xlsx","Compras y Proveedores","Mueblería","Comercio y Retail","Sala de 3 piezas | Comedor 4 sillas | Dormitorio completo | Ropero | Escritorio | Silla ergonómica | Mesa de centro | Zapatero"
"Comercio y Retail/13-balance-general-Muebleria.xlsx","Balance General","Mueblería","Comercio y Retail","Sala de 3 piezas | Comedor 4 sillas | Dormitorio completo | Ropero | Escritorio | Silla ergonómica | Mesa de centro | Zapatero"
"Comercio y Retail/14-estado-resultados-Muebleria.xlsx","Estado de Resultados","Mueblería","Comercio y Retail","Sala de 3 piezas | Comedor 4 sillas | Dormitorio completo | Ropero | Escritorio | Silla ergonómica | Mesa de centro | Zapatero"
"Comercio y Retail/15-flujo-efectivo-indirecto-Muebleria.xlsx","Flujo de Efectivo Indirecto","Mueblería","Comercio y Retail","Sala de 3 piezas | Comedor 4 sillas | Dormitorio completo | Ropero | Escritorio | Silla ergonómica | Mesa de centro | Zapatero"
"Comercio y Retail/16-conciliacion-bancaria-Muebleria.xlsx","Conciliación Bancaria","Mueblería","Comercio y Retail","Sala de 3 piezas | Comedor 4 sillas | Dormitorio completo | Ropero | Escritorio | Silla ergonómica | Mesa de centro | Zapatero"
"Comercio y Retail/17-libro-diario-Muebleria.xlsx","Libro Diario y Mayor","Mueblería","Comercio y Retail","Sala de 3 piezas | Comedor 4 sillas | Dormitorio completo | Ropero | Escritorio | Silla ergonómica | Mesa de centro | Zapatero"
"Comercio y Retail/18-ratios-financieros-Muebleria.xlsx","Ratios Financieros","Mueblería","Comercio y Retail","Sala de 3 piezas | Comedor 4 sillas | Dormitorio completo | Ropero | Escritorio | Silla ergonómica | Mesa de centro | Zapatero"
"Comercio y Retail/19-control-tributario-Muebleria.xlsx","Control Tributario","Mueblería","Comercio y Retail","Sala de 3 piezas | Comedor 4 sillas | Dormitorio completo | Ropero | Escritorio | Silla ergonómica | Mesa de centro | Zapatero"
"Comercio y Retail/20-presupuesto-centros-costo-Muebleria.xlsx","Presupuesto Centros de Costo","Mueblería","Comercio y Retail","Sala de 3 piezas | Comedor 4 sillas | Dormitorio completo | Ropero | Escritorio | Silla ergonómica | Mesa de centro | Zapatero"
"Comercio y Retail/21-activos-fijos-Muebleria.xlsx","Activos Fijos y Depreciación","Mueblería","Comercio y Retail","Sala de 3 piezas | Comedor 4 sillas | Dormitorio completo | Ropero | Escritorio | Silla ergonómica | Mesa de centro | Zapatero"
"Comercio y Retail/22-punto-equilibrio-Muebleria.xlsx","Punto de Equilibrio","Mueblería","Comercio y Retail","Sala de 3 piezas | Comedor 4 sillas | Dormitorio completo | Ropero | Escritorio | Silla ergonómica | Mesa de centro | Zapatero"
"Comercio y Retail/23-estados-comparativos-Muebleria.xlsx","Estados Comparativos 3 Años","Mueblería","Comercio y Retail","Sala de 3 piezas | Comedor 4 sillas | Dormitorio completo | Ropero | Escritorio | Silla ergonómica | Mesa de centro | Zapatero"
"Comercio y Retail/24-costeo-ordenes-Muebleria.xlsx","Costeo porÓrdenes de Trabajo","Mueblería","Comercio y Retail","Sala de 3 piezas | Comedor 4 sillas | Dormitorio completo | Ropero | Escritorio | Silla ergonómica | Mesa de centro | Zapatero"
"Comercio y Retail/25-calculadora-cts-Muebleria.xlsx","Calculadora CTS","Mueblería","Comercio y Retail","Sala de 3 piezas | Comedor 4 sillas | Dormitorio completo | Ropero | Escritorio | Silla ergonómica | Mesa de centro | Zapatero"
"Comercio y Retail/26-gratificaciones-Muebleria.xlsx","Calculadora Gratificaciones","Mueblería","Comercio y Retail","Sala de 3 piezas | Comedor 4 sillas | Dormitorio completo | Ropero | Escritorio | Silla ergonómica | Mesa de centro | Zapatero"
"Comercio y Retail/27-amortizacion-Muebleria.xlsx","Cuadro de Amortización","Mueblería","Comercio y Retail","Sala de 3 piezas | Comedor 4 sillas | Dormitorio completo | Ropero | Escritorio | Silla ergonómica | Mesa de centro | Zapatero"
"Comercio y Retail/28-vacaciones-Muebleria.xlsx","Calculadora Vacaciones","Mueblería","Comercio y Retail","Sala de 3 piezas | Comedor 4 sillas | Dormitorio completo | Ropero | Escritorio | Silla ergonómica | Mesa de centro | Zapatero"
"Comercio y Retail/29-afp-onp-Muebleria.xlsx","Calculadora AFP/ONP","Mueblería","Comercio y Retail","Sala de 3 piezas | Comedor 4 sillas | Dormitorio completo | Ropero | Escritorio | Silla ergonómica | Mesa de centro | Zapatero"
"Comercio y Retail/30-nomina-Muebleria.xlsx","Calculadora Nómina","Mueblería","Comercio y Retail","Sala de 3 piezas | Comedor 4 sillas | Dormitorio completo | Ropero | Escritorio | Silla ergonómica | Mesa de centro | Zapatero"
"Comercio y Retail/31-roi-Muebleria.xlsx","Calculadora ROI","Mueblería","Comercio y Retail","Sala de 3 piezas | Comedor 4 sillas | Dormitorio completo | Ropero | Escritorio | Silla ergonómica | Mesa de centro | Zapatero"
"Comercio y Retail/32-ipc-Muebleria.xlsx","Calculadora IPC","Mueblería","Comercio y Retail","Sala de 3 piezas | Comedor 4 sillas | Dormitorio completo | Ropero | Escritorio | Silla ergonómica | Mesa de centro | Zapatero"
"Comercio y Retail/33-endeudamiento-Muebleria.xlsx","Capacidad Endeudamiento","Mueblería","Comercio y Retail","Sala de 3 piezas | Comedor 4 sillas | Dormitorio completo | Ropero | Escritorio | Silla ergonómica | Mesa de centro | Zapatero"
"Comercio y Retail/34-proyeccion-flujo-Muebleria.xlsx","Proyección Flujo de Caja","Mueblería","Comercio y Retail","Sala de 3 piezas | Comedor 4 sillas | Dormitorio completo | Ropero | Escritorio | Silla ergonómica | Mesa de centro | Zapatero"
"Comercio y Retail/01-dashboard-financiero-Optica.xlsx","Dashboard Financiero","Óptica","Comercio y Retail","Lentes oftálmicos | Lentes de sol | Lentes de contacto | Solución multipropósito | Estuche | Repuesto de micas | Control visual | Lentes antiluz azul"
"Comercio y Retail/02-control-ventas-Optica.xlsx","Control de Ventas","Óptica","Comercio y Retail","Lentes oftálmicos | Lentes de sol | Lentes de contacto | Solución multipropósito | Estuche | Repuesto de micas | Control visual | Lentes antiluz azul"
"Comercio y Retail/03-inventario-Optica.xlsx","Control de Inventario","Óptica","Comercio y Retail","Lentes oftálmicos | Lentes de sol | Lentes de contacto | Solución multipropósito | Estuche | Repuesto de micas | Control visual | Lentes antiluz azul"
"Comercio y Retail/04-presupuesto-anual-Optica.xlsx","Presupuesto Anual","Óptica","Comercio y Retail","Lentes oftálmicos | Lentes de sol | Lentes de contacto | Solución multipropósito | Estuche | Repuesto de micas | Control visual | Lentes antiluz azul"
"Comercio y Retail/05-flujo-de-caja-Optica.xlsx","Flujo de Caja","Óptica","Comercio y Retail","Lentes oftálmicos | Lentes de sol | Lentes de contacto | Solución multipropósito | Estuche | Repuesto de micas | Control visual | Lentes antiluz azul"
"Comercio y Retail/06-gestion-proyectos-Optica.xlsx","Gestión de Proyectos","Óptica","Comercio y Retail","Lentes oftálmicos | Lentes de sol | Lentes de contacto | Solución multipropósito | Estuche | Repuesto de micas | Control visual | Lentes antiluz azul"
"Comercio y Retail/07-analisis-kpis-Optica.xlsx","Análisis de KPIs","Óptica","Comercio y Retail","Lentes oftálmicos | Lentes de sol | Lentes de contacto | Solución multipropósito | Estuche | Repuesto de micas | Control visual | Lentes antiluz azul"
"Comercio y Retail/08-control-gastos-Optica.xlsx","Control de Gastos","Óptica","Comercio y Retail","Lentes oftálmicos | Lentes de sol | Lentes de contacto | Solución multipropósito | Estuche | Repuesto de micas | Control visual | Lentes antiluz azul"
"Comercio y Retail/09-planilla-personal-Optica.xlsx","Planilla de Personal","Óptica","Comercio y Retail","Lentes oftálmicos | Lentes de sol | Lentes de contacto | Solución multipropósito | Estuche | Repuesto de micas | Control visual | Lentes antiluz azul"
"Comercio y Retail/10-cuentas-por-cobrar-Optica.xlsx","Cuentas por Cobrar","Óptica","Comercio y Retail","Lentes oftálmicos | Lentes de sol | Lentes de contacto | Solución multipropósito | Estuche | Repuesto de micas | Control visual | Lentes antiluz azul"
"Comercio y Retail/11-caja-diaria-Optica.xlsx","Caja Diaria","Óptica","Comercio y Retail","Lentes oftálmicos | Lentes de sol | Lentes de contacto | Solución multipropósito | Estuche | Repuesto de micas | Control visual | Lentes antiluz azul"
"Comercio y Retail/12-compras-proveedores-Optica.xlsx","Compras y Proveedores","Óptica","Comercio y Retail","Lentes oftálmicos | Lentes de sol | Lentes de contacto | Solución multipropósito | Estuche | Repuesto de micas | Control visual | Lentes antiluz azul"
"Comercio y Retail/13-balance-general-Optica.xlsx","Balance General","Óptica","Comercio y Retail","Lentes oftálmicos | Lentes de sol | Lentes de contacto | Solución multipropósito | Estuche | Repuesto de micas | Control visual | Lentes antiluz azul"
"Comercio y Retail/14-estado-resultados-Optica.xlsx","Estado de Resultados","Óptica","Comercio y Retail","Lentes oftálmicos | Lentes de sol | Lentes de contacto | Solución multipropósito | Estuche | Repuesto de micas | Control visual | Lentes antiluz azul"
"Comercio y Retail/15-flujo-efectivo-indirecto-Optica.xlsx","Flujo de Efectivo Indirecto","Óptica","Comercio y Retail","Lentes oftálmicos | Lentes de sol | Lentes de contacto | Solución multipropósito | Estuche | Repuesto de micas | Control visual | Lentes antiluz azul"
"Comercio y Retail/16-conciliacion-bancaria-Optica.xlsx","Conciliación Bancaria","Óptica","Comercio y Retail","Lentes oftálmicos | Lentes de sol | Lentes de contacto | Solución multipropósito | Estuche | Repuesto de micas | Control visual | Lentes antiluz azul"
"Comercio y Retail/17-libro-diario-Optica.xlsx","Libro Diario y Mayor","Óptica","Comercio y Retail","Lentes oftálmicos | Lentes de sol | Lentes de contacto | Solución multipropósito | Estuche | Repuesto de micas | Control visual | Lentes antiluz azul"
"Comercio y Retail/18-ratios-financieros-Optica.xlsx","Ratios Financieros","Óptica","Comercio y Retail","Lentes oftálmicos | Lentes de sol | Lentes de contacto | Solución multipropósito | Estuche | Repuesto de micas | Control visual | Lentes antiluz azul"
"Comercio y Retail/19-control-tributario-Optica.xlsx","Control Tributario","Óptica","Comercio y Retail","Lentes oftálmicos | Lentes de sol | Lentes de contacto | Solución multipropósito | Estuche | Repuesto de micas | Control visual | Lentes antiluz azul"
"Comercio y Retail/20-presupuesto-centros-costo-Optica.xlsx","Presupuesto Centros de Costo","Óptica","Comercio y Retail","Lentes oftálmicos | Lentes de sol | Lentes de contacto | Solución multipropósito | Estuche | Repuesto de micas | Control visual | Lentes antiluz azul"
"Comercio y Retail/21-activos-fijos-Optica.xlsx","Activos Fijos y Depreciación","Óptica","Comercio y Retail","Lentes oftálmicos | Lentes de sol | Lentes de contacto | Solución multipropósito | Estuche | Repuesto de micas | Control visual | Lentes antiluz azul"
"Comercio y Retail/22-punto-equilibrio-Optica.xlsx","Punto de Equilibrio","Óptica","Comercio y Retail","Lentes oftálmicos | Lentes de sol | Lentes de contacto | Solución multipropósito | Estuche | Repuesto de micas | Control visual | Lentes antiluz azul"
"Comercio y Retail/23-estados-comparativos-Optica.xlsx","Estados Comparativos 3 Años","Óptica","Comercio y Retail","Lentes oftálmicos | Lentes de sol | Lentes de contacto | Solución multipropósito | Estuche | Repuesto de micas | Control visual | Lentes antiluz azul"
"Comercio y Retail/24-costeo-ordenes-Optica.xlsx","Costeo porÓrdenes de Trabajo","Óptica","Comercio y Retail","Lentes oftálmicos | Lentes de sol | Lentes de contacto | Solución multipropósito | Estuche | Repuesto de micas | Control visual | Lentes antiluz azul"
"Comercio y Retail/25-calculadora-cts-Optica.xlsx","Calculadora CTS","Óptica","Comercio y Retail","Lentes oftálmicos | Lentes de sol | Lentes de contacto | Solución multipropósito | Estuche | Repuesto de micas | Control visual | Lentes antiluz azul"
"Comercio y Retail/26-gratificaciones-Optica.xlsx","Calculadora Gratificaciones","Óptica","Comercio y Retail","Lentes oftálmicos | Lentes de sol | Lentes de contacto | Solución multipropósito | Estuche | Repuesto de micas | Control visual | Lentes antiluz azul"
"Comercio y Retail/27-amortizacion-Optica.xlsx","Cuadro de Amortización","Óptica","Comercio y Retail","Lentes oftálmicos | Lentes de sol | Lentes de contacto | Solución multipropósito | Estuche | Repuesto de micas | Control visual | Lentes antiluz azul"
"Comercio y Retail/28-vacaciones-Optica.xlsx","Calculadora Vacaciones","Óptica","Comercio y Retail","Lentes oftálmicos | Lentes de sol | Lentes de contacto | Solución multipropósito | Estuche | Repuesto de micas | Control visual | Lentes antiluz azul"
"Comercio y Retail/29-afp-onp-Optica.xlsx","Calculadora AFP/ONP","Óptica","Comercio y Retail","Lentes oftálmicos | Lentes de sol | Lentes de contacto | Solución multipropósito | Estuche | Repuesto de micas | Control visual | Lentes antiluz azul"
"Comercio y Retail/30-nomina-Optica.xlsx","Calculadora Nómina","Óptica","Comercio y Retail","Lentes oftálmicos | Lentes de sol | Lentes de contacto | Solución multipropósito | Estuche | Repuesto de micas | Control visual | Lentes antiluz azul"
"Comercio y Retail/31-roi-Optica.xlsx","Calculadora ROI","Óptica","Comercio y Retail","Lentes oftálmicos | Lentes de sol | Lentes de contacto | Solución multipropósito | Estuche | Repuesto de micas | Control visual | Lentes antiluz azul"
"Comercio y Retail/32-ipc-Optica.xlsx","Calculadora IPC","Óptica","Comercio y Retail","Lentes oftálmicos | Lentes de sol | Lentes de contacto | Solución multipropósito | Estuche | Repuesto de micas | Control visual | Lentes antiluz azul"
"Comercio y Retail/33-endeudamiento-Optica.xlsx","Capacidad Endeudamiento","Óptica","Comercio y Retail","Lentes oftálmicos | Lentes de sol | Lentes de contacto | Solución multipropósito | Estuche | Repuesto de micas | Control visual | Lentes antiluz azul"
"Comercio y Retail/34-proyeccion-flujo-Optica.xlsx","Proyección Flujo de Caja","Óptica","Comercio y Retail","Lentes oftálmicos | Lentes de sol | Lentes de contacto | Solución multipropósito | Estuche | Repuesto de micas | Control visual | Lentes antiluz azul"
"Comercio y Retail/01-dashboard-financiero-Ferreteria Electrica.xlsx","Dashboard Financiero","Ferretería Eléctrica","Comercio y Retail","Cable THW | Interruptores | Tomacorrientes | Tubos conduit | Breakers | Focos LED | Cinta aislante | Caja de paso"
"Comercio y Retail/02-control-ventas-Ferreteria Electrica.xlsx","Control de Ventas","Ferretería Eléctrica","Comercio y Retail","Cable THW | Interruptores | Tomacorrientes | Tubos conduit | Breakers | Focos LED | Cinta aislante | Caja de paso"
"Comercio y Retail/03-inventario-Ferreteria Electrica.xlsx","Control de Inventario","Ferretería Eléctrica","Comercio y Retail","Cable THW | Interruptores | Tomacorrientes | Tubos conduit | Breakers | Focos LED | Cinta aislante | Caja de paso"
"Comercio y Retail/04-presupuesto-anual-Ferreteria Electrica.xlsx","Presupuesto Anual","Ferretería Eléctrica","Comercio y Retail","Cable THW | Interruptores | Tomacorrientes | Tubos conduit | Breakers | Focos LED | Cinta aislante | Caja de paso"
"Comercio y Retail/05-flujo-de-caja-Ferreteria Electrica.xlsx","Flujo de Caja","Ferretería Eléctrica","Comercio y Retail","Cable THW | Interruptores | Tomacorrientes | Tubos conduit | Breakers | Focos LED | Cinta aislante | Caja de paso"
"Comercio y Retail/06-gestion-proyectos-Ferreteria Electrica.xlsx","Gestión de Proyectos","Ferretería Eléctrica","Comercio y Retail","Cable THW | Interruptores | Tomacorrientes | Tubos conduit | Breakers | Focos LED | Cinta aislante | Caja de paso"
"Comercio y Retail/07-analisis-kpis-Ferreteria Electrica.xlsx","Análisis de KPIs","Ferretería Eléctrica","Comercio y Retail","Cable THW | Interruptores | Tomacorrientes | Tubos conduit | Breakers | Focos LED | Cinta aislante | Caja de paso"
"Comercio y Retail/08-control-gastos-Ferreteria Electrica.xlsx","Control de Gastos","Ferretería Eléctrica","Comercio y Retail","Cable THW | Interruptores | Tomacorrientes | Tubos conduit | Breakers | Focos LED | Cinta aislante | Caja de paso"
"Comercio y Retail/09-planilla-personal-Ferreteria Electrica.xlsx","Planilla de Personal","Ferretería Eléctrica","Comercio y Retail","Cable THW | Interruptores | Tomacorrientes | Tubos conduit | Breakers | Focos LED | Cinta aislante | Caja de paso"
"Comercio y Retail/10-cuentas-por-cobrar-Ferreteria Electrica.xlsx","Cuentas por Cobrar","Ferretería Eléctrica","Comercio y Retail","Cable THW | Interruptores | Tomacorrientes | Tubos conduit | Breakers | Focos LED | Cinta aislante | Caja de paso"
"Comercio y Retail/11-caja-diaria-Ferreteria Electrica.xlsx","Caja Diaria","Ferretería Eléctrica","Comercio y Retail","Cable THW | Interruptores | Tomacorrientes | Tubos conduit | Breakers | Focos LED | Cinta aislante | Caja de paso"
"Comercio y Retail/12-compras-proveedores-Ferreteria Electrica.xlsx","Compras y Proveedores","Ferretería Eléctrica","Comercio y Retail","Cable THW | Interruptores | Tomacorrientes | Tubos conduit | Breakers | Focos LED | Cinta aislante | Caja de paso"
"Comercio y Retail/13-balance-general-Ferreteria Electrica.xlsx","Balance General","Ferretería Eléctrica","Comercio y Retail","Cable THW | Interruptores | Tomacorrientes | Tubos conduit | Breakers | Focos LED | Cinta aislante | Caja de paso"
"Comercio y Retail/14-estado-resultados-Ferreteria Electrica.xlsx","Estado de Resultados","Ferretería Eléctrica","Comercio y Retail","Cable THW | Interruptores | Tomacorrientes | Tubos conduit | Breakers | Focos LED | Cinta aislante | Caja de paso"
"Comercio y Retail/15-flujo-efectivo-indirecto-Ferreteria Electrica.xlsx","Flujo de Efectivo Indirecto","Ferretería Eléctrica","Comercio y Retail","Cable THW | Interruptores | Tomacorrientes | Tubos conduit | Breakers | Focos LED | Cinta aislante | Caja de paso"
"Comercio y Retail/16-conciliacion-bancaria-Ferreteria Electrica.xlsx","Conciliación Bancaria","Ferretería Eléctrica","Comercio y Retail","Cable THW | Interruptores | Tomacorrientes | Tubos conduit | Breakers | Focos LED | Cinta aislante | Caja de paso"
"Comercio y Retail/17-libro-diario-Ferreteria Electrica.xlsx","Libro Diario y Mayor","Ferretería Eléctrica","Comercio y Retail","Cable THW | Interruptores | Tomacorrientes | Tubos conduit | Breakers | Focos LED | Cinta aislante | Caja de paso"
"Comercio y Retail/18-ratios-financieros-Ferreteria Electrica.xlsx","Ratios Financieros","Ferretería Eléctrica","Comercio y Retail","Cable THW | Interruptores | Tomacorrientes | Tubos conduit | Breakers | Focos LED | Cinta aislante | Caja de paso"
"Comercio y Retail/19-control-tributario-Ferreteria Electrica.xlsx","Control Tributario","Ferretería Eléctrica","Comercio y Retail","Cable THW | Interruptores | Tomacorrientes | Tubos conduit | Breakers | Focos LED | Cinta aislante | Caja de paso"
"Comercio y Retail/20-presupuesto-centros-costo-Ferreteria Electrica.xlsx","Presupuesto Centros de Costo","Ferretería Eléctrica","Comercio y Retail","Cable THW | Interruptores | Tomacorrientes | Tubos conduit | Breakers | Focos LED | Cinta aislante | Caja de paso"
"Comercio y Retail/21-activos-fijos-Ferreteria Electrica.xlsx","Activos Fijos y Depreciación","Ferretería Eléctrica","Comercio y Retail","Cable THW | Interruptores | Tomacorrientes | Tubos conduit | Breakers | Focos LED | Cinta aislante | Caja de paso"
"Comercio y Retail/22-punto-equilibrio-Ferreteria Electrica.xlsx","Punto de Equilibrio","Ferretería Eléctrica","Comercio y Retail","Cable THW | Interruptores | Tomacorrientes | Tubos conduit | Breakers | Focos LED | Cinta aislante | Caja de paso"
"Comercio y Retail/23-estados-comparativos-Ferreteria Electrica.xlsx","Estados Comparativos 3 Años","Ferretería Eléctrica","Comercio y Retail","Cable THW | Interruptores | Tomacorrientes | Tubos conduit | Breakers | Focos LED | Cinta aislante | Caja de paso"
"Comercio y Retail/24-costeo-ordenes-Ferreteria Electrica.xlsx","Costeo porÓrdenes de Trabajo","Ferretería Eléctrica","Comercio y Retail","Cable THW | Interruptores | Tomacorrientes | Tubos conduit | Breakers | Focos LED | Cinta aislante | Caja de paso"
"Comercio y Retail/25-calculadora-cts-Ferreteria Electrica.xlsx","Calculadora CTS","Ferretería Eléctrica","Comercio y Retail","Cable THW | Interruptores | Tomacorrientes | Tubos conduit | Breakers | Focos LED | Cinta aislante | Caja de paso"
"Comercio y Retail/26-gratificaciones-Ferreteria Electrica.xlsx","Calculadora Gratificaciones","Ferretería Eléctrica","Comercio y Retail","Cable THW | Interruptores | Tomacorrientes | Tubos conduit | Breakers | Focos LED | Cinta aislante | Caja de paso"
"Comercio y Retail/27-amortizacion-Ferreteria Electrica.xlsx","Cuadro de Amortización","Ferretería Eléctrica","Comercio y Retail","Cable THW | Interruptores | Tomacorrientes | Tubos conduit | Breakers | Focos LED | Cinta aislante | Caja de paso"
"Comercio y Retail/28-vacaciones-Ferreteria Electrica.xlsx","Calculadora Vacaciones","Ferretería Eléctrica","Comercio y Retail","Cable THW | Interruptores | Tomacorrientes | Tubos conduit | Breakers | Focos LED | Cinta aislante | Caja de paso"
"Comercio y Retail/29-afp-onp-Ferreteria Electrica.xlsx","Calculadora AFP/ONP","Ferretería Eléctrica","Comercio y Retail","Cable THW | Interruptores | Tomacorrientes | Tubos conduit | Breakers | Focos LED | Cinta aislante | Caja de paso"
"Comercio y Retail/30-nomina-Ferreteria Electrica.xlsx","Calculadora Nómina","Ferretería Eléctrica","Comercio y Retail","Cable THW | Interruptores | Tomacorrientes | Tubos conduit | Breakers | Focos LED | Cinta aislante | Caja de paso"
"Comercio y Retail/31-roi-Ferreteria Electrica.xlsx","Calculadora ROI","Ferretería Eléctrica","Comercio y Retail","Cable THW | Interruptores | Tomacorrientes | Tubos conduit | Breakers | Focos LED | Cinta aislante | Caja de paso"
"Comercio y Retail/32-ipc-Ferreteria Electrica.xlsx","Calculadora IPC","Ferretería Eléctrica","Comercio y Retail","Cable THW | Interruptores | Tomacorrientes | Tubos conduit | Breakers | Focos LED | Cinta aislante | Caja de paso"
"Comercio y Retail/33-endeudamiento-Ferreteria Electrica.xlsx","Capacidad Endeudamiento","Ferretería Eléctrica","Comercio y Retail","Cable THW | Interruptores | Tomacorrientes | Tubos conduit | Breakers | Focos LED | Cinta aislante | Caja de paso"
"Comercio y Retail/34-proyeccion-flujo-Ferreteria Electrica.xlsx","Proyección Flujo de Caja","Ferretería Eléctrica","Comercio y Retail","Cable THW | Interruptores | Tomacorrientes | Tubos conduit | Breakers | Focos LED | Cinta aislante | Caja de paso"
"Comercio y Retail/01-dashboard-financiero-Abarrotes por Mayor.xlsx","Dashboard Financiero","Abarrotes por Mayor","Comercio y Retail","Arroz saco 50kg | Azúcar saco 50kg | Aceite caja | Fideos paquete x20 | Atún caja | Leche caja | Menestras saco | Sal saco"
"Comercio y Retail/02-control-ventas-Abarrotes por Mayor.xlsx","Control de Ventas","Abarrotes por Mayor","Comercio y Retail","Arroz saco 50kg | Azúcar saco 50kg | Aceite caja | Fideos paquete x20 | Atún caja | Leche caja | Menestras saco | Sal saco"
"Comercio y Retail/03-inventario-Abarrotes por Mayor.xlsx","Control de Inventario","Abarrotes por Mayor","Comercio y Retail","Arroz saco 50kg | Azúcar saco 50kg | Aceite caja | Fideos paquete x20 | Atún caja | Leche caja | Menestras saco | Sal saco"
"Comercio y Retail/04-presupuesto-anual-Abarrotes por Mayor.xlsx","Presupuesto Anual","Abarrotes por Mayor","Comercio y Retail","Arroz saco 50kg | Azúcar saco 50kg | Aceite caja | Fideos paquete x20 | Atún caja | Leche caja | Menestras saco | Sal saco"
"Comercio y Retail/05-flujo-de-caja-Abarrotes por Mayor.xlsx","Flujo de Caja","Abarrotes por Mayor","Comercio y Retail","Arroz saco 50kg | Azúcar saco 50kg | Aceite caja | Fideos paquete x20 | Atún caja | Leche caja | Menestras saco | Sal saco"
"Comercio y Retail/06-gestion-proyectos-Abarrotes por Mayor.xlsx","Gestión de Proyectos","Abarrotes por Mayor","Comercio y Retail","Arroz saco 50kg | Azúcar saco 50kg | Aceite caja | Fideos paquete x20 | Atún caja | Leche caja | Menestras saco | Sal saco"
"Comercio y Retail/07-analisis-kpis-Abarrotes por Mayor.xlsx","Análisis de KPIs","Abarrotes por Mayor","Comercio y Retail","Arroz saco 50kg | Azúcar saco 50kg | Aceite caja | Fideos paquete x20 | Atún caja | Leche caja | Menestras saco | Sal saco"
"Comercio y Retail/08-control-gastos-Abarrotes por Mayor.xlsx","Control de Gastos","Abarrotes por Mayor","Comercio y Retail","Arroz saco 50kg | Azúcar saco 50kg | Aceite caja | Fideos paquete x20 | Atún caja | Leche caja | Menestras saco | Sal saco"
"Comercio y Retail/09-planilla-personal-Abarrotes por Mayor.xlsx","Planilla de Personal","Abarrotes por Mayor","Comercio y Retail","Arroz saco 50kg | Azúcar saco 50kg | Aceite caja | Fideos paquete x20 | Atún caja | Leche caja | Menestras saco | Sal saco"
"Comercio y Retail/10-cuentas-por-cobrar-Abarrotes por Mayor.xlsx","Cuentas por Cobrar","Abarrotes por Mayor","Comercio y Retail","Arroz saco 50kg | Azúcar saco 50kg | Aceite caja | Fideos paquete x20 | Atún caja | Leche caja | Menestras saco | Sal saco"
"Comercio y Retail/11-caja-diaria-Abarrotes por Mayor.xlsx","Caja Diaria","Abarrotes por Mayor","Comercio y Retail","Arroz saco 50kg | Azúcar saco 50kg | Aceite caja | Fideos paquete x20 | Atún caja | Leche caja | Menestras saco | Sal saco"
"Comercio y Retail/12-compras-proveedores-Abarrotes por Mayor.xlsx","Compras y Proveedores","Abarrotes por Mayor","Comercio y Retail","Arroz saco 50kg | Azúcar saco 50kg | Aceite caja | Fideos paquete x20 | Atún caja | Leche caja | Menestras saco | Sal saco"
"Comercio y Retail/13-balance-general-Abarrotes por Mayor.xlsx","Balance General","Abarrotes por Mayor","Comercio y Retail","Arroz saco 50kg | Azúcar saco 50kg | Aceite caja | Fideos paquete x20 | Atún caja | Leche caja | Menestras saco | Sal saco"
"Comercio y Retail/14-estado-resultados-Abarrotes por Mayor.xlsx","Estado de Resultados","Abarrotes por Mayor","Comercio y Retail","Arroz saco 50kg | Azúcar saco 50kg | Aceite caja | Fideos paquete x20 | Atún caja | Leche caja | Menestras saco | Sal saco"
"Comercio y Retail/15-flujo-efectivo-indirecto-Abarrotes por Mayor.xlsx","Flujo de Efectivo Indirecto","Abarrotes por Mayor","Comercio y Retail","Arroz saco 50kg | Azúcar saco 50kg | Aceite caja | Fideos paquete x20 | Atún caja | Leche caja | Menestras saco | Sal saco"
"Comercio y Retail/16-conciliacion-bancaria-Abarrotes por Mayor.xlsx","Conciliación Bancaria","Abarrotes por Mayor","Comercio y Retail","Arroz saco 50kg | Azúcar saco 50kg | Aceite caja | Fideos paquete x20 | Atún caja | Leche caja | Menestras saco | Sal saco"
"Comercio y Retail/17-libro-diario-Abarrotes por Mayor.xlsx","Libro Diario y Mayor","Abarrotes por Mayor","Comercio y Retail","Arroz saco 50kg | Azúcar saco 50kg | Aceite caja | Fideos paquete x20 | Atún caja | Leche caja | Menestras saco | Sal saco"
"Comercio y Retail/18-ratios-financieros-Abarrotes por Mayor.xlsx","Ratios Financieros","Abarrotes por Mayor","Comercio y Retail","Arroz saco 50kg | Azúcar saco 50kg | Aceite caja | Fideos paquete x20 | Atún caja | Leche caja | Menestras saco | Sal saco"
"Comercio y Retail/19-control-tributario-Abarrotes por Mayor.xlsx","Control Tributario","Abarrotes por Mayor","Comercio y Retail","Arroz saco 50kg | Azúcar saco 50kg | Aceite caja | Fideos paquete x20 | Atún caja | Leche caja | Menestras saco | Sal saco"
"Comercio y Retail/20-presupuesto-centros-costo-Abarrotes por Mayor.xlsx","Presupuesto Centros de Costo","Abarrotes por Mayor","Comercio y Retail","Arroz saco 50kg | Azúcar saco 50kg | Aceite caja | Fideos paquete x20 | Atún caja | Leche caja | Menestras saco | Sal saco"
"Comercio y Retail/21-activos-fijos-Abarrotes por Mayor.xlsx","Activos Fijos y Depreciación","Abarrotes por Mayor","Comercio y Retail","Arroz saco 50kg | Azúcar saco 50kg | Aceite caja | Fideos paquete x20 | Atún caja | Leche caja | Menestras saco | Sal saco"
"Comercio y Retail/22-punto-equilibrio-Abarrotes por Mayor.xlsx","Punto de Equilibrio","Abarrotes por Mayor","Comercio y Retail","Arroz saco 50kg | Azúcar saco 50kg | Aceite caja | Fideos paquete x20 | Atún caja | Leche caja | Menestras saco | Sal saco"
"Comercio y Retail/23-estados-comparativos-Abarrotes por Mayor.xlsx","Estados Comparativos 3 Años","Abarrotes por Mayor","Comercio y Retail","Arroz saco 50kg | Azúcar saco 50kg | Aceite caja | Fideos paquete x20 | Atún caja | Leche caja | Menestras saco | Sal saco"
"Comercio y Retail/24-costeo-ordenes-Abarrotes por Mayor.xlsx","Costeo porÓrdenes de Trabajo","Abarrotes por Mayor","Comercio y Retail","Arroz saco 50kg | Azúcar saco 50kg | Aceite caja | Fideos paquete x20 | Atún caja | Leche caja | Menestras saco | Sal saco"
"Comercio y Retail/25-calculadora-cts-Abarrotes por Mayor.xlsx","Calculadora CTS","Abarrotes por Mayor","Comercio y Retail","Arroz saco 50kg | Azúcar saco 50kg | Aceite caja | Fideos paquete x20 | Atún caja | Leche caja | Menestras saco | Sal saco"
"Comercio y Retail/26-gratificaciones-Abarrotes por Mayor.xlsx","Calculadora Gratificaciones","Abarrotes por Mayor","Comercio y Retail","Arroz saco 50kg | Azúcar saco 50kg | Aceite caja | Fideos paquete x20 | Atún caja | Leche caja | Menestras saco | Sal saco"
"Comercio y Retail/27-amortizacion-Abarrotes por Mayor.xlsx","Cuadro de Amortización","Abarrotes por Mayor","Comercio y Retail","Arroz saco 50kg | Azúcar saco 50kg | Aceite caja | Fideos paquete x20 | Atún caja | Leche caja | Menestras saco | Sal saco"
"Comercio y Retail/28-vacaciones-Abarrotes por Mayor.xlsx","Calculadora Vacaciones","Abarrotes por Mayor","Comercio y Retail","Arroz saco 50kg | Azúcar saco 50kg | Aceite caja | Fideos paquete x20 | Atún caja | Leche caja | Menestras saco | Sal saco"
"Comercio y Retail/29-afp-onp-Abarrotes por Mayor.xlsx","Calculadora AFP/ONP","Abarrotes por Mayor","Comercio y Retail","Arroz saco 50kg | Azúcar saco 50kg | Aceite caja | Fideos paquete x20 | Atún caja | Leche caja | Menestras saco | Sal saco"
"Comercio y Retail/30-nomina-Abarrotes por Mayor.xlsx","Calculadora Nómina","Abarrotes por Mayor","Comercio y Retail","Arroz saco 50kg | Azúcar saco 50kg | Aceite caja | Fideos paquete x20 | Atún caja | Leche caja | Menestras saco | Sal saco"
"Comercio y Retail/31-roi-Abarrotes por Mayor.xlsx","Calculadora ROI","Abarrotes por Mayor","Comercio y Retail","Arroz saco 50kg | Azúcar saco 50kg | Aceite caja | Fideos paquete x20 | Atún caja | Leche caja | Menestras saco | Sal saco"
"Comercio y Retail/32-ipc-Abarrotes por Mayor.xlsx","Calculadora IPC","Abarrotes por Mayor","Comercio y Retail","Arroz saco 50kg | Azúcar saco 50kg | Aceite caja | Fideos paquete x20 | Atún caja | Leche caja | Menestras saco | Sal saco"
"Comercio y Retail/33-endeudamiento-Abarrotes por Mayor.xlsx","Capacidad Endeudamiento","Abarrotes por Mayor","Comercio y Retail","Arroz saco 50kg | Azúcar saco 50kg | Aceite caja | Fideos paquete x20 | Atún caja | Leche caja | Menestras saco | Sal saco"
"Comercio y Retail/34-proyeccion-flujo-Abarrotes por Mayor.xlsx","Proyección Flujo de Caja","Abarrotes por Mayor","Comercio y Retail","Arroz saco 50kg | Azúcar saco 50kg | Aceite caja | Fideos paquete x20 | Atún caja | Leche caja | Menestras saco | Sal saco"
"Comercio y Retail/01-dashboard-financiero-Tienda de Juguetes.xlsx","Dashboard Financiero","Tienda de Juguetes","Comercio y Retail","Muñecas | Autos a control | Puzzles | Juegos de mesa | Peluches | Bloques | Bicicletas | Juegos educativos"
"Comercio y Retail/02-control-ventas-Tienda de Juguetes.xlsx","Control de Ventas","Tienda de Juguetes","Comercio y Retail","Muñecas | Autos a control | Puzzles | Juegos de mesa | Peluches | Bloques | Bicicletas | Juegos educativos"
"Comercio y Retail/03-inventario-Tienda de Juguetes.xlsx","Control de Inventario","Tienda de Juguetes","Comercio y Retail","Muñecas | Autos a control | Puzzles | Juegos de mesa | Peluches | Bloques | Bicicletas | Juegos educativos"
"Comercio y Retail/04-presupuesto-anual-Tienda de Juguetes.xlsx","Presupuesto Anual","Tienda de Juguetes","Comercio y Retail","Muñecas | Autos a control | Puzzles | Juegos de mesa | Peluches | Bloques | Bicicletas | Juegos educativos"
"Comercio y Retail/05-flujo-de-caja-Tienda de Juguetes.xlsx","Flujo de Caja","Tienda de Juguetes","Comercio y Retail","Muñecas | Autos a control | Puzzles | Juegos de mesa | Peluches | Bloques | Bicicletas | Juegos educativos"
"Comercio y Retail/06-gestion-proyectos-Tienda de Juguetes.xlsx","Gestión de Proyectos","Tienda de Juguetes","Comercio y Retail","Muñecas | Autos a control | Puzzles | Juegos de mesa | Peluches | Bloques | Bicicletas | Juegos educativos"
"Comercio y Retail/07-analisis-kpis-Tienda de Juguetes.xlsx","Análisis de KPIs","Tienda de Juguetes","Comercio y Retail","Muñecas | Autos a control | Puzzles | Juegos de mesa | Peluches | Bloques | Bicicletas | Juegos educativos"
"Comercio y Retail/08-control-gastos-Tienda de Juguetes.xlsx","Control de Gastos","Tienda de Juguetes","Comercio y Retail","Muñecas | Autos a control | Puzzles | Juegos de mesa | Peluches | Bloques | Bicicletas | Juegos educativos"
"Comercio y Retail/09-planilla-personal-Tienda de Juguetes.xlsx","Planilla de Personal","Tienda de Juguetes","Comercio y Retail","Muñecas | Autos a control | Puzzles | Juegos de mesa | Peluches | Bloques | Bicicletas | Juegos educativos"
"Comercio y Retail/10-cuentas-por-cobrar-Tienda de Juguetes.xlsx","Cuentas por Cobrar","Tienda de Juguetes","Comercio y Retail","Muñecas | Autos a control | Puzzles | Juegos de mesa | Peluches | Bloques | Bicicletas | Juegos educativos"
"Comercio y Retail/11-caja-diaria-Tienda de Juguetes.xlsx","Caja Diaria","Tienda de Juguetes","Comercio y Retail","Muñecas | Autos a control | Puzzles | Juegos de mesa | Peluches | Bloques | Bicicletas | Juegos educativos"
"Comercio y Retail/12-compras-proveedores-Tienda de Juguetes.xlsx","Compras y Proveedores","Tienda de Juguetes","Comercio y Retail","Muñecas | Autos a control | Puzzles | Juegos de mesa | Peluches | Bloques | Bicicletas | Juegos educativos"
"Comercio y Retail/13-balance-general-Tienda de Juguetes.xlsx","Balance General","Tienda de Juguetes","Comercio y Retail","Muñecas | Autos a control | Puzzles | Juegos de mesa | Peluches | Bloques | Bicicletas | Juegos educativos"
"Comercio y Retail/14-estado-resultados-Tienda de Juguetes.xlsx","Estado de Resultados","Tienda de Juguetes","Comercio y Retail","Muñecas | Autos a control | Puzzles | Juegos de mesa | Peluches | Bloques | Bicicletas | Juegos educativos"
"Comercio y Retail/15-flujo-efectivo-indirecto-Tienda de Juguetes.xlsx","Flujo de Efectivo Indirecto","Tienda de Juguetes","Comercio y Retail","Muñecas | Autos a control | Puzzles | Juegos de mesa | Peluches | Bloques | Bicicletas | Juegos educativos"
"Comercio y Retail/16-conciliacion-bancaria-Tienda de Juguetes.xlsx","Conciliación Bancaria","Tienda de Juguetes","Comercio y Retail","Muñecas | Autos a control | Puzzles | Juegos de mesa | Peluches | Bloques | Bicicletas | Juegos educativos"
"Comercio y Retail/17-libro-diario-Tienda de Juguetes.xlsx","Libro Diario y Mayor","Tienda de Juguetes","Comercio y Retail","Muñecas | Autos a control | Puzzles | Juegos de mesa | Peluches | Bloques | Bicicletas | Juegos educativos"
"Comercio y Retail/18-ratios-financieros-Tienda de Juguetes.xlsx","Ratios Financieros","Tienda de Juguetes","Comercio y Retail","Muñecas | Autos a control | Puzzles | Juegos de mesa | Peluches | Bloques | Bicicletas | Juegos educativos"
"Comercio y Retail/19-control-tributario-Tienda de Juguetes.xlsx","Control Tributario","Tienda de Juguetes","Comercio y Retail","Muñecas | Autos a control | Puzzles | Juegos de mesa | Peluches | Bloques | Bicicletas | Juegos educativos"
"Comercio y Retail/20-presupuesto-centros-costo-Tienda de Juguetes.xlsx","Presupuesto Centros de Costo","Tienda de Juguetes","Comercio y Retail","Muñecas | Autos a control | Puzzles | Juegos de mesa | Peluches | Bloques | Bicicletas | Juegos educativos"
"Comercio y Retail/21-activos-fijos-Tienda de Juguetes.xlsx","Activos Fijos y Depreciación","Tienda de Juguetes","Comercio y Retail","Muñecas | Autos a control | Puzzles | Juegos de mesa | Peluches | Bloques | Bicicletas | Juegos educativos"
"Comercio y Retail/22-punto-equilibrio-Tienda de Juguetes.xlsx","Punto de Equilibrio","Tienda de Juguetes","Comercio y Retail","Muñecas | Autos a control | Puzzles | Juegos de mesa | Peluches | Bloques | Bicicletas | Juegos educativos"
"Comercio y Retail/23-estados-comparativos-Tienda de Juguetes.xlsx","Estados Comparativos 3 Años","Tienda de Juguetes","Comercio y Retail","Muñecas | Autos a control | Puzzles | Juegos de mesa | Peluches | Bloques | Bicicletas | Juegos educativos"
"Comercio y Retail/24-costeo-ordenes-Tienda de Juguetes.xlsx","Costeo porÓrdenes de Trabajo","Tienda de Juguetes","Comercio y Retail","Muñecas | Autos a control | Puzzles | Juegos de mesa | Peluches | Bloques | Bicicletas | Juegos educativos"
"Comercio y Retail/25-calculadora-cts-Tienda de Juguetes.xlsx","Calculadora CTS","Tienda de Juguetes","Comercio y Retail","Muñecas | Autos a control | Puzzles | Juegos de mesa | Peluches | Bloques | Bicicletas | Juegos educativos"
"Comercio y Retail/26-gratificaciones-Tienda de Juguetes.xlsx","Calculadora Gratificaciones","Tienda de Juguetes","Comercio y Retail","Muñecas | Autos a control | Puzzles | Juegos de mesa | Peluches | Bloques | Bicicletas | Juegos educativos"
"Comercio y Retail/27-amortizacion-Tienda de Juguetes.xlsx","Cuadro de Amortización","Tienda de Juguetes","Comercio y Retail","Muñecas | Autos a control | Puzzles | Juegos de mesa | Peluches | Bloques | Bicicletas | Juegos educativos"
"Comercio y Retail/28-vacaciones-Tienda de Juguetes.xlsx","Calculadora Vacaciones","Tienda de Juguetes","Comercio y Retail","Muñecas | Autos a control | Puzzles | Juegos de mesa | Peluches | Bloques | Bicicletas | Juegos educativos"
"Comercio y Retail/29-afp-onp-Tienda de Juguetes.xlsx","Calculadora AFP/ONP","Tienda de Juguetes","Comercio y Retail","Muñecas | Autos a control | Puzzles | Juegos de mesa | Peluches | Bloques | Bicicletas | Juegos educativos"
"Comercio y Retail/30-nomina-Tienda de Juguetes.xlsx","Calculadora Nómina","Tienda de Juguetes","Comercio y Retail","Muñecas | Autos a control | Puzzles | Juegos de mesa | Peluches | Bloques | Bicicletas | Juegos educativos"
"Comercio y Retail/31-roi-Tienda de Juguetes.xlsx","Calculadora ROI","Tienda de Juguetes","Comercio y Retail","Muñecas | Autos a control | Puzzles | Juegos de mesa | Peluches | Bloques | Bicicletas | Juegos educativos"
"Comercio y Retail/32-ipc-Tienda de Juguetes.xlsx","Calculadora IPC","Tienda de Juguetes","Comercio y Retail","Muñecas | Autos a control | Puzzles | Juegos de mesa | Peluches | Bloques | Bicicletas | Juegos educativos"
"Comercio y Retail/33-endeudamiento-Tienda de Juguetes.xlsx","Capacidad Endeudamiento","Tienda de Juguetes","Comercio y Retail","Muñecas | Autos a control | Puzzles | Juegos de mesa | Peluches | Bloques | Bicicletas | Juegos educativos"
"Comercio y Retail/34-proyeccion-flujo-Tienda de Juguetes.xlsx","Proyección Flujo de Caja","Tienda de Juguetes","Comercio y Retail","Muñecas | Autos a control | Puzzles | Juegos de mesa | Peluches | Bloques | Bicicletas | Juegos educativos"
"Comercio y Retail/01-dashboard-financiero-Regalos y Detalles.xlsx","Dashboard Financiero","Regalos y Detalles","Comercio y Retail","Desayuno a domicilio | Ramo de flores | Peluche con caja | Caja sorpresa | Taza personalizada | Globos de helio | Tarjetas | Desayuno romántico"
"Comercio y Retail/02-control-ventas-Regalos y Detalles.xlsx","Control de Ventas","Regalos y Detalles","Comercio y Retail","Desayuno a domicilio | Ramo de flores | Peluche con caja | Caja sorpresa | Taza personalizada | Globos de helio | Tarjetas | Desayuno romántico"
"Comercio y Retail/03-inventario-Regalos y Detalles.xlsx","Control de Inventario","Regalos y Detalles","Comercio y Retail","Desayuno a domicilio | Ramo de flores | Peluche con caja | Caja sorpresa | Taza personalizada | Globos de helio | Tarjetas | Desayuno romántico"
"Comercio y Retail/04-presupuesto-anual-Regalos y Detalles.xlsx","Presupuesto Anual","Regalos y Detalles","Comercio y Retail","Desayuno a domicilio | Ramo de flores | Peluche con caja | Caja sorpresa | Taza personalizada | Globos de helio | Tarjetas | Desayuno romántico"
"Comercio y Retail/05-flujo-de-caja-Regalos y Detalles.xlsx","Flujo de Caja","Regalos y Detalles","Comercio y Retail","Desayuno a domicilio | Ramo de flores | Peluche con caja | Caja sorpresa | Taza personalizada | Globos de helio | Tarjetas | Desayuno romántico"
"Comercio y Retail/06-gestion-proyectos-Regalos y Detalles.xlsx","Gestión de Proyectos","Regalos y Detalles","Comercio y Retail","Desayuno a domicilio | Ramo de flores | Peluche con caja | Caja sorpresa | Taza personalizada | Globos de helio | Tarjetas | Desayuno romántico"
"Comercio y Retail/07-analisis-kpis-Regalos y Detalles.xlsx","Análisis de KPIs","Regalos y Detalles","Comercio y Retail","Desayuno a domicilio | Ramo de flores | Peluche con caja | Caja sorpresa | Taza personalizada | Globos de helio | Tarjetas | Desayuno romántico"
"Comercio y Retail/08-control-gastos-Regalos y Detalles.xlsx","Control de Gastos","Regalos y Detalles","Comercio y Retail","Desayuno a domicilio | Ramo de flores | Peluche con caja | Caja sorpresa | Taza personalizada | Globos de helio | Tarjetas | Desayuno romántico"
"Comercio y Retail/09-planilla-personal-Regalos y Detalles.xlsx","Planilla de Personal","Regalos y Detalles","Comercio y Retail","Desayuno a domicilio | Ramo de flores | Peluche con caja | Caja sorpresa | Taza personalizada | Globos de helio | Tarjetas | Desayuno romántico"
"Comercio y Retail/10-cuentas-por-cobrar-Regalos y Detalles.xlsx","Cuentas por Cobrar","Regalos y Detalles","Comercio y Retail","Desayuno a domicilio | Ramo de flores | Peluche con caja | Caja sorpresa | Taza personalizada | Globos de helio | Tarjetas | Desayuno romántico"
"Comercio y Retail/11-caja-diaria-Regalos y Detalles.xlsx","Caja Diaria","Regalos y Detalles","Comercio y Retail","Desayuno a domicilio | Ramo de flores | Peluche con caja | Caja sorpresa | Taza personalizada | Globos de helio | Tarjetas | Desayuno romántico"
"Comercio y Retail/12-compras-proveedores-Regalos y Detalles.xlsx","Compras y Proveedores","Regalos y Detalles","Comercio y Retail","Desayuno a domicilio | Ramo de flores | Peluche con caja | Caja sorpresa | Taza personalizada | Globos de helio | Tarjetas | Desayuno romántico"
"Comercio y Retail/13-balance-general-Regalos y Detalles.xlsx","Balance General","Regalos y Detalles","Comercio y Retail","Desayuno a domicilio | Ramo de flores | Peluche con caja | Caja sorpresa | Taza personalizada | Globos de helio | Tarjetas | Desayuno romántico"
"Comercio y Retail/14-estado-resultados-Regalos y Detalles.xlsx","Estado de Resultados","Regalos y Detalles","Comercio y Retail","Desayuno a domicilio | Ramo de flores | Peluche con caja | Caja sorpresa | Taza personalizada | Globos de helio | Tarjetas | Desayuno romántico"
"Comercio y Retail/15-flujo-efectivo-indirecto-Regalos y Detalles.xlsx","Flujo de Efectivo Indirecto","Regalos y Detalles","Comercio y Retail","Desayuno a domicilio | Ramo de flores | Peluche con caja | Caja sorpresa | Taza personalizada | Globos de helio | Tarjetas | Desayuno romántico"
"Comercio y Retail/16-conciliacion-bancaria-Regalos y Detalles.xlsx","Conciliación Bancaria","Regalos y Detalles","Comercio y Retail","Desayuno a domicilio | Ramo de flores | Peluche con caja | Caja sorpresa | Taza personalizada | Globos de helio | Tarjetas | Desayuno romántico"
"Comercio y Retail/17-libro-diario-Regalos y Detalles.xlsx","Libro Diario y Mayor","Regalos y Detalles","Comercio y Retail","Desayuno a domicilio | Ramo de flores | Peluche con caja | Caja sorpresa | Taza personalizada | Globos de helio | Tarjetas | Desayuno romántico"
"Comercio y Retail/18-ratios-financieros-Regalos y Detalles.xlsx","Ratios Financieros","Regalos y Detalles","Comercio y Retail","Desayuno a domicilio | Ramo de flores | Peluche con caja | Caja sorpresa | Taza personalizada | Globos de helio | Tarjetas | Desayuno romántico"
"Comercio y Retail/19-control-tributario-Regalos y Detalles.xlsx","Control Tributario","Regalos y Detalles","Comercio y Retail","Desayuno a domicilio | Ramo de flores | Peluche con caja | Caja sorpresa | Taza personalizada | Globos de helio | Tarjetas | Desayuno romántico"
"Comercio y Retail/20-presupuesto-centros-costo-Regalos y Detalles.xlsx","Presupuesto Centros de Costo","Regalos y Detalles","Comercio y Retail","Desayuno a domicilio | Ramo de flores | Peluche con caja | Caja sorpresa | Taza personalizada | Globos de helio | Tarjetas | Desayuno romántico"
"Comercio y Retail/21-activos-fijos-Regalos y Detalles.xlsx","Activos Fijos y Depreciación","Regalos y Detalles","Comercio y Retail","Desayuno a domicilio | Ramo de flores | Peluche con caja | Caja sorpresa | Taza personalizada | Globos de helio | Tarjetas | Desayuno romántico"
"Comercio y Retail/22-punto-equilibrio-Regalos y Detalles.xlsx","Punto de Equilibrio","Regalos y Detalles","Comercio y Retail","Desayuno a domicilio | Ramo de flores | Peluche con caja | Caja sorpresa | Taza personalizada | Globos de helio | Tarjetas | Desayuno romántico"
"Comercio y Retail/23-estados-comparativos-Regalos y Detalles.xlsx","Estados Comparativos 3 Años","Regalos y Detalles","Comercio y Retail","Desayuno a domicilio | Ramo de flores | Peluche con caja | Caja sorpresa | Taza personalizada | Globos de helio | Tarjetas | Desayuno romántico"
"Comercio y Retail/24-costeo-ordenes-Regalos y Detalles.xlsx","Costeo porÓrdenes de Trabajo","Regalos y Detalles","Comercio y Retail","Desayuno a domicilio | Ramo de flores | Peluche con caja | Caja sorpresa | Taza personalizada | Globos de helio | Tarjetas | Desayuno romántico"
"Comercio y Retail/25-calculadora-cts-Regalos y Detalles.xlsx","Calculadora CTS","Regalos y Detalles","Comercio y Retail","Desayuno a domicilio | Ramo de flores | Peluche con caja | Caja sorpresa | Taza personalizada | Globos de helio | Tarjetas | Desayuno romántico"
"Comercio y Retail/26-gratificaciones-Regalos y Detalles.xlsx","Calculadora Gratificaciones","Regalos y Detalles","Comercio y Retail","Desayuno a domicilio | Ramo de flores | Peluche con caja | Caja sorpresa | Taza personalizada | Globos de helio | Tarjetas | Desayuno romántico"
"Comercio y Retail/27-amortizacion-Regalos y Detalles.xlsx","Cuadro de Amortización","Regalos y Detalles","Comercio y Retail","Desayuno a domicilio | Ramo de flores | Peluche con caja | Caja sorpresa | Taza personalizada | Globos de helio | Tarjetas | Desayuno romántico"
"Comercio y Retail/28-vacaciones-Regalos y Detalles.xlsx","Calculadora Vacaciones","Regalos y Detalles","Comercio y Retail","Desayuno a domicilio | Ramo de flores | Peluche con caja | Caja sorpresa | Taza personalizada | Globos de helio | Tarjetas | Desayuno romántico"
"Comercio y Retail/29-afp-onp-Regalos y Detalles.xlsx","Calculadora AFP/ONP","Regalos y Detalles","Comercio y Retail","Desayuno a domicilio | Ramo de flores | Peluche con caja | Caja sorpresa | Taza personalizada | Globos de helio | Tarjetas | Desayuno romántico"
"Comercio y Retail/30-nomina-Regalos y Detalles.xlsx","Calculadora Nómina","Regalos y Detalles","Comercio y Retail","Desayuno a domicilio | Ramo de flores | Peluche con caja | Caja sorpresa | Taza personalizada | Globos de helio | Tarjetas | Desayuno romántico"
"Comercio y Retail/31-roi-Regalos y Detalles.xlsx","Calculadora ROI","Regalos y Detalles","Comercio y Retail","Desayuno a domicilio | Ramo de flores | Peluche con caja | Caja sorpresa | Taza personalizada | Globos de helio | Tarjetas | Desayuno romántico"
"Comercio y Retail/32-ipc-Regalos y Detalles.xlsx","Calculadora IPC","Regalos y Detalles","Comercio y Retail","Desayuno a domicilio | Ramo de flores | Peluche con caja | Caja sorpresa | Taza personalizada | Globos de helio | Tarjetas | Desayuno romántico"
"Comercio y Retail/33-endeudamiento-Regalos y Detalles.xlsx","Capacidad Endeudamiento","Regalos y Detalles","Comercio y Retail","Desayuno a domicilio | Ramo de flores | Peluche con caja | Caja sorpresa | Taza personalizada | Globos de helio | Tarjetas | Desayuno romántico"
"Comercio y Retail/34-proyeccion-flujo-Regalos y Detalles.xlsx","Proyección Flujo de Caja","Regalos y Detalles","Comercio y Retail","Desayuno a domicilio | Ramo de flores | Peluche con caja | Caja sorpresa | Taza personalizada | Globos de helio | Tarjetas | Desayuno romántico"
"Comercio y Retail/01-dashboard-financiero-Mercado de Abastos.xlsx","Dashboard Financiero","Mercado de Abastos","Comercio y Retail","Puesto de verduras | Puesto de frutas | Puesto de carnes | Puesto de pescados | Puesto de menestras | Puesto de especias | Puesto de lácteos | Puesto de abarrotes"
"Comercio y Retail/02-control-ventas-Mercado de Abastos.xlsx","Control de Ventas","Mercado de Abastos","Comercio y Retail","Puesto de verduras | Puesto de frutas | Puesto de carnes | Puesto de pescados | Puesto de menestras | Puesto de especias | Puesto de lácteos | Puesto de abarrotes"
"Comercio y Retail/03-inventario-Mercado de Abastos.xlsx","Control de Inventario","Mercado de Abastos","Comercio y Retail","Puesto de verduras | Puesto de frutas | Puesto de carnes | Puesto de pescados | Puesto de menestras | Puesto de especias | Puesto de lácteos | Puesto de abarrotes"
"Comercio y Retail/04-presupuesto-anual-Mercado de Abastos.xlsx","Presupuesto Anual","Mercado de Abastos","Comercio y Retail","Puesto de verduras | Puesto de frutas | Puesto de carnes | Puesto de pescados | Puesto de menestras | Puesto de especias | Puesto de lácteos | Puesto de abarrotes"
"Comercio y Retail/05-flujo-de-caja-Mercado de Abastos.xlsx","Flujo de Caja","Mercado de Abastos","Comercio y Retail","Puesto de verduras | Puesto de frutas | Puesto de carnes | Puesto de pescados | Puesto de menestras | Puesto de especias | Puesto de lácteos | Puesto de abarrotes"
"Comercio y Retail/06-gestion-proyectos-Mercado de Abastos.xlsx","Gestión de Proyectos","Mercado de Abastos","Comercio y Retail","Puesto de verduras | Puesto de frutas | Puesto de carnes | Puesto de pescados | Puesto de menestras | Puesto de especias | Puesto de lácteos | Puesto de abarrotes"
"Comercio y Retail/07-analisis-kpis-Mercado de Abastos.xlsx","Análisis de KPIs","Mercado de Abastos","Comercio y Retail","Puesto de verduras | Puesto de frutas | Puesto de carnes | Puesto de pescados | Puesto de menestras | Puesto de especias | Puesto de lácteos | Puesto de abarrotes"
"Comercio y Retail/08-control-gastos-Mercado de Abastos.xlsx","Control de Gastos","Mercado de Abastos","Comercio y Retail","Puesto de verduras | Puesto de frutas | Puesto de carnes | Puesto de pescados | Puesto de menestras | Puesto de especias | Puesto de lácteos | Puesto de abarrotes"
"Comercio y Retail/09-planilla-personal-Mercado de Abastos.xlsx","Planilla de Personal","Mercado de Abastos","Comercio y Retail","Puesto de verduras | Puesto de frutas | Puesto de carnes | Puesto de pescados | Puesto de menestras | Puesto de especias | Puesto de lácteos | Puesto de abarrotes"
"Comercio y Retail/10-cuentas-por-cobrar-Mercado de Abastos.xlsx","Cuentas por Cobrar","Mercado de Abastos","Comercio y Retail","Puesto de verduras | Puesto de frutas | Puesto de carnes | Puesto de pescados | Puesto de menestras | Puesto de especias | Puesto de lácteos | Puesto de abarrotes"
"Comercio y Retail/11-caja-diaria-Mercado de Abastos.xlsx","Caja Diaria","Mercado de Abastos","Comercio y Retail","Puesto de verduras | Puesto de frutas | Puesto de carnes | Puesto de pescados | Puesto de menestras | Puesto de especias | Puesto de lácteos | Puesto de abarrotes"
"Comercio y Retail/12-compras-proveedores-Mercado de Abastos.xlsx","Compras y Proveedores","Mercado de Abastos","Comercio y Retail","Puesto de verduras | Puesto de frutas | Puesto de carnes | Puesto de pescados | Puesto de menestras | Puesto de especias | Puesto de lácteos | Puesto de abarrotes"
"Comercio y Retail/13-balance-general-Mercado de Abastos.xlsx","Balance General","Mercado de Abastos","Comercio y Retail","Puesto de verduras | Puesto de frutas | Puesto de carnes | Puesto de pescados | Puesto de menestras | Puesto de especias | Puesto de lácteos | Puesto de abarrotes"
"Comercio y Retail/14-estado-resultados-Mercado de Abastos.xlsx","Estado de Resultados","Mercado de Abastos","Comercio y Retail","Puesto de verduras | Puesto de frutas | Puesto de carnes | Puesto de pescados | Puesto de menestras | Puesto de especias | Puesto de lácteos | Puesto de abarrotes"
"Comercio y Retail/15-flujo-efectivo-indirecto-Mercado de Abastos.xlsx","Flujo de Efectivo Indirecto","Mercado de Abastos","Comercio y Retail","Puesto de verduras | Puesto de frutas | Puesto de carnes | Puesto de pescados | Puesto de menestras | Puesto de especias | Puesto de lácteos | Puesto de abarrotes"
"Comercio y Retail/16-conciliacion-bancaria-Mercado de Abastos.xlsx","Conciliación Bancaria","Mercado de Abastos","Comercio y Retail","Puesto de verduras | Puesto de frutas | Puesto de carnes | Puesto de pescados | Puesto de menestras | Puesto de especias | Puesto de lácteos | Puesto de abarrotes"
"Comercio y Retail/17-libro-diario-Mercado de Abastos.xlsx","Libro Diario y Mayor","Mercado de Abastos","Comercio y Retail","Puesto de verduras | Puesto de frutas | Puesto de carnes | Puesto de pescados | Puesto de menestras | Puesto de especias | Puesto de lácteos | Puesto de abarrotes"
"Comercio y Retail/18-ratios-financieros-Mercado de Abastos.xlsx","Ratios Financieros","Mercado de Abastos","Comercio y Retail","Puesto de verduras | Puesto de frutas | Puesto de carnes | Puesto de pescados | Puesto de menestras | Puesto de especias | Puesto de lácteos | Puesto de abarrotes"
"Comercio y Retail/19-control-tributario-Mercado de Abastos.xlsx","Control Tributario","Mercado de Abastos","Comercio y Retail","Puesto de verduras | Puesto de frutas | Puesto de carnes | Puesto de pescados | Puesto de menestras | Puesto de especias | Puesto de lácteos | Puesto de abarrotes"
"Comercio y Retail/20-presupuesto-centros-costo-Mercado de Abastos.xlsx","Presupuesto Centros de Costo","Mercado de Abastos","Comercio y Retail","Puesto de verduras | Puesto de frutas | Puesto de carnes | Puesto de pescados | Puesto de menestras | Puesto de especias | Puesto de lácteos | Puesto de abarrotes"
"Comercio y Retail/21-activos-fijos-Mercado de Abastos.xlsx","Activos Fijos y Depreciación","Mercado de Abastos","Comercio y Retail","Puesto de verduras | Puesto de frutas | Puesto de carnes | Puesto de pescados | Puesto de menestras | Puesto de especias | Puesto de lácteos | Puesto de abarrotes"
"Comercio y Retail/22-punto-equilibrio-Mercado de Abastos.xlsx","Punto de Equilibrio","Mercado de Abastos","Comercio y Retail","Puesto de verduras | Puesto de frutas | Puesto de carnes | Puesto de pescados | Puesto de menestras | Puesto de especias | Puesto de lácteos | Puesto de abarrotes"
"Comercio y Retail/23-estados-comparativos-Mercado de Abastos.xlsx","Estados Comparativos 3 Años","Mercado de Abastos","Comercio y Retail","Puesto de verduras | Puesto de frutas | Puesto de carnes | Puesto de pescados | Puesto de menestras | Puesto de especias | Puesto de lácteos | Puesto de abarrotes"
"Comercio y Retail/24-costeo-ordenes-Mercado de Abastos.xlsx","Costeo porÓrdenes de Trabajo","Mercado de Abastos","Comercio y Retail","Puesto de verduras | Puesto de frutas | Puesto de carnes | Puesto de pescados | Puesto de menestras | Puesto de especias | Puesto de lácteos | Puesto de abarrotes"
"Comercio y Retail/25-calculadora-cts-Mercado de Abastos.xlsx","Calculadora CTS","Mercado de Abastos","Comercio y Retail","Puesto de verduras | Puesto de frutas | Puesto de carnes | Puesto de pescados | Puesto de menestras | Puesto de especias | Puesto de lácteos | Puesto de abarrotes"
"Comercio y Retail/26-gratificaciones-Mercado de Abastos.xlsx","Calculadora Gratificaciones","Mercado de Abastos","Comercio y Retail","Puesto de verduras | Puesto de frutas | Puesto de carnes | Puesto de pescados | Puesto de menestras | Puesto de especias | Puesto de lácteos | Puesto de abarrotes"
"Comercio y Retail/27-amortizacion-Mercado de Abastos.xlsx","Cuadro de Amortización","Mercado de Abastos","Comercio y Retail","Puesto de verduras | Puesto de frutas | Puesto de carnes | Puesto de pescados | Puesto de menestras | Puesto de especias | Puesto de lácteos | Puesto de abarrotes"
"Comercio y Retail/28-vacaciones-Mercado de Abastos.xlsx","Calculadora Vacaciones","Mercado de Abastos","Comercio y Retail","Puesto de verduras | Puesto de frutas | Puesto de carnes | Puesto de pescados | Puesto de menestras | Puesto de especias | Puesto de lácteos | Puesto de abarrotes"
"Comercio y Retail/29-afp-onp-Mercado de Abastos.xlsx","Calculadora AFP/ONP","Mercado de Abastos","Comercio y Retail","Puesto de verduras | Puesto de frutas | Puesto de carnes | Puesto de pescados | Puesto de menestras | Puesto de especias | Puesto de lácteos | Puesto de abarrotes"
"Comercio y Retail/30-nomina-Mercado de Abastos.xlsx","Calculadora Nómina","Mercado de Abastos","Comercio y Retail","Puesto de verduras | Puesto de frutas | Puesto de carnes | Puesto de pescados | Puesto de menestras | Puesto de especias | Puesto de lácteos | Puesto de abarrotes"
"Comercio y Retail/31-roi-Mercado de Abastos.xlsx","Calculadora ROI","Mercado de Abastos","Comercio y Retail","Puesto de verduras | Puesto de frutas | Puesto de carnes | Puesto de pescados | Puesto de menestras | Puesto de especias | Puesto de lácteos | Puesto de abarrotes"
"Comercio y Retail/32-ipc-Mercado de Abastos.xlsx","Calculadora IPC","Mercado de Abastos","Comercio y Retail","Puesto de verduras | Puesto de frutas | Puesto de carnes | Puesto de pescados | Puesto de menestras | Puesto de especias | Puesto de lácteos | Puesto de abarrotes"
"Comercio y Retail/33-endeudamiento-Mercado de Abastos.xlsx","Capacidad Endeudamiento","Mercado de Abastos","Comercio y Retail","Puesto de verduras | Puesto de frutas | Puesto de carnes | Puesto de pescados | Puesto de menestras | Puesto de especias | Puesto de lácteos | Puesto de abarrotes"
"Comercio y Retail/34-proyeccion-flujo-Mercado de Abastos.xlsx","Proyección Flujo de Caja","Mercado de Abastos","Comercio y Retail","Puesto de verduras | Puesto de frutas | Puesto de carnes | Puesto de pescados | Puesto de menestras | Puesto de especias | Puesto de lácteos | Puesto de abarrotes"
"Servicios/01-dashboard-financiero-Salon de Belleza.xlsx","Dashboard Financiero","Salón de Belleza","Servicios","Corte de cabello | Tinte completo | Mechas | Peinado | Alisado | Uñas esmaltadas | Maquillaje de evento | Tratamiento capilar"
"Servicios/02-control-ventas-Salon de Belleza.xlsx","Control de Ventas","Salón de Belleza","Servicios","Corte de cabello | Tinte completo | Mechas | Peinado | Alisado | Uñas esmaltadas | Maquillaje de evento | Tratamiento capilar"
"Servicios/03-inventario-Salon de Belleza.xlsx","Control de Inventario","Salón de Belleza","Servicios","Corte de cabello | Tinte completo | Mechas | Peinado | Alisado | Uñas esmaltadas | Maquillaje de evento | Tratamiento capilar"
"Servicios/04-presupuesto-anual-Salon de Belleza.xlsx","Presupuesto Anual","Salón de Belleza","Servicios","Corte de cabello | Tinte completo | Mechas | Peinado | Alisado | Uñas esmaltadas | Maquillaje de evento | Tratamiento capilar"
"Servicios/05-flujo-de-caja-Salon de Belleza.xlsx","Flujo de Caja","Salón de Belleza","Servicios","Corte de cabello | Tinte completo | Mechas | Peinado | Alisado | Uñas esmaltadas | Maquillaje de evento | Tratamiento capilar"
"Servicios/06-gestion-proyectos-Salon de Belleza.xlsx","Gestión de Proyectos","Salón de Belleza","Servicios","Corte de cabello | Tinte completo | Mechas | Peinado | Alisado | Uñas esmaltadas | Maquillaje de evento | Tratamiento capilar"
"Servicios/07-analisis-kpis-Salon de Belleza.xlsx","Análisis de KPIs","Salón de Belleza","Servicios","Corte de cabello | Tinte completo | Mechas | Peinado | Alisado | Uñas esmaltadas | Maquillaje de evento | Tratamiento capilar"
"Servicios/08-control-gastos-Salon de Belleza.xlsx","Control de Gastos","Salón de Belleza","Servicios","Corte de cabello | Tinte completo | Mechas | Peinado | Alisado | Uñas esmaltadas | Maquillaje de evento | Tratamiento capilar"
"Servicios/09-planilla-personal-Salon de Belleza.xlsx","Planilla de Personal","Salón de Belleza","Servicios","Corte de cabello | Tinte completo | Mechas | Peinado | Alisado | Uñas esmaltadas | Maquillaje de evento | Tratamiento capilar"
"Servicios/10-cuentas-por-cobrar-Salon de Belleza.xlsx","Cuentas por Cobrar","Salón de Belleza","Servicios","Corte de cabello | Tinte completo | Mechas | Peinado | Alisado | Uñas esmaltadas | Maquillaje de evento | Tratamiento capilar"
"Servicios/11-caja-diaria-Salon de Belleza.xlsx","Caja Diaria","Salón de Belleza","Servicios","Corte de cabello | Tinte completo | Mechas | Peinado | Alisado | Uñas esmaltadas | Maquillaje de evento | Tratamiento capilar"
"Servicios/12-compras-proveedores-Salon de Belleza.xlsx","Compras y Proveedores","Salón de Belleza","Servicios","Corte de cabello | Tinte completo | Mechas | Peinado | Alisado | Uñas esmaltadas | Maquillaje de evento | Tratamiento capilar"
"Servicios/13-balance-general-Salon de Belleza.xlsx","Balance General","Salón de Belleza","Servicios","Corte de cabello | Tinte completo | Mechas | Peinado | Alisado | Uñas esmaltadas | Maquillaje de evento | Tratamiento capilar"
"Servicios/14-estado-resultados-Salon de Belleza.xlsx","Estado de Resultados","Salón de Belleza","Servicios","Corte de cabello | Tinte completo | Mechas | Peinado | Alisado | Uñas esmaltadas | Maquillaje de evento | Tratamiento capilar"
"Servicios/15-flujo-efectivo-indirecto-Salon de Belleza.xlsx","Flujo de Efectivo Indirecto","Salón de Belleza","Servicios","Corte de cabello | Tinte completo | Mechas | Peinado | Alisado | Uñas esmaltadas | Maquillaje de evento | Tratamiento capilar"
"Servicios/16-conciliacion-bancaria-Salon de Belleza.xlsx","Conciliación Bancaria","Salón de Belleza","Servicios","Corte de cabello | Tinte completo | Mechas | Peinado | Alisado | Uñas esmaltadas | Maquillaje de evento | Tratamiento capilar"
"Servicios/17-libro-diario-Salon de Belleza.xlsx","Libro Diario y Mayor","Salón de Belleza","Servicios","Corte de cabello | Tinte completo | Mechas | Peinado | Alisado | Uñas esmaltadas | Maquillaje de evento | Tratamiento capilar"
"Servicios/18-ratios-financieros-Salon de Belleza.xlsx","Ratios Financieros","Salón de Belleza","Servicios","Corte de cabello | Tinte completo | Mechas | Peinado | Alisado | Uñas esmaltadas | Maquillaje de evento | Tratamiento capilar"
"Servicios/19-control-tributario-Salon de Belleza.xlsx","Control Tributario","Salón de Belleza","Servicios","Corte de cabello | Tinte completo | Mechas | Peinado | Alisado | Uñas esmaltadas | Maquillaje de evento | Tratamiento capilar"
"Servicios/20-presupuesto-centros-costo-Salon de Belleza.xlsx","Presupuesto Centros de Costo","Salón de Belleza","Servicios","Corte de cabello | Tinte completo | Mechas | Peinado | Alisado | Uñas esmaltadas | Maquillaje de evento | Tratamiento capilar"
"Servicios/21-activos-fijos-Salon de Belleza.xlsx","Activos Fijos y Depreciación","Salón de Belleza","Servicios","Corte de cabello | Tinte completo | Mechas | Peinado | Alisado | Uñas esmaltadas | Maquillaje de evento | Tratamiento capilar"
"Servicios/22-punto-equilibrio-Salon de Belleza.xlsx","Punto de Equilibrio","Salón de Belleza","Servicios","Corte de cabello | Tinte completo | Mechas | Peinado | Alisado | Uñas esmaltadas | Maquillaje de evento | Tratamiento capilar"
"Servicios/23-estados-comparativos-Salon de Belleza.xlsx","Estados Comparativos 3 Años","Salón de Belleza","Servicios","Corte de cabello | Tinte completo | Mechas | Peinado | Alisado | Uñas esmaltadas | Maquillaje de evento | Tratamiento capilar"
"Servicios/24-costeo-ordenes-Salon de Belleza.xlsx","Costeo porÓrdenes de Trabajo","Salón de Belleza","Servicios","Corte de cabello | Tinte completo | Mechas | Peinado | Alisado | Uñas esmaltadas | Maquillaje de evento | Tratamiento capilar"
"Servicios/25-calculadora-cts-Salon de Belleza.xlsx","Calculadora CTS","Salón de Belleza","Servicios","Corte de cabello | Tinte completo | Mechas | Peinado | Alisado | Uñas esmaltadas | Maquillaje de evento | Tratamiento capilar"
"Servicios/26-gratificaciones-Salon de Belleza.xlsx","Calculadora Gratificaciones","Salón de Belleza","Servicios","Corte de cabello | Tinte completo | Mechas | Peinado | Alisado | Uñas esmaltadas | Maquillaje de evento | Tratamiento capilar"
"Servicios/27-amortizacion-Salon de Belleza.xlsx","Cuadro de Amortización","Salón de Belleza","Servicios","Corte de cabello | Tinte completo | Mechas | Peinado | Alisado | Uñas esmaltadas | Maquillaje de evento | Tratamiento capilar"
"Servicios/28-vacaciones-Salon de Belleza.xlsx","Calculadora Vacaciones","Salón de Belleza","Servicios","Corte de cabello | Tinte completo | Mechas | Peinado | Alisado | Uñas esmaltadas | Maquillaje de evento | Tratamiento capilar"
"Servicios/29-afp-onp-Salon de Belleza.xlsx","Calculadora AFP/ONP","Salón de Belleza","Servicios","Corte de cabello | Tinte completo | Mechas | Peinado | Alisado | Uñas esmaltadas | Maquillaje de evento | Tratamiento capilar"
"Servicios/30-nomina-Salon de Belleza.xlsx","Calculadora Nómina","Salón de Belleza","Servicios","Corte de cabello | Tinte completo | Mechas | Peinado | Alisado | Uñas esmaltadas | Maquillaje de evento | Tratamiento capilar"
"Servicios/31-roi-Salon de Belleza.xlsx","Calculadora ROI","Salón de Belleza","Servicios","Corte de cabello | Tinte completo | Mechas | Peinado | Alisado | Uñas esmaltadas | Maquillaje de evento | Tratamiento capilar"
"Servicios/32-ipc-Salon de Belleza.xlsx","Calculadora IPC","Salón de Belleza","Servicios","Corte de cabello | Tinte completo | Mechas | Peinado | Alisado | Uñas esmaltadas | Maquillaje de evento | Tratamiento capilar"
"Servicios/33-endeudamiento-Salon de Belleza.xlsx","Capacidad Endeudamiento","Salón de Belleza","Servicios","Corte de cabello | Tinte completo | Mechas | Peinado | Alisado | Uñas esmaltadas | Maquillaje de evento | Tratamiento capilar"
"Servicios/34-proyeccion-flujo-Salon de Belleza.xlsx","Proyección Flujo de Caja","Salón de Belleza","Servicios","Corte de cabello | Tinte completo | Mechas | Peinado | Alisado | Uñas esmaltadas | Maquillaje de evento | Tratamiento capilar"
"Servicios/01-dashboard-financiero-Barberia.xlsx","Dashboard Financiero","Barbería","Servicios","Corte clásico | Corte + barba | Afeitado | Diseño de cejas | Corte infantil | Ritual de toalla caliente | Perfilado | Corte fade"
"Servicios/02-control-ventas-Barberia.xlsx","Control de Ventas","Barbería","Servicios","Corte clásico | Corte + barba | Afeitado | Diseño de cejas | Corte infantil | Ritual de toalla caliente | Perfilado | Corte fade"
"Servicios/03-inventario-Barberia.xlsx","Control de Inventario","Barbería","Servicios","Corte clásico | Corte + barba | Afeitado | Diseño de cejas | Corte infantil | Ritual de toalla caliente | Perfilado | Corte fade"
"Servicios/04-presupuesto-anual-Barberia.xlsx","Presupuesto Anual","Barbería","Servicios","Corte clásico | Corte + barba | Afeitado | Diseño de cejas | Corte infantil | Ritual de toalla caliente | Perfilado | Corte fade"
"Servicios/05-flujo-de-caja-Barberia.xlsx","Flujo de Caja","Barbería","Servicios","Corte clásico | Corte + barba | Afeitado | Diseño de cejas | Corte infantil | Ritual de toalla caliente | Perfilado | Corte fade"
"Servicios/06-gestion-proyectos-Barberia.xlsx","Gestión de Proyectos","Barbería","Servicios","Corte clásico | Corte + barba | Afeitado | Diseño de cejas | Corte infantil | Ritual de toalla caliente | Perfilado | Corte fade"
"Servicios/07-analisis-kpis-Barberia.xlsx","Análisis de KPIs","Barbería","Servicios","Corte clásico | Corte + barba | Afeitado | Diseño de cejas | Corte infantil | Ritual de toalla caliente | Perfilado | Corte fade"
"Servicios/08-control-gastos-Barberia.xlsx","Control de Gastos","Barbería","Servicios","Corte clásico | Corte + barba | Afeitado | Diseño de cejas | Corte infantil | Ritual de toalla caliente | Perfilado | Corte fade"
"Servicios/09-planilla-personal-Barberia.xlsx","Planilla de Personal","Barbería","Servicios","Corte clásico | Corte + barba | Afeitado | Diseño de cejas | Corte infantil | Ritual de toalla caliente | Perfilado | Corte fade"
"Servicios/10-cuentas-por-cobrar-Barberia.xlsx","Cuentas por Cobrar","Barbería","Servicios","Corte clásico | Corte + barba | Afeitado | Diseño de cejas | Corte infantil | Ritual de toalla caliente | Perfilado | Corte fade"
"Servicios/11-caja-diaria-Barberia.xlsx","Caja Diaria","Barbería","Servicios","Corte clásico | Corte + barba | Afeitado | Diseño de cejas | Corte infantil | Ritual de toalla caliente | Perfilado | Corte fade"
"Servicios/12-compras-proveedores-Barberia.xlsx","Compras y Proveedores","Barbería","Servicios","Corte clásico | Corte + barba | Afeitado | Diseño de cejas | Corte infantil | Ritual de toalla caliente | Perfilado | Corte fade"
"Servicios/13-balance-general-Barberia.xlsx","Balance General","Barbería","Servicios","Corte clásico | Corte + barba | Afeitado | Diseño de cejas | Corte infantil | Ritual de toalla caliente | Perfilado | Corte fade"
"Servicios/14-estado-resultados-Barberia.xlsx","Estado de Resultados","Barbería","Servicios","Corte clásico | Corte + barba | Afeitado | Diseño de cejas | Corte infantil | Ritual de toalla caliente | Perfilado | Corte fade"
"Servicios/15-flujo-efectivo-indirecto-Barberia.xlsx","Flujo de Efectivo Indirecto","Barbería","Servicios","Corte clásico | Corte + barba | Afeitado | Diseño de cejas | Corte infantil | Ritual de toalla caliente | Perfilado | Corte fade"
"Servicios/16-conciliacion-bancaria-Barberia.xlsx","Conciliación Bancaria","Barbería","Servicios","Corte clásico | Corte + barba | Afeitado | Diseño de cejas | Corte infantil | Ritual de toalla caliente | Perfilado | Corte fade"
"Servicios/17-libro-diario-Barberia.xlsx","Libro Diario y Mayor","Barbería","Servicios","Corte clásico | Corte + barba | Afeitado | Diseño de cejas | Corte infantil | Ritual de toalla caliente | Perfilado | Corte fade"
"Servicios/18-ratios-financieros-Barberia.xlsx","Ratios Financieros","Barbería","Servicios","Corte clásico | Corte + barba | Afeitado | Diseño de cejas | Corte infantil | Ritual de toalla caliente | Perfilado | Corte fade"
"Servicios/19-control-tributario-Barberia.xlsx","Control Tributario","Barbería","Servicios","Corte clásico | Corte + barba | Afeitado | Diseño de cejas | Corte infantil | Ritual de toalla caliente | Perfilado | Corte fade"
"Servicios/20-presupuesto-centros-costo-Barberia.xlsx","Presupuesto Centros de Costo","Barbería","Servicios","Corte clásico | Corte + barba | Afeitado | Diseño de cejas | Corte infantil | Ritual de toalla caliente | Perfilado | Corte fade"
"Servicios/21-activos-fijos-Barberia.xlsx","Activos Fijos y Depreciación","Barbería","Servicios","Corte clásico | Corte + barba | Afeitado | Diseño de cejas | Corte infantil | Ritual de toalla caliente | Perfilado | Corte fade"
"Servicios/22-punto-equilibrio-Barberia.xlsx","Punto de Equilibrio","Barbería","Servicios","Corte clásico | Corte + barba | Afeitado | Diseño de cejas | Corte infantil | Ritual de toalla caliente | Perfilado | Corte fade"
"Servicios/23-estados-comparativos-Barberia.xlsx","Estados Comparativos 3 Años","Barbería","Servicios","Corte clásico | Corte + barba | Afeitado | Diseño de cejas | Corte infantil | Ritual de toalla caliente | Perfilado | Corte fade"
"Servicios/24-costeo-ordenes-Barberia.xlsx","Costeo porÓrdenes de Trabajo","Barbería","Servicios","Corte clásico | Corte + barba | Afeitado | Diseño de cejas | Corte infantil | Ritual de toalla caliente | Perfilado | Corte fade"
"Servicios/25-calculadora-cts-Barberia.xlsx","Calculadora CTS","Barbería","Servicios","Corte clásico | Corte + barba | Afeitado | Diseño de cejas | Corte infantil | Ritual de toalla caliente | Perfilado | Corte fade"
"Servicios/26-gratificaciones-Barberia.xlsx","Calculadora Gratificaciones","Barbería","Servicios","Corte clásico | Corte + barba | Afeitado | Diseño de cejas | Corte infantil | Ritual de toalla caliente | Perfilado | Corte fade"
"Servicios/27-amortizacion-Barberia.xlsx","Cuadro de Amortización","Barbería","Servicios","Corte clásico | Corte + barba | Afeitado | Diseño de cejas | Corte infantil | Ritual de toalla caliente | Perfilado | Corte fade"
"Servicios/28-vacaciones-Barberia.xlsx","Calculadora Vacaciones","Barbería","Servicios","Corte clásico | Corte + barba | Afeitado | Diseño de cejas | Corte infantil | Ritual de toalla caliente | Perfilado | Corte fade"
"Servicios/29-afp-onp-Barberia.xlsx","Calculadora AFP/ONP","Barbería","Servicios","Corte clásico | Corte + barba | Afeitado | Diseño de cejas | Corte infantil | Ritual de toalla caliente | Perfilado | Corte fade"
"Servicios/30-nomina-Barberia.xlsx","Calculadora Nómina","Barbería","Servicios","Corte clásico | Corte + barba | Afeitado | Diseño de cejas | Corte infantil | Ritual de toalla caliente | Perfilado | Corte fade"
"Servicios/31-roi-Barberia.xlsx","Calculadora ROI","Barbería","Servicios","Corte clásico | Corte + barba | Afeitado | Diseño de cejas | Corte infantil | Ritual de toalla caliente | Perfilado | Corte fade"
"Servicios/32-ipc-Barberia.xlsx","Calculadora IPC","Barbería","Servicios","Corte clásico | Corte + barba | Afeitado | Diseño de cejas | Corte infantil | Ritual de toalla caliente | Perfilado | Corte fade"
"Servicios/33-endeudamiento-Barberia.xlsx","Capacidad Endeudamiento","Barbería","Servicios","Corte clásico | Corte + barba | Afeitado | Diseño de cejas | Corte infantil | Ritual de toalla caliente | Perfilado | Corte fade"
"Servicios/34-proyeccion-flujo-Barberia.xlsx","Proyección Flujo de Caja","Barbería","Servicios","Corte clásico | Corte + barba | Afeitado | Diseño de cejas | Corte infantil | Ritual de toalla caliente | Perfilado | Corte fade"
"Servicios/01-dashboard-financiero-Spa y Masajes.xlsx","Dashboard Financiero","Spa y Masajes","Servicios","Masaje relajante | Masaje descontracturante | Limpieza facial | Piedras calientes | Exfoliación corporal | Drenaje linfático | Aromaterapia | Combo pareja"
"Servicios/02-control-ventas-Spa y Masajes.xlsx","Control de Ventas","Spa y Masajes","Servicios","Masaje relajante | Masaje descontracturante | Limpieza facial | Piedras calientes | Exfoliación corporal | Drenaje linfático | Aromaterapia | Combo pareja"
"Servicios/03-inventario-Spa y Masajes.xlsx","Control de Inventario","Spa y Masajes","Servicios","Masaje relajante | Masaje descontracturante | Limpieza facial | Piedras calientes | Exfoliación corporal | Drenaje linfático | Aromaterapia | Combo pareja"
"Servicios/04-presupuesto-anual-Spa y Masajes.xlsx","Presupuesto Anual","Spa y Masajes","Servicios","Masaje relajante | Masaje descontracturante | Limpieza facial | Piedras calientes | Exfoliación corporal | Drenaje linfático | Aromaterapia | Combo pareja"
"Servicios/05-flujo-de-caja-Spa y Masajes.xlsx","Flujo de Caja","Spa y Masajes","Servicios","Masaje relajante | Masaje descontracturante | Limpieza facial | Piedras calientes | Exfoliación corporal | Drenaje linfático | Aromaterapia | Combo pareja"
"Servicios/06-gestion-proyectos-Spa y Masajes.xlsx","Gestión de Proyectos","Spa y Masajes","Servicios","Masaje relajante | Masaje descontracturante | Limpieza facial | Piedras calientes | Exfoliación corporal | Drenaje linfático | Aromaterapia | Combo pareja"
"Servicios/07-analisis-kpis-Spa y Masajes.xlsx","Análisis de KPIs","Spa y Masajes","Servicios","Masaje relajante | Masaje descontracturante | Limpieza facial | Piedras calientes | Exfoliación corporal | Drenaje linfático | Aromaterapia | Combo pareja"
"Servicios/08-control-gastos-Spa y Masajes.xlsx","Control de Gastos","Spa y Masajes","Servicios","Masaje relajante | Masaje descontracturante | Limpieza facial | Piedras calientes | Exfoliación corporal | Drenaje linfático | Aromaterapia | Combo pareja"
"Servicios/09-planilla-personal-Spa y Masajes.xlsx","Planilla de Personal","Spa y Masajes","Servicios","Masaje relajante | Masaje descontracturante | Limpieza facial | Piedras calientes | Exfoliación corporal | Drenaje linfático | Aromaterapia | Combo pareja"
"Servicios/10-cuentas-por-cobrar-Spa y Masajes.xlsx","Cuentas por Cobrar","Spa y Masajes","Servicios","Masaje relajante | Masaje descontracturante | Limpieza facial | Piedras calientes | Exfoliación corporal | Drenaje linfático | Aromaterapia | Combo pareja"
"Servicios/11-caja-diaria-Spa y Masajes.xlsx","Caja Diaria","Spa y Masajes","Servicios","Masaje relajante | Masaje descontracturante | Limpieza facial | Piedras calientes | Exfoliación corporal | Drenaje linfático | Aromaterapia | Combo pareja"
"Servicios/12-compras-proveedores-Spa y Masajes.xlsx","Compras y Proveedores","Spa y Masajes","Servicios","Masaje relajante | Masaje descontracturante | Limpieza facial | Piedras calientes | Exfoliación corporal | Drenaje linfático | Aromaterapia | Combo pareja"
"Servicios/13-balance-general-Spa y Masajes.xlsx","Balance General","Spa y Masajes","Servicios","Masaje relajante | Masaje descontracturante | Limpieza facial | Piedras calientes | Exfoliación corporal | Drenaje linfático | Aromaterapia | Combo pareja"
"Servicios/14-estado-resultados-Spa y Masajes.xlsx","Estado de Resultados","Spa y Masajes","Servicios","Masaje relajante | Masaje descontracturante | Limpieza facial | Piedras calientes | Exfoliación corporal | Drenaje linfático | Aromaterapia | Combo pareja"
"Servicios/15-flujo-efectivo-indirecto-Spa y Masajes.xlsx","Flujo de Efectivo Indirecto","Spa y Masajes","Servicios","Masaje relajante | Masaje descontracturante | Limpieza facial | Piedras calientes | Exfoliación corporal | Drenaje linfático | Aromaterapia | Combo pareja"
"Servicios/16-conciliacion-bancaria-Spa y Masajes.xlsx","Conciliación Bancaria","Spa y Masajes","Servicios","Masaje relajante | Masaje descontracturante | Limpieza facial | Piedras calientes | Exfoliación corporal | Drenaje linfático | Aromaterapia | Combo pareja"
"Servicios/17-libro-diario-Spa y Masajes.xlsx","Libro Diario y Mayor","Spa y Masajes","Servicios","Masaje relajante | Masaje descontracturante | Limpieza facial | Piedras calientes | Exfoliación corporal | Drenaje linfático | Aromaterapia | Combo pareja"
"Servicios/18-ratios-financieros-Spa y Masajes.xlsx","Ratios Financieros","Spa y Masajes","Servicios","Masaje relajante | Masaje descontracturante | Limpieza facial | Piedras calientes | Exfoliación corporal | Drenaje linfático | Aromaterapia | Combo pareja"
"Servicios/19-control-tributario-Spa y Masajes.xlsx","Control Tributario","Spa y Masajes","Servicios","Masaje relajante | Masaje descontracturante | Limpieza facial | Piedras calientes | Exfoliación corporal | Drenaje linfático | Aromaterapia | Combo pareja"
"Servicios/20-presupuesto-centros-costo-Spa y Masajes.xlsx","Presupuesto Centros de Costo","Spa y Masajes","Servicios","Masaje relajante | Masaje descontracturante | Limpieza facial | Piedras calientes | Exfoliación corporal | Drenaje linfático | Aromaterapia | Combo pareja"
"Servicios/21-activos-fijos-Spa y Masajes.xlsx","Activos Fijos y Depreciación","Spa y Masajes","Servicios","Masaje relajante | Masaje descontracturante | Limpieza facial | Piedras calientes | Exfoliación corporal | Drenaje linfático | Aromaterapia | Combo pareja"
"Servicios/22-punto-equilibrio-Spa y Masajes.xlsx","Punto de Equilibrio","Spa y Masajes","Servicios","Masaje relajante | Masaje descontracturante | Limpieza facial | Piedras calientes | Exfoliación corporal | Drenaje linfático | Aromaterapia | Combo pareja"
"Servicios/23-estados-comparativos-Spa y Masajes.xlsx","Estados Comparativos 3 Años","Spa y Masajes","Servicios","Masaje relajante | Masaje descontracturante | Limpieza facial | Piedras calientes | Exfoliación corporal | Drenaje linfático | Aromaterapia | Combo pareja"
"Servicios/24-costeo-ordenes-Spa y Masajes.xlsx","Costeo porÓrdenes de Trabajo","Spa y Masajes","Servicios","Masaje relajante | Masaje descontracturante | Limpieza facial | Piedras calientes | Exfoliación corporal | Drenaje linfático | Aromaterapia | Combo pareja"
"Servicios/25-calculadora-cts-Spa y Masajes.xlsx","Calculadora CTS","Spa y Masajes","Servicios","Masaje relajante | Masaje descontracturante | Limpieza facial | Piedras calientes | Exfoliación corporal | Drenaje linfático | Aromaterapia | Combo pareja"
"Servicios/26-gratificaciones-Spa y Masajes.xlsx","Calculadora Gratificaciones","Spa y Masajes","Servicios","Masaje relajante | Masaje descontracturante | Limpieza facial | Piedras calientes | Exfoliación corporal | Drenaje linfático | Aromaterapia | Combo pareja"
"Servicios/27-amortizacion-Spa y Masajes.xlsx","Cuadro de Amortización","Spa y Masajes","Servicios","Masaje relajante | Masaje descontracturante | Limpieza facial | Piedras calientes | Exfoliación corporal | Drenaje linfático | Aromaterapia | Combo pareja"
"Servicios/28-vacaciones-Spa y Masajes.xlsx","Calculadora Vacaciones","Spa y Masajes","Servicios","Masaje relajante | Masaje descontracturante | Limpieza facial | Piedras calientes | Exfoliación corporal | Drenaje linfático | Aromaterapia | Combo pareja"
"Servicios/29-afp-onp-Spa y Masajes.xlsx","Calculadora AFP/ONP","Spa y Masajes","Servicios","Masaje relajante | Masaje descontracturante | Limpieza facial | Piedras calientes | Exfoliación corporal | Drenaje linfático | Aromaterapia | Combo pareja"
"Servicios/30-nomina-Spa y Masajes.xlsx","Calculadora Nómina","Spa y Masajes","Servicios","Masaje relajante | Masaje descontracturante | Limpieza facial | Piedras calientes | Exfoliación corporal | Drenaje linfático | Aromaterapia | Combo pareja"
"Servicios/31-roi-Spa y Masajes.xlsx","Calculadora ROI","Spa y Masajes","Servicios","Masaje relajante | Masaje descontracturante | Limpieza facial | Piedras calientes | Exfoliación corporal | Drenaje linfático | Aromaterapia | Combo pareja"
"Servicios/32-ipc-Spa y Masajes.xlsx","Calculadora IPC","Spa y Masajes","Servicios","Masaje relajante | Masaje descontracturante | Limpieza facial | Piedras calientes | Exfoliación corporal | Drenaje linfático | Aromaterapia | Combo pareja"
"Servicios/33-endeudamiento-Spa y Masajes.xlsx","Capacidad Endeudamiento","Spa y Masajes","Servicios","Masaje relajante | Masaje descontracturante | Limpieza facial | Piedras calientes | Exfoliación corporal | Drenaje linfático | Aromaterapia | Combo pareja"
"Servicios/34-proyeccion-flujo-Spa y Masajes.xlsx","Proyección Flujo de Caja","Spa y Masajes","Servicios","Masaje relajante | Masaje descontracturante | Limpieza facial | Piedras calientes | Exfoliación corporal | Drenaje linfático | Aromaterapia | Combo pareja"
"Servicios/01-dashboard-financiero-Gimnasio.xlsx","Dashboard Financiero","Gimnasio","Servicios","Mensualidad | Mensualidad estudiante | Trimestral | Semestral | Anual | Clase de zumba | Entrenador personal | Evaluación física"
"Servicios/02-control-ventas-Gimnasio.xlsx","Control de Ventas","Gimnasio","Servicios","Mensualidad | Mensualidad estudiante | Trimestral | Semestral | Anual | Clase de zumba | Entrenador personal | Evaluación física"
"Servicios/03-inventario-Gimnasio.xlsx","Control de Inventario","Gimnasio","Servicios","Mensualidad | Mensualidad estudiante | Trimestral | Semestral | Anual | Clase de zumba | Entrenador personal | Evaluación física"
"Servicios/04-presupuesto-anual-Gimnasio.xlsx","Presupuesto Anual","Gimnasio","Servicios","Mensualidad | Mensualidad estudiante | Trimestral | Semestral | Anual | Clase de zumba | Entrenador personal | Evaluación física"
"Servicios/05-flujo-de-caja-Gimnasio.xlsx","Flujo de Caja","Gimnasio","Servicios","Mensualidad | Mensualidad estudiante | Trimestral | Semestral | Anual | Clase de zumba | Entrenador personal | Evaluación física"
"Servicios/06-gestion-proyectos-Gimnasio.xlsx","Gestión de Proyectos","Gimnasio","Servicios","Mensualidad | Mensualidad estudiante | Trimestral | Semestral | Anual | Clase de zumba | Entrenador personal | Evaluación física"
"Servicios/07-analisis-kpis-Gimnasio.xlsx","Análisis de KPIs","Gimnasio","Servicios","Mensualidad | Mensualidad estudiante | Trimestral | Semestral | Anual | Clase de zumba | Entrenador personal | Evaluación física"
"Servicios/08-control-gastos-Gimnasio.xlsx","Control de Gastos","Gimnasio","Servicios","Mensualidad | Mensualidad estudiante | Trimestral | Semestral | Anual | Clase de zumba | Entrenador personal | Evaluación física"
"Servicios/09-planilla-personal-Gimnasio.xlsx","Planilla de Personal","Gimnasio","Servicios","Mensualidad | Mensualidad estudiante | Trimestral | Semestral | Anual | Clase de zumba | Entrenador personal | Evaluación física"
"Servicios/10-cuentas-por-cobrar-Gimnasio.xlsx","Cuentas por Cobrar","Gimnasio","Servicios","Mensualidad | Mensualidad estudiante | Trimestral | Semestral | Anual | Clase de zumba | Entrenador personal | Evaluación física"
"Servicios/11-caja-diaria-Gimnasio.xlsx","Caja Diaria","Gimnasio","Servicios","Mensualidad | Mensualidad estudiante | Trimestral | Semestral | Anual | Clase de zumba | Entrenador personal | Evaluación física"
"Servicios/12-compras-proveedores-Gimnasio.xlsx","Compras y Proveedores","Gimnasio","Servicios","Mensualidad | Mensualidad estudiante | Trimestral | Semestral | Anual | Clase de zumba | Entrenador personal | Evaluación física"
"Servicios/13-balance-general-Gimnasio.xlsx","Balance General","Gimnasio","Servicios","Mensualidad | Mensualidad estudiante | Trimestral | Semestral | Anual | Clase de zumba | Entrenador personal | Evaluación física"
"Servicios/14-estado-resultados-Gimnasio.xlsx","Estado de Resultados","Gimnasio","Servicios","Mensualidad | Mensualidad estudiante | Trimestral | Semestral | Anual | Clase de zumba | Entrenador personal | Evaluación física"
"Servicios/15-flujo-efectivo-indirecto-Gimnasio.xlsx","Flujo de Efectivo Indirecto","Gimnasio","Servicios","Mensualidad | Mensualidad estudiante | Trimestral | Semestral | Anual | Clase de zumba | Entrenador personal | Evaluación física"
"Servicios/16-conciliacion-bancaria-Gimnasio.xlsx","Conciliación Bancaria","Gimnasio","Servicios","Mensualidad | Mensualidad estudiante | Trimestral | Semestral | Anual | Clase de zumba | Entrenador personal | Evaluación física"
"Servicios/17-libro-diario-Gimnasio.xlsx","Libro Diario y Mayor","Gimnasio","Servicios","Mensualidad | Mensualidad estudiante | Trimestral | Semestral | Anual | Clase de zumba | Entrenador personal | Evaluación física"
"Servicios/18-ratios-financieros-Gimnasio.xlsx","Ratios Financieros","Gimnasio","Servicios","Mensualidad | Mensualidad estudiante | Trimestral | Semestral | Anual | Clase de zumba | Entrenador personal | Evaluación física"
"Servicios/19-control-tributario-Gimnasio.xlsx","Control Tributario","Gimnasio","Servicios","Mensualidad | Mensualidad estudiante | Trimestral | Semestral | Anual | Clase de zumba | Entrenador personal | Evaluación física"
"Servicios/20-presupuesto-centros-costo-Gimnasio.xlsx","Presupuesto Centros de Costo","Gimnasio","Servicios","Mensualidad | Mensualidad estudiante | Trimestral | Semestral | Anual | Clase de zumba | Entrenador personal | Evaluación física"
"Servicios/21-activos-fijos-Gimnasio.xlsx","Activos Fijos y Depreciación","Gimnasio","Servicios","Mensualidad | Mensualidad estudiante | Trimestral | Semestral | Anual | Clase de zumba | Entrenador personal | Evaluación física"
"Servicios/22-punto-equilibrio-Gimnasio.xlsx","Punto de Equilibrio","Gimnasio","Servicios","Mensualidad | Mensualidad estudiante | Trimestral | Semestral | Anual | Clase de zumba | Entrenador personal | Evaluación física"
"Servicios/23-estados-comparativos-Gimnasio.xlsx","Estados Comparativos 3 Años","Gimnasio","Servicios","Mensualidad | Mensualidad estudiante | Trimestral | Semestral | Anual | Clase de zumba | Entrenador personal | Evaluación física"
"Servicios/24-costeo-ordenes-Gimnasio.xlsx","Costeo porÓrdenes de Trabajo","Gimnasio","Servicios","Mensualidad | Mensualidad estudiante | Trimestral | Semestral | Anual | Clase de zumba | Entrenador personal | Evaluación física"
"Servicios/25-calculadora-cts-Gimnasio.xlsx","Calculadora CTS","Gimnasio","Servicios","Mensualidad | Mensualidad estudiante | Trimestral | Semestral | Anual | Clase de zumba | Entrenador personal | Evaluación física"
"Servicios/26-gratificaciones-Gimnasio.xlsx","Calculadora Gratificaciones","Gimnasio","Servicios","Mensualidad | Mensualidad estudiante | Trimestral | Semestral | Anual | Clase de zumba | Entrenador personal | Evaluación física"
"Servicios/27-amortizacion-Gimnasio.xlsx","Cuadro de Amortización","Gimnasio","Servicios","Mensualidad | Mensualidad estudiante | Trimestral | Semestral | Anual | Clase de zumba | Entrenador personal | Evaluación física"
"Servicios/28-vacaciones-Gimnasio.xlsx","Calculadora Vacaciones","Gimnasio","Servicios","Mensualidad | Mensualidad estudiante | Trimestral | Semestral | Anual | Clase de zumba | Entrenador personal | Evaluación física"
"Servicios/29-afp-onp-Gimnasio.xlsx","Calculadora AFP/ONP","Gimnasio","Servicios","Mensualidad | Mensualidad estudiante | Trimestral | Semestral | Anual | Clase de zumba | Entrenador personal | Evaluación física"
"Servicios/30-nomina-Gimnasio.xlsx","Calculadora Nómina","Gimnasio","Servicios","Mensualidad | Mensualidad estudiante | Trimestral | Semestral | Anual | Clase de zumba | Entrenador personal | Evaluación física"
"Servicios/31-roi-Gimnasio.xlsx","Calculadora ROI","Gimnasio","Servicios","Mensualidad | Mensualidad estudiante | Trimestral | Semestral | Anual | Clase de zumba | Entrenador personal | Evaluación física"
"Servicios/32-ipc-Gimnasio.xlsx","Calculadora IPC","Gimnasio","Servicios","Mensualidad | Mensualidad estudiante | Trimestral | Semestral | Anual | Clase de zumba | Entrenador personal | Evaluación física"
"Servicios/33-endeudamiento-Gimnasio.xlsx","Capacidad Endeudamiento","Gimnasio","Servicios","Mensualidad | Mensualidad estudiante | Trimestral | Semestral | Anual | Clase de zumba | Entrenador personal | Evaluación física"
"Servicios/34-proyeccion-flujo-Gimnasio.xlsx","Proyección Flujo de Caja","Gimnasio","Servicios","Mensualidad | Mensualidad estudiante | Trimestral | Semestral | Anual | Clase de zumba | Entrenador personal | Evaluación física"
"Servicios/01-dashboard-financiero-Lavanderia.xlsx","Dashboard Financiero","Lavandería","Servicios","Lavado por kilo | Lavado en seco | Planchado | Edredón | Traje | Cortina | Cobija | Express 24h"
"Servicios/02-control-ventas-Lavanderia.xlsx","Control de Ventas","Lavandería","Servicios","Lavado por kilo | Lavado en seco | Planchado | Edredón | Traje | Cortina | Cobija | Express 24h"
"Servicios/03-inventario-Lavanderia.xlsx","Control de Inventario","Lavandería","Servicios","Lavado por kilo | Lavado en seco | Planchado | Edredón | Traje | Cortina | Cobija | Express 24h"
"Servicios/04-presupuesto-anual-Lavanderia.xlsx","Presupuesto Anual","Lavandería","Servicios","Lavado por kilo | Lavado en seco | Planchado | Edredón | Traje | Cortina | Cobija | Express 24h"
"Servicios/05-flujo-de-caja-Lavanderia.xlsx","Flujo de Caja","Lavandería","Servicios","Lavado por kilo | Lavado en seco | Planchado | Edredón | Traje | Cortina | Cobija | Express 24h"
"Servicios/06-gestion-proyectos-Lavanderia.xlsx","Gestión de Proyectos","Lavandería","Servicios","Lavado por kilo | Lavado en seco | Planchado | Edredón | Traje | Cortina | Cobija | Express 24h"
"Servicios/07-analisis-kpis-Lavanderia.xlsx","Análisis de KPIs","Lavandería","Servicios","Lavado por kilo | Lavado en seco | Planchado | Edredón | Traje | Cortina | Cobija | Express 24h"
"Servicios/08-control-gastos-Lavanderia.xlsx","Control de Gastos","Lavandería","Servicios","Lavado por kilo | Lavado en seco | Planchado | Edredón | Traje | Cortina | Cobija | Express 24h"
"Servicios/09-planilla-personal-Lavanderia.xlsx","Planilla de Personal","Lavandería","Servicios","Lavado por kilo | Lavado en seco | Planchado | Edredón | Traje | Cortina | Cobija | Express 24h"
"Servicios/10-cuentas-por-cobrar-Lavanderia.xlsx","Cuentas por Cobrar","Lavandería","Servicios","Lavado por kilo | Lavado en seco | Planchado | Edredón | Traje | Cortina | Cobija | Express 24h"
"Servicios/11-caja-diaria-Lavanderia.xlsx","Caja Diaria","Lavandería","Servicios","Lavado por kilo | Lavado en seco | Planchado | Edredón | Traje | Cortina | Cobija | Express 24h"
"Servicios/12-compras-proveedores-Lavanderia.xlsx","Compras y Proveedores","Lavandería","Servicios","Lavado por kilo | Lavado en seco | Planchado | Edredón | Traje | Cortina | Cobija | Express 24h"
"Servicios/13-balance-general-Lavanderia.xlsx","Balance General","Lavandería","Servicios","Lavado por kilo | Lavado en seco | Planchado | Edredón | Traje | Cortina | Cobija | Express 24h"
"Servicios/14-estado-resultados-Lavanderia.xlsx","Estado de Resultados","Lavandería","Servicios","Lavado por kilo | Lavado en seco | Planchado | Edredón | Traje | Cortina | Cobija | Express 24h"
"Servicios/15-flujo-efectivo-indirecto-Lavanderia.xlsx","Flujo de Efectivo Indirecto","Lavandería","Servicios","Lavado por kilo | Lavado en seco | Planchado | Edredón | Traje | Cortina | Cobija | Express 24h"
"Servicios/16-conciliacion-bancaria-Lavanderia.xlsx","Conciliación Bancaria","Lavandería","Servicios","Lavado por kilo | Lavado en seco | Planchado | Edredón | Traje | Cortina | Cobija | Express 24h"
"Servicios/17-libro-diario-Lavanderia.xlsx","Libro Diario y Mayor","Lavandería","Servicios","Lavado por kilo | Lavado en seco | Planchado | Edredón | Traje | Cortina | Cobija | Express 24h"
"Servicios/18-ratios-financieros-Lavanderia.xlsx","Ratios Financieros","Lavandería","Servicios","Lavado por kilo | Lavado en seco | Planchado | Edredón | Traje | Cortina | Cobija | Express 24h"
"Servicios/19-control-tributario-Lavanderia.xlsx","Control Tributario","Lavandería","Servicios","Lavado por kilo | Lavado en seco | Planchado | Edredón | Traje | Cortina | Cobija | Express 24h"
"Servicios/20-presupuesto-centros-costo-Lavanderia.xlsx","Presupuesto Centros de Costo","Lavandería","Servicios","Lavado por kilo | Lavado en seco | Planchado | Edredón | Traje | Cortina | Cobija | Express 24h"
"Servicios/21-activos-fijos-Lavanderia.xlsx","Activos Fijos y Depreciación","Lavandería","Servicios","Lavado por kilo | Lavado en seco | Planchado | Edredón | Traje | Cortina | Cobija | Express 24h"
"Servicios/22-punto-equilibrio-Lavanderia.xlsx","Punto de Equilibrio","Lavandería","Servicios","Lavado por kilo | Lavado en seco | Planchado | Edredón | Traje | Cortina | Cobija | Express 24h"
"Servicios/23-estados-comparativos-Lavanderia.xlsx","Estados Comparativos 3 Años","Lavandería","Servicios","Lavado por kilo | Lavado en seco | Planchado | Edredón | Traje | Cortina | Cobija | Express 24h"
"Servicios/24-costeo-ordenes-Lavanderia.xlsx","Costeo porÓrdenes de Trabajo","Lavandería","Servicios","Lavado por kilo | Lavado en seco | Planchado | Edredón | Traje | Cortina | Cobija | Express 24h"
"Servicios/25-calculadora-cts-Lavanderia.xlsx","Calculadora CTS","Lavandería","Servicios","Lavado por kilo | Lavado en seco | Planchado | Edredón | Traje | Cortina | Cobija | Express 24h"
"Servicios/26-gratificaciones-Lavanderia.xlsx","Calculadora Gratificaciones","Lavandería","Servicios","Lavado por kilo | Lavado en seco | Planchado | Edredón | Traje | Cortina | Cobija | Express 24h"
"Servicios/27-amortizacion-Lavanderia.xlsx","Cuadro de Amortización","Lavandería","Servicios","Lavado por kilo | Lavado en seco | Planchado | Edredón | Traje | Cortina | Cobija | Express 24h"
"Servicios/28-vacaciones-Lavanderia.xlsx","Calculadora Vacaciones","Lavandería","Servicios","Lavado por kilo | Lavado en seco | Planchado | Edredón | Traje | Cortina | Cobija | Express 24h"
"Servicios/29-afp-onp-Lavanderia.xlsx","Calculadora AFP/ONP","Lavandería","Servicios","Lavado por kilo | Lavado en seco | Planchado | Edredón | Traje | Cortina | Cobija | Express 24h"
"Servicios/30-nomina-Lavanderia.xlsx","Calculadora Nómina","Lavandería","Servicios","Lavado por kilo | Lavado en seco | Planchado | Edredón | Traje | Cortina | Cobija | Express 24h"
"Servicios/31-roi-Lavanderia.xlsx","Calculadora ROI","Lavandería","Servicios","Lavado por kilo | Lavado en seco | Planchado | Edredón | Traje | Cortina | Cobija | Express 24h"
"Servicios/32-ipc-Lavanderia.xlsx","Calculadora IPC","Lavandería","Servicios","Lavado por kilo | Lavado en seco | Planchado | Edredón | Traje | Cortina | Cobija | Express 24h"
"Servicios/33-endeudamiento-Lavanderia.xlsx","Capacidad Endeudamiento","Lavandería","Servicios","Lavado por kilo | Lavado en seco | Planchado | Edredón | Traje | Cortina | Cobija | Express 24h"
"Servicios/34-proyeccion-flujo-Lavanderia.xlsx","Proyección Flujo de Caja","Lavandería","Servicios","Lavado por kilo | Lavado en seco | Planchado | Edredón | Traje | Cortina | Cobija | Express 24h"
"Servicios/01-dashboard-financiero-Taller Mecanico.xlsx","Dashboard Financiero","Taller Mecánico","Servicios","Cambio de aceite | Alineación y balanceo | Frenos | Diagnóstico | Suspensión | Batería | Lavado de motor | Scanneo"
"Servicios/02-control-ventas-Taller Mecanico.xlsx","Control de Ventas","Taller Mecánico","Servicios","Cambio de aceite | Alineación y balanceo | Frenos | Diagnóstico | Suspensión | Batería | Lavado de motor | Scanneo"
"Servicios/03-inventario-Taller Mecanico.xlsx","Control de Inventario","Taller Mecánico","Servicios","Cambio de aceite | Alineación y balanceo | Frenos | Diagnóstico | Suspensión | Batería | Lavado de motor | Scanneo"
"Servicios/04-presupuesto-anual-Taller Mecanico.xlsx","Presupuesto Anual","Taller Mecánico","Servicios","Cambio de aceite | Alineación y balanceo | Frenos | Diagnóstico | Suspensión | Batería | Lavado de motor | Scanneo"
"Servicios/05-flujo-de-caja-Taller Mecanico.xlsx","Flujo de Caja","Taller Mecánico","Servicios","Cambio de aceite | Alineación y balanceo | Frenos | Diagnóstico | Suspensión | Batería | Lavado de motor | Scanneo"
"Servicios/06-gestion-proyectos-Taller Mecanico.xlsx","Gestión de Proyectos","Taller Mecánico","Servicios","Cambio de aceite | Alineación y balanceo | Frenos | Diagnóstico | Suspensión | Batería | Lavado de motor | Scanneo"
"Servicios/07-analisis-kpis-Taller Mecanico.xlsx","Análisis de KPIs","Taller Mecánico","Servicios","Cambio de aceite | Alineación y balanceo | Frenos | Diagnóstico | Suspensión | Batería | Lavado de motor | Scanneo"
"Servicios/08-control-gastos-Taller Mecanico.xlsx","Control de Gastos","Taller Mecánico","Servicios","Cambio de aceite | Alineación y balanceo | Frenos | Diagnóstico | Suspensión | Batería | Lavado de motor | Scanneo"
"Servicios/09-planilla-personal-Taller Mecanico.xlsx","Planilla de Personal","Taller Mecánico","Servicios","Cambio de aceite | Alineación y balanceo | Frenos | Diagnóstico | Suspensión | Batería | Lavado de motor | Scanneo"
"Servicios/10-cuentas-por-cobrar-Taller Mecanico.xlsx","Cuentas por Cobrar","Taller Mecánico","Servicios","Cambio de aceite | Alineación y balanceo | Frenos | Diagnóstico | Suspensión | Batería | Lavado de motor | Scanneo"
"Servicios/11-caja-diaria-Taller Mecanico.xlsx","Caja Diaria","Taller Mecánico","Servicios","Cambio de aceite | Alineación y balanceo | Frenos | Diagnóstico | Suspensión | Batería | Lavado de motor | Scanneo"
"Servicios/12-compras-proveedores-Taller Mecanico.xlsx","Compras y Proveedores","Taller Mecánico","Servicios","Cambio de aceite | Alineación y balanceo | Frenos | Diagnóstico | Suspensión | Batería | Lavado de motor | Scanneo"
"Servicios/13-balance-general-Taller Mecanico.xlsx","Balance General","Taller Mecánico","Servicios","Cambio de aceite | Alineación y balanceo | Frenos | Diagnóstico | Suspensión | Batería | Lavado de motor | Scanneo"
"Servicios/14-estado-resultados-Taller Mecanico.xlsx","Estado de Resultados","Taller Mecánico","Servicios","Cambio de aceite | Alineación y balanceo | Frenos | Diagnóstico | Suspensión | Batería | Lavado de motor | Scanneo"
"Servicios/15-flujo-efectivo-indirecto-Taller Mecanico.xlsx","Flujo de Efectivo Indirecto","Taller Mecánico","Servicios","Cambio de aceite | Alineación y balanceo | Frenos | Diagnóstico | Suspensión | Batería | Lavado de motor | Scanneo"
"Servicios/16-conciliacion-bancaria-Taller Mecanico.xlsx","Conciliación Bancaria","Taller Mecánico","Servicios","Cambio de aceite | Alineación y balanceo | Frenos | Diagnóstico | Suspensión | Batería | Lavado de motor | Scanneo"
"Servicios/17-libro-diario-Taller Mecanico.xlsx","Libro Diario y Mayor","Taller Mecánico","Servicios","Cambio de aceite | Alineación y balanceo | Frenos | Diagnóstico | Suspensión | Batería | Lavado de motor | Scanneo"
"Servicios/18-ratios-financieros-Taller Mecanico.xlsx","Ratios Financieros","Taller Mecánico","Servicios","Cambio de aceite | Alineación y balanceo | Frenos | Diagnóstico | Suspensión | Batería | Lavado de motor | Scanneo"
"Servicios/19-control-tributario-Taller Mecanico.xlsx","Control Tributario","Taller Mecánico","Servicios","Cambio de aceite | Alineación y balanceo | Frenos | Diagnóstico | Suspensión | Batería | Lavado de motor | Scanneo"
"Servicios/20-presupuesto-centros-costo-Taller Mecanico.xlsx","Presupuesto Centros de Costo","Taller Mecánico","Servicios","Cambio de aceite | Alineación y balanceo | Frenos | Diagnóstico | Suspensión | Batería | Lavado de motor | Scanneo"
"Servicios/21-activos-fijos-Taller Mecanico.xlsx","Activos Fijos y Depreciación","Taller Mecánico","Servicios","Cambio de aceite | Alineación y balanceo | Frenos | Diagnóstico | Suspensión | Batería | Lavado de motor | Scanneo"
"Servicios/22-punto-equilibrio-Taller Mecanico.xlsx","Punto de Equilibrio","Taller Mecánico","Servicios","Cambio de aceite | Alineación y balanceo | Frenos | Diagnóstico | Suspensión | Batería | Lavado de motor | Scanneo"
"Servicios/23-estados-comparativos-Taller Mecanico.xlsx","Estados Comparativos 3 Años","Taller Mecánico","Servicios","Cambio de aceite | Alineación y balanceo | Frenos | Diagnóstico | Suspensión | Batería | Lavado de motor | Scanneo"
"Servicios/24-costeo-ordenes-Taller Mecanico.xlsx","Costeo porÓrdenes de Trabajo","Taller Mecánico","Servicios","Cambio de aceite | Alineación y balanceo | Frenos | Diagnóstico | Suspensión | Batería | Lavado de motor | Scanneo"
"Servicios/25-calculadora-cts-Taller Mecanico.xlsx","Calculadora CTS","Taller Mecánico","Servicios","Cambio de aceite | Alineación y balanceo | Frenos | Diagnóstico | Suspensión | Batería | Lavado de motor | Scanneo"
"Servicios/26-gratificaciones-Taller Mecanico.xlsx","Calculadora Gratificaciones","Taller Mecánico","Servicios","Cambio de aceite | Alineación y balanceo | Frenos | Diagnóstico | Suspensión | Batería | Lavado de motor | Scanneo"
"Servicios/27-amortizacion-Taller Mecanico.xlsx","Cuadro de Amortización","Taller Mecánico","Servicios","Cambio de aceite | Alineación y balanceo | Frenos | Diagnóstico | Suspensión | Batería | Lavado de motor | Scanneo"
"Servicios/28-vacaciones-Taller Mecanico.xlsx","Calculadora Vacaciones","Taller Mecánico","Servicios","Cambio de aceite | Alineación y balanceo | Frenos | Diagnóstico | Suspensión | Batería | Lavado de motor | Scanneo"
"Servicios/29-afp-onp-Taller Mecanico.xlsx","Calculadora AFP/ONP","Taller Mecánico","Servicios","Cambio de aceite | Alineación y balanceo | Frenos | Diagnóstico | Suspensión | Batería | Lavado de motor | Scanneo"
"Servicios/30-nomina-Taller Mecanico.xlsx","Calculadora Nómina","Taller Mecánico","Servicios","Cambio de aceite | Alineación y balanceo | Frenos | Diagnóstico | Suspensión | Batería | Lavado de motor | Scanneo"
"Servicios/31-roi-Taller Mecanico.xlsx","Calculadora ROI","Taller Mecánico","Servicios","Cambio de aceite | Alineación y balanceo | Frenos | Diagnóstico | Suspensión | Batería | Lavado de motor | Scanneo"
"Servicios/32-ipc-Taller Mecanico.xlsx","Calculadora IPC","Taller Mecánico","Servicios","Cambio de aceite | Alineación y balanceo | Frenos | Diagnóstico | Suspensión | Batería | Lavado de motor | Scanneo"
"Servicios/33-endeudamiento-Taller Mecanico.xlsx","Capacidad Endeudamiento","Taller Mecánico","Servicios","Cambio de aceite | Alineación y balanceo | Frenos | Diagnóstico | Suspensión | Batería | Lavado de motor | Scanneo"
"Servicios/34-proyeccion-flujo-Taller Mecanico.xlsx","Proyección Flujo de Caja","Taller Mecánico","Servicios","Cambio de aceite | Alineación y balanceo | Frenos | Diagnóstico | Suspensión | Batería | Lavado de motor | Scanneo"
"Servicios/01-dashboard-financiero-Lubricadora.xlsx","Dashboard Financiero","Lubricadora","Servicios","Cambio aceite 10W40 | Aceite sintético | Filtro de aceite | Filtro de aire | Lavado simple | Lavado + aspirado | Engrasado | Revisión gratuita"
"Servicios/02-control-ventas-Lubricadora.xlsx","Control de Ventas","Lubricadora","Servicios","Cambio aceite 10W40 | Aceite sintético | Filtro de aceite | Filtro de aire | Lavado simple | Lavado + aspirado | Engrasado | Revisión gratuita"
"Servicios/03-inventario-Lubricadora.xlsx","Control de Inventario","Lubricadora","Servicios","Cambio aceite 10W40 | Aceite sintético | Filtro de aceite | Filtro de aire | Lavado simple | Lavado + aspirado | Engrasado | Revisión gratuita"
"Servicios/04-presupuesto-anual-Lubricadora.xlsx","Presupuesto Anual","Lubricadora","Servicios","Cambio aceite 10W40 | Aceite sintético | Filtro de aceite | Filtro de aire | Lavado simple | Lavado + aspirado | Engrasado | Revisión gratuita"
"Servicios/05-flujo-de-caja-Lubricadora.xlsx","Flujo de Caja","Lubricadora","Servicios","Cambio aceite 10W40 | Aceite sintético | Filtro de aceite | Filtro de aire | Lavado simple | Lavado + aspirado | Engrasado | Revisión gratuita"
"Servicios/06-gestion-proyectos-Lubricadora.xlsx","Gestión de Proyectos","Lubricadora","Servicios","Cambio aceite 10W40 | Aceite sintético | Filtro de aceite | Filtro de aire | Lavado simple | Lavado + aspirado | Engrasado | Revisión gratuita"
"Servicios/07-analisis-kpis-Lubricadora.xlsx","Análisis de KPIs","Lubricadora","Servicios","Cambio aceite 10W40 | Aceite sintético | Filtro de aceite | Filtro de aire | Lavado simple | Lavado + aspirado | Engrasado | Revisión gratuita"
"Servicios/08-control-gastos-Lubricadora.xlsx","Control de Gastos","Lubricadora","Servicios","Cambio aceite 10W40 | Aceite sintético | Filtro de aceite | Filtro de aire | Lavado simple | Lavado + aspirado | Engrasado | Revisión gratuita"
"Servicios/09-planilla-personal-Lubricadora.xlsx","Planilla de Personal","Lubricadora","Servicios","Cambio aceite 10W40 | Aceite sintético | Filtro de aceite | Filtro de aire | Lavado simple | Lavado + aspirado | Engrasado | Revisión gratuita"
"Servicios/10-cuentas-por-cobrar-Lubricadora.xlsx","Cuentas por Cobrar","Lubricadora","Servicios","Cambio aceite 10W40 | Aceite sintético | Filtro de aceite | Filtro de aire | Lavado simple | Lavado + aspirado | Engrasado | Revisión gratuita"
"Servicios/11-caja-diaria-Lubricadora.xlsx","Caja Diaria","Lubricadora","Servicios","Cambio aceite 10W40 | Aceite sintético | Filtro de aceite | Filtro de aire | Lavado simple | Lavado + aspirado | Engrasado | Revisión gratuita"
"Servicios/12-compras-proveedores-Lubricadora.xlsx","Compras y Proveedores","Lubricadora","Servicios","Cambio aceite 10W40 | Aceite sintético | Filtro de aceite | Filtro de aire | Lavado simple | Lavado + aspirado | Engrasado | Revisión gratuita"
"Servicios/13-balance-general-Lubricadora.xlsx","Balance General","Lubricadora","Servicios","Cambio aceite 10W40 | Aceite sintético | Filtro de aceite | Filtro de aire | Lavado simple | Lavado + aspirado | Engrasado | Revisión gratuita"
"Servicios/14-estado-resultados-Lubricadora.xlsx","Estado de Resultados","Lubricadora","Servicios","Cambio aceite 10W40 | Aceite sintético | Filtro de aceite | Filtro de aire | Lavado simple | Lavado + aspirado | Engrasado | Revisión gratuita"
"Servicios/15-flujo-efectivo-indirecto-Lubricadora.xlsx","Flujo de Efectivo Indirecto","Lubricadora","Servicios","Cambio aceite 10W40 | Aceite sintético | Filtro de aceite | Filtro de aire | Lavado simple | Lavado + aspirado | Engrasado | Revisión gratuita"
"Servicios/16-conciliacion-bancaria-Lubricadora.xlsx","Conciliación Bancaria","Lubricadora","Servicios","Cambio aceite 10W40 | Aceite sintético | Filtro de aceite | Filtro de aire | Lavado simple | Lavado + aspirado | Engrasado | Revisión gratuita"
"Servicios/17-libro-diario-Lubricadora.xlsx","Libro Diario y Mayor","Lubricadora","Servicios","Cambio aceite 10W40 | Aceite sintético | Filtro de aceite | Filtro de aire | Lavado simple | Lavado + aspirado | Engrasado | Revisión gratuita"
"Servicios/18-ratios-financieros-Lubricadora.xlsx","Ratios Financieros","Lubricadora","Servicios","Cambio aceite 10W40 | Aceite sintético | Filtro de aceite | Filtro de aire | Lavado simple | Lavado + aspirado | Engrasado | Revisión gratuita"
"Servicios/19-control-tributario-Lubricadora.xlsx","Control Tributario","Lubricadora","Servicios","Cambio aceite 10W40 | Aceite sintético | Filtro de aceite | Filtro de aire | Lavado simple | Lavado + aspirado | Engrasado | Revisión gratuita"
"Servicios/20-presupuesto-centros-costo-Lubricadora.xlsx","Presupuesto Centros de Costo","Lubricadora","Servicios","Cambio aceite 10W40 | Aceite sintético | Filtro de aceite | Filtro de aire | Lavado simple | Lavado + aspirado | Engrasado | Revisión gratuita"
"Servicios/21-activos-fijos-Lubricadora.xlsx","Activos Fijos y Depreciación","Lubricadora","Servicios","Cambio aceite 10W40 | Aceite sintético | Filtro de aceite | Filtro de aire | Lavado simple | Lavado + aspirado | Engrasado | Revisión gratuita"
"Servicios/22-punto-equilibrio-Lubricadora.xlsx","Punto de Equilibrio","Lubricadora","Servicios","Cambio aceite 10W40 | Aceite sintético | Filtro de aceite | Filtro de aire | Lavado simple | Lavado + aspirado | Engrasado | Revisión gratuita"
"Servicios/23-estados-comparativos-Lubricadora.xlsx","Estados Comparativos 3 Años","Lubricadora","Servicios","Cambio aceite 10W40 | Aceite sintético | Filtro de aceite | Filtro de aire | Lavado simple | Lavado + aspirado | Engrasado | Revisión gratuita"
"Servicios/24-costeo-ordenes-Lubricadora.xlsx","Costeo porÓrdenes de Trabajo","Lubricadora","Servicios","Cambio aceite 10W40 | Aceite sintético | Filtro de aceite | Filtro de aire | Lavado simple | Lavado + aspirado | Engrasado | Revisión gratuita"
"Servicios/25-calculadora-cts-Lubricadora.xlsx","Calculadora CTS","Lubricadora","Servicios","Cambio aceite 10W40 | Aceite sintético | Filtro de aceite | Filtro de aire | Lavado simple | Lavado + aspirado | Engrasado | Revisión gratuita"
"Servicios/26-gratificaciones-Lubricadora.xlsx","Calculadora Gratificaciones","Lubricadora","Servicios","Cambio aceite 10W40 | Aceite sintético | Filtro de aceite | Filtro de aire | Lavado simple | Lavado + aspirado | Engrasado | Revisión gratuita"
"Servicios/27-amortizacion-Lubricadora.xlsx","Cuadro de Amortización","Lubricadora","Servicios","Cambio aceite 10W40 | Aceite sintético | Filtro de aceite | Filtro de aire | Lavado simple | Lavado + aspirado | Engrasado | Revisión gratuita"
"Servicios/28-vacaciones-Lubricadora.xlsx","Calculadora Vacaciones","Lubricadora","Servicios","Cambio aceite 10W40 | Aceite sintético | Filtro de aceite | Filtro de aire | Lavado simple | Lavado + aspirado | Engrasado | Revisión gratuita"
"Servicios/29-afp-onp-Lubricadora.xlsx","Calculadora AFP/ONP","Lubricadora","Servicios","Cambio aceite 10W40 | Aceite sintético | Filtro de aceite | Filtro de aire | Lavado simple | Lavado + aspirado | Engrasado | Revisión gratuita"
"Servicios/30-nomina-Lubricadora.xlsx","Calculadora Nómina","Lubricadora","Servicios","Cambio aceite 10W40 | Aceite sintético | Filtro de aceite | Filtro de aire | Lavado simple | Lavado + aspirado | Engrasado | Revisión gratuita"
"Servicios/31-roi-Lubricadora.xlsx","Calculadora ROI","Lubricadora","Servicios","Cambio aceite 10W40 | Aceite sintético | Filtro de aceite | Filtro de aire | Lavado simple | Lavado + aspirado | Engrasado | Revisión gratuita"
"Servicios/32-ipc-Lubricadora.xlsx","Calculadora IPC","Lubricadora","Servicios","Cambio aceite 10W40 | Aceite sintético | Filtro de aceite | Filtro de aire | Lavado simple | Lavado + aspirado | Engrasado | Revisión gratuita"
"Servicios/33-endeudamiento-Lubricadora.xlsx","Capacidad Endeudamiento","Lubricadora","Servicios","Cambio aceite 10W40 | Aceite sintético | Filtro de aceite | Filtro de aire | Lavado simple | Lavado + aspirado | Engrasado | Revisión gratuita"
"Servicios/34-proyeccion-flujo-Lubricadora.xlsx","Proyección Flujo de Caja","Lubricadora","Servicios","Cambio aceite 10W40 | Aceite sintético | Filtro de aceite | Filtro de aire | Lavado simple | Lavado + aspirado | Engrasado | Revisión gratuita"
"Servicios/01-dashboard-financiero-Car Wash.xlsx","Dashboard Financiero","Car Wash","Servicios","Lavado simple | Lavado + encerado | Lavado motor | Pulido | Lavado de alfombras | Lavado de moto | Full detalle | Lavado de camioneta"
"Servicios/02-control-ventas-Car Wash.xlsx","Control de Ventas","Car Wash","Servicios","Lavado simple | Lavado + encerado | Lavado motor | Pulido | Lavado de alfombras | Lavado de moto | Full detalle | Lavado de camioneta"
"Servicios/03-inventario-Car Wash.xlsx","Control de Inventario","Car Wash","Servicios","Lavado simple | Lavado + encerado | Lavado motor | Pulido | Lavado de alfombras | Lavado de moto | Full detalle | Lavado de camioneta"
"Servicios/04-presupuesto-anual-Car Wash.xlsx","Presupuesto Anual","Car Wash","Servicios","Lavado simple | Lavado + encerado | Lavado motor | Pulido | Lavado de alfombras | Lavado de moto | Full detalle | Lavado de camioneta"
"Servicios/05-flujo-de-caja-Car Wash.xlsx","Flujo de Caja","Car Wash","Servicios","Lavado simple | Lavado + encerado | Lavado motor | Pulido | Lavado de alfombras | Lavado de moto | Full detalle | Lavado de camioneta"
"Servicios/06-gestion-proyectos-Car Wash.xlsx","Gestión de Proyectos","Car Wash","Servicios","Lavado simple | Lavado + encerado | Lavado motor | Pulido | Lavado de alfombras | Lavado de moto | Full detalle | Lavado de camioneta"
"Servicios/07-analisis-kpis-Car Wash.xlsx","Análisis de KPIs","Car Wash","Servicios","Lavado simple | Lavado + encerado | Lavado motor | Pulido | Lavado de alfombras | Lavado de moto | Full detalle | Lavado de camioneta"
"Servicios/08-control-gastos-Car Wash.xlsx","Control de Gastos","Car Wash","Servicios","Lavado simple | Lavado + encerado | Lavado motor | Pulido | Lavado de alfombras | Lavado de moto | Full detalle | Lavado de camioneta"
"Servicios/09-planilla-personal-Car Wash.xlsx","Planilla de Personal","Car Wash","Servicios","Lavado simple | Lavado + encerado | Lavado motor | Pulido | Lavado de alfombras | Lavado de moto | Full detalle | Lavado de camioneta"
"Servicios/10-cuentas-por-cobrar-Car Wash.xlsx","Cuentas por Cobrar","Car Wash","Servicios","Lavado simple | Lavado + encerado | Lavado motor | Pulido | Lavado de alfombras | Lavado de moto | Full detalle | Lavado de camioneta"
"Servicios/11-caja-diaria-Car Wash.xlsx","Caja Diaria","Car Wash","Servicios","Lavado simple | Lavado + encerado | Lavado motor | Pulido | Lavado de alfombras | Lavado de moto | Full detalle | Lavado de camioneta"
"Servicios/12-compras-proveedores-Car Wash.xlsx","Compras y Proveedores","Car Wash","Servicios","Lavado simple | Lavado + encerado | Lavado motor | Pulido | Lavado de alfombras | Lavado de moto | Full detalle | Lavado de camioneta"
"Servicios/13-balance-general-Car Wash.xlsx","Balance General","Car Wash","Servicios","Lavado simple | Lavado + encerado | Lavado motor | Pulido | Lavado de alfombras | Lavado de moto | Full detalle | Lavado de camioneta"
"Servicios/14-estado-resultados-Car Wash.xlsx","Estado de Resultados","Car Wash","Servicios","Lavado simple | Lavado + encerado | Lavado motor | Pulido | Lavado de alfombras | Lavado de moto | Full detalle | Lavado de camioneta"
"Servicios/15-flujo-efectivo-indirecto-Car Wash.xlsx","Flujo de Efectivo Indirecto","Car Wash","Servicios","Lavado simple | Lavado + encerado | Lavado motor | Pulido | Lavado de alfombras | Lavado de moto | Full detalle | Lavado de camioneta"
"Servicios/16-conciliacion-bancaria-Car Wash.xlsx","Conciliación Bancaria","Car Wash","Servicios","Lavado simple | Lavado + encerado | Lavado motor | Pulido | Lavado de alfombras | Lavado de moto | Full detalle | Lavado de camioneta"
"Servicios/17-libro-diario-Car Wash.xlsx","Libro Diario y Mayor","Car Wash","Servicios","Lavado simple | Lavado + encerado | Lavado motor | Pulido | Lavado de alfombras | Lavado de moto | Full detalle | Lavado de camioneta"
"Servicios/18-ratios-financieros-Car Wash.xlsx","Ratios Financieros","Car Wash","Servicios","Lavado simple | Lavado + encerado | Lavado motor | Pulido | Lavado de alfombras | Lavado de moto | Full detalle | Lavado de camioneta"
"Servicios/19-control-tributario-Car Wash.xlsx","Control Tributario","Car Wash","Servicios","Lavado simple | Lavado + encerado | Lavado motor | Pulido | Lavado de alfombras | Lavado de moto | Full detalle | Lavado de camioneta"
"Servicios/20-presupuesto-centros-costo-Car Wash.xlsx","Presupuesto Centros de Costo","Car Wash","Servicios","Lavado simple | Lavado + encerado | Lavado motor | Pulido | Lavado de alfombras | Lavado de moto | Full detalle | Lavado de camioneta"
"Servicios/21-activos-fijos-Car Wash.xlsx","Activos Fijos y Depreciación","Car Wash","Servicios","Lavado simple | Lavado + encerado | Lavado motor | Pulido | Lavado de alfombras | Lavado de moto | Full detalle | Lavado de camioneta"
"Servicios/22-punto-equilibrio-Car Wash.xlsx","Punto de Equilibrio","Car Wash","Servicios","Lavado simple | Lavado + encerado | Lavado motor | Pulido | Lavado de alfombras | Lavado de moto | Full detalle | Lavado de camioneta"
"Servicios/23-estados-comparativos-Car Wash.xlsx","Estados Comparativos 3 Años","Car Wash","Servicios","Lavado simple | Lavado + encerado | Lavado motor | Pulido | Lavado de alfombras | Lavado de moto | Full detalle | Lavado de camioneta"
"Servicios/24-costeo-ordenes-Car Wash.xlsx","Costeo porÓrdenes de Trabajo","Car Wash","Servicios","Lavado simple | Lavado + encerado | Lavado motor | Pulido | Lavado de alfombras | Lavado de moto | Full detalle | Lavado de camioneta"
"Servicios/25-calculadora-cts-Car Wash.xlsx","Calculadora CTS","Car Wash","Servicios","Lavado simple | Lavado + encerado | Lavado motor | Pulido | Lavado de alfombras | Lavado de moto | Full detalle | Lavado de camioneta"
"Servicios/26-gratificaciones-Car Wash.xlsx","Calculadora Gratificaciones","Car Wash","Servicios","Lavado simple | Lavado + encerado | Lavado motor | Pulido | Lavado de alfombras | Lavado de moto | Full detalle | Lavado de camioneta"
"Servicios/27-amortizacion-Car Wash.xlsx","Cuadro de Amortización","Car Wash","Servicios","Lavado simple | Lavado + encerado | Lavado motor | Pulido | Lavado de alfombras | Lavado de moto | Full detalle | Lavado de camioneta"
"Servicios/28-vacaciones-Car Wash.xlsx","Calculadora Vacaciones","Car Wash","Servicios","Lavado simple | Lavado + encerado | Lavado motor | Pulido | Lavado de alfombras | Lavado de moto | Full detalle | Lavado de camioneta"
"Servicios/29-afp-onp-Car Wash.xlsx","Calculadora AFP/ONP","Car Wash","Servicios","Lavado simple | Lavado + encerado | Lavado motor | Pulido | Lavado de alfombras | Lavado de moto | Full detalle | Lavado de camioneta"
"Servicios/30-nomina-Car Wash.xlsx","Calculadora Nómina","Car Wash","Servicios","Lavado simple | Lavado + encerado | Lavado motor | Pulido | Lavado de alfombras | Lavado de moto | Full detalle | Lavado de camioneta"
"Servicios/31-roi-Car Wash.xlsx","Calculadora ROI","Car Wash","Servicios","Lavado simple | Lavado + encerado | Lavado motor | Pulido | Lavado de alfombras | Lavado de moto | Full detalle | Lavado de camioneta"
"Servicios/32-ipc-Car Wash.xlsx","Calculadora IPC","Car Wash","Servicios","Lavado simple | Lavado + encerado | Lavado motor | Pulido | Lavado de alfombras | Lavado de moto | Full detalle | Lavado de camioneta"
"Servicios/33-endeudamiento-Car Wash.xlsx","Capacidad Endeudamiento","Car Wash","Servicios","Lavado simple | Lavado + encerado | Lavado motor | Pulido | Lavado de alfombras | Lavado de moto | Full detalle | Lavado de camioneta"
"Servicios/34-proyeccion-flujo-Car Wash.xlsx","Proyección Flujo de Caja","Car Wash","Servicios","Lavado simple | Lavado + encerado | Lavado motor | Pulido | Lavado de alfombras | Lavado de moto | Full detalle | Lavado de camioneta"
"Servicios/01-dashboard-financiero-Repuestos de Auto.xlsx","Dashboard Financiero","Repuestos de Auto","Servicios","Pastas de freno | Bujías | Filtros | Amortiguadores | Correa de tiempo | Batería | Luces | Aceites"
"Servicios/02-control-ventas-Repuestos de Auto.xlsx","Control de Ventas","Repuestos de Auto","Servicios","Pastas de freno | Bujías | Filtros | Amortiguadores | Correa de tiempo | Batería | Luces | Aceites"
"Servicios/03-inventario-Repuestos de Auto.xlsx","Control de Inventario","Repuestos de Auto","Servicios","Pastas de freno | Bujías | Filtros | Amortiguadores | Correa de tiempo | Batería | Luces | Aceites"
"Servicios/04-presupuesto-anual-Repuestos de Auto.xlsx","Presupuesto Anual","Repuestos de Auto","Servicios","Pastas de freno | Bujías | Filtros | Amortiguadores | Correa de tiempo | Batería | Luces | Aceites"
"Servicios/05-flujo-de-caja-Repuestos de Auto.xlsx","Flujo de Caja","Repuestos de Auto","Servicios","Pastas de freno | Bujías | Filtros | Amortiguadores | Correa de tiempo | Batería | Luces | Aceites"
"Servicios/06-gestion-proyectos-Repuestos de Auto.xlsx","Gestión de Proyectos","Repuestos de Auto","Servicios","Pastas de freno | Bujías | Filtros | Amortiguadores | Correa de tiempo | Batería | Luces | Aceites"
"Servicios/07-analisis-kpis-Repuestos de Auto.xlsx","Análisis de KPIs","Repuestos de Auto","Servicios","Pastas de freno | Bujías | Filtros | Amortiguadores | Correa de tiempo | Batería | Luces | Aceites"
"Servicios/08-control-gastos-Repuestos de Auto.xlsx","Control de Gastos","Repuestos de Auto","Servicios","Pastas de freno | Bujías | Filtros | Amortiguadores | Correa de tiempo | Batería | Luces | Aceites"
"Servicios/09-planilla-personal-Repuestos de Auto.xlsx","Planilla de Personal","Repuestos de Auto","Servicios","Pastas de freno | Bujías | Filtros | Amortiguadores | Correa de tiempo | Batería | Luces | Aceites"
"Servicios/10-cuentas-por-cobrar-Repuestos de Auto.xlsx","Cuentas por Cobrar","Repuestos de Auto","Servicios","Pastas de freno | Bujías | Filtros | Amortiguadores | Correa de tiempo | Batería | Luces | Aceites"
"Servicios/11-caja-diaria-Repuestos de Auto.xlsx","Caja Diaria","Repuestos de Auto","Servicios","Pastas de freno | Bujías | Filtros | Amortiguadores | Correa de tiempo | Batería | Luces | Aceites"
"Servicios/12-compras-proveedores-Repuestos de Auto.xlsx","Compras y Proveedores","Repuestos de Auto","Servicios","Pastas de freno | Bujías | Filtros | Amortiguadores | Correa de tiempo | Batería | Luces | Aceites"
"Servicios/13-balance-general-Repuestos de Auto.xlsx","Balance General","Repuestos de Auto","Servicios","Pastas de freno | Bujías | Filtros | Amortiguadores | Correa de tiempo | Batería | Luces | Aceites"
"Servicios/14-estado-resultados-Repuestos de Auto.xlsx","Estado de Resultados","Repuestos de Auto","Servicios","Pastas de freno | Bujías | Filtros | Amortiguadores | Correa de tiempo | Batería | Luces | Aceites"
"Servicios/15-flujo-efectivo-indirecto-Repuestos de Auto.xlsx","Flujo de Efectivo Indirecto","Repuestos de Auto","Servicios","Pastas de freno | Bujías | Filtros | Amortiguadores | Correa de tiempo | Batería | Luces | Aceites"
"Servicios/16-conciliacion-bancaria-Repuestos de Auto.xlsx","Conciliación Bancaria","Repuestos de Auto","Servicios","Pastas de freno | Bujías | Filtros | Amortiguadores | Correa de tiempo | Batería | Luces | Aceites"
"Servicios/17-libro-diario-Repuestos de Auto.xlsx","Libro Diario y Mayor","Repuestos de Auto","Servicios","Pastas de freno | Bujías | Filtros | Amortiguadores | Correa de tiempo | Batería | Luces | Aceites"
"Servicios/18-ratios-financieros-Repuestos de Auto.xlsx","Ratios Financieros","Repuestos de Auto","Servicios","Pastas de freno | Bujías | Filtros | Amortiguadores | Correa de tiempo | Batería | Luces | Aceites"
"Servicios/19-control-tributario-Repuestos de Auto.xlsx","Control Tributario","Repuestos de Auto","Servicios","Pastas de freno | Bujías | Filtros | Amortiguadores | Correa de tiempo | Batería | Luces | Aceites"
"Servicios/20-presupuesto-centros-costo-Repuestos de Auto.xlsx","Presupuesto Centros de Costo","Repuestos de Auto","Servicios","Pastas de freno | Bujías | Filtros | Amortiguadores | Correa de tiempo | Batería | Luces | Aceites"
"Servicios/21-activos-fijos-Repuestos de Auto.xlsx","Activos Fijos y Depreciación","Repuestos de Auto","Servicios","Pastas de freno | Bujías | Filtros | Amortiguadores | Correa de tiempo | Batería | Luces | Aceites"
"Servicios/22-punto-equilibrio-Repuestos de Auto.xlsx","Punto de Equilibrio","Repuestos de Auto","Servicios","Pastas de freno | Bujías | Filtros | Amortiguadores | Correa de tiempo | Batería | Luces | Aceites"
"Servicios/23-estados-comparativos-Repuestos de Auto.xlsx","Estados Comparativos 3 Años","Repuestos de Auto","Servicios","Pastas de freno | Bujías | Filtros | Amortiguadores | Correa de tiempo | Batería | Luces | Aceites"
"Servicios/24-costeo-ordenes-Repuestos de Auto.xlsx","Costeo porÓrdenes de Trabajo","Repuestos de Auto","Servicios","Pastas de freno | Bujías | Filtros | Amortiguadores | Correa de tiempo | Batería | Luces | Aceites"
"Servicios/25-calculadora-cts-Repuestos de Auto.xlsx","Calculadora CTS","Repuestos de Auto","Servicios","Pastas de freno | Bujías | Filtros | Amortiguadores | Correa de tiempo | Batería | Luces | Aceites"
"Servicios/26-gratificaciones-Repuestos de Auto.xlsx","Calculadora Gratificaciones","Repuestos de Auto","Servicios","Pastas de freno | Bujías | Filtros | Amortiguadores | Correa de tiempo | Batería | Luces | Aceites"
"Servicios/27-amortizacion-Repuestos de Auto.xlsx","Cuadro de Amortización","Repuestos de Auto","Servicios","Pastas de freno | Bujías | Filtros | Amortiguadores | Correa de tiempo | Batería | Luces | Aceites"
"Servicios/28-vacaciones-Repuestos de Auto.xlsx","Calculadora Vacaciones","Repuestos de Auto","Servicios","Pastas de freno | Bujías | Filtros | Amortiguadores | Correa de tiempo | Batería | Luces | Aceites"
"Servicios/29-afp-onp-Repuestos de Auto.xlsx","Calculadora AFP/ONP","Repuestos de Auto","Servicios","Pastas de freno | Bujías | Filtros | Amortiguadores | Correa de tiempo | Batería | Luces | Aceites"
"Servicios/30-nomina-Repuestos de Auto.xlsx","Calculadora Nómina","Repuestos de Auto","Servicios","Pastas de freno | Bujías | Filtros | Amortiguadores | Correa de tiempo | Batería | Luces | Aceites"
"Servicios/31-roi-Repuestos de Auto.xlsx","Calculadora ROI","Repuestos de Auto","Servicios","Pastas de freno | Bujías | Filtros | Amortiguadores | Correa de tiempo | Batería | Luces | Aceites"
"Servicios/32-ipc-Repuestos de Auto.xlsx","Calculadora IPC","Repuestos de Auto","Servicios","Pastas de freno | Bujías | Filtros | Amortiguadores | Correa de tiempo | Batería | Luces | Aceites"
"Servicios/33-endeudamiento-Repuestos de Auto.xlsx","Capacidad Endeudamiento","Repuestos de Auto","Servicios","Pastas de freno | Bujías | Filtros | Amortiguadores | Correa de tiempo | Batería | Luces | Aceites"
"Servicios/34-proyeccion-flujo-Repuestos de Auto.xlsx","Proyección Flujo de Caja","Repuestos de Auto","Servicios","Pastas de freno | Bujías | Filtros | Amortiguadores | Correa de tiempo | Batería | Luces | Aceites"
"Servicios/01-dashboard-financiero-Cibercafe.xlsx","Dashboard Financiero","Cibercafé","Servicios","Hora de internet | Impresión B/N | Impresión color | Escaneo | Trámite virtual | Revisión de tareas | Grabación USB | Fotocopias"
"Servicios/02-control-ventas-Cibercafe.xlsx","Control de Ventas","Cibercafé","Servicios","Hora de internet | Impresión B/N | Impresión color | Escaneo | Trámite virtual | Revisión de tareas | Grabación USB | Fotocopias"
"Servicios/03-inventario-Cibercafe.xlsx","Control de Inventario","Cibercafé","Servicios","Hora de internet | Impresión B/N | Impresión color | Escaneo | Trámite virtual | Revisión de tareas | Grabación USB | Fotocopias"
"Servicios/04-presupuesto-anual-Cibercafe.xlsx","Presupuesto Anual","Cibercafé","Servicios","Hora de internet | Impresión B/N | Impresión color | Escaneo | Trámite virtual | Revisión de tareas | Grabación USB | Fotocopias"
"Servicios/05-flujo-de-caja-Cibercafe.xlsx","Flujo de Caja","Cibercafé","Servicios","Hora de internet | Impresión B/N | Impresión color | Escaneo | Trámite virtual | Revisión de tareas | Grabación USB | Fotocopias"
"Servicios/06-gestion-proyectos-Cibercafe.xlsx","Gestión de Proyectos","Cibercafé","Servicios","Hora de internet | Impresión B/N | Impresión color | Escaneo | Trámite virtual | Revisión de tareas | Grabación USB | Fotocopias"
"Servicios/07-analisis-kpis-Cibercafe.xlsx","Análisis de KPIs","Cibercafé","Servicios","Hora de internet | Impresión B/N | Impresión color | Escaneo | Trámite virtual | Revisión de tareas | Grabación USB | Fotocopias"
"Servicios/08-control-gastos-Cibercafe.xlsx","Control de Gastos","Cibercafé","Servicios","Hora de internet | Impresión B/N | Impresión color | Escaneo | Trámite virtual | Revisión de tareas | Grabación USB | Fotocopias"
"Servicios/09-planilla-personal-Cibercafe.xlsx","Planilla de Personal","Cibercafé","Servicios","Hora de internet | Impresión B/N | Impresión color | Escaneo | Trámite virtual | Revisión de tareas | Grabación USB | Fotocopias"
"Servicios/10-cuentas-por-cobrar-Cibercafe.xlsx","Cuentas por Cobrar","Cibercafé","Servicios","Hora de internet | Impresión B/N | Impresión color | Escaneo | Trámite virtual | Revisión de tareas | Grabación USB | Fotocopias"
"Servicios/11-caja-diaria-Cibercafe.xlsx","Caja Diaria","Cibercafé","Servicios","Hora de internet | Impresión B/N | Impresión color | Escaneo | Trámite virtual | Revisión de tareas | Grabación USB | Fotocopias"
"Servicios/12-compras-proveedores-Cibercafe.xlsx","Compras y Proveedores","Cibercafé","Servicios","Hora de internet | Impresión B/N | Impresión color | Escaneo | Trámite virtual | Revisión de tareas | Grabación USB | Fotocopias"
"Servicios/13-balance-general-Cibercafe.xlsx","Balance General","Cibercafé","Servicios","Hora de internet | Impresión B/N | Impresión color | Escaneo | Trámite virtual | Revisión de tareas | Grabación USB | Fotocopias"
"Servicios/14-estado-resultados-Cibercafe.xlsx","Estado de Resultados","Cibercafé","Servicios","Hora de internet | Impresión B/N | Impresión color | Escaneo | Trámite virtual | Revisión de tareas | Grabación USB | Fotocopias"
"Servicios/15-flujo-efectivo-indirecto-Cibercafe.xlsx","Flujo de Efectivo Indirecto","Cibercafé","Servicios","Hora de internet | Impresión B/N | Impresión color | Escaneo | Trámite virtual | Revisión de tareas | Grabación USB | Fotocopias"
"Servicios/16-conciliacion-bancaria-Cibercafe.xlsx","Conciliación Bancaria","Cibercafé","Servicios","Hora de internet | Impresión B/N | Impresión color | Escaneo | Trámite virtual | Revisión de tareas | Grabación USB | Fotocopias"
"Servicios/17-libro-diario-Cibercafe.xlsx","Libro Diario y Mayor","Cibercafé","Servicios","Hora de internet | Impresión B/N | Impresión color | Escaneo | Trámite virtual | Revisión de tareas | Grabación USB | Fotocopias"
"Servicios/18-ratios-financieros-Cibercafe.xlsx","Ratios Financieros","Cibercafé","Servicios","Hora de internet | Impresión B/N | Impresión color | Escaneo | Trámite virtual | Revisión de tareas | Grabación USB | Fotocopias"
"Servicios/19-control-tributario-Cibercafe.xlsx","Control Tributario","Cibercafé","Servicios","Hora de internet | Impresión B/N | Impresión color | Escaneo | Trámite virtual | Revisión de tareas | Grabación USB | Fotocopias"
"Servicios/20-presupuesto-centros-costo-Cibercafe.xlsx","Presupuesto Centros de Costo","Cibercafé","Servicios","Hora de internet | Impresión B/N | Impresión color | Escaneo | Trámite virtual | Revisión de tareas | Grabación USB | Fotocopias"
"Servicios/21-activos-fijos-Cibercafe.xlsx","Activos Fijos y Depreciación","Cibercafé","Servicios","Hora de internet | Impresión B/N | Impresión color | Escaneo | Trámite virtual | Revisión de tareas | Grabación USB | Fotocopias"
"Servicios/22-punto-equilibrio-Cibercafe.xlsx","Punto de Equilibrio","Cibercafé","Servicios","Hora de internet | Impresión B/N | Impresión color | Escaneo | Trámite virtual | Revisión de tareas | Grabación USB | Fotocopias"
"Servicios/23-estados-comparativos-Cibercafe.xlsx","Estados Comparativos 3 Años","Cibercafé","Servicios","Hora de internet | Impresión B/N | Impresión color | Escaneo | Trámite virtual | Revisión de tareas | Grabación USB | Fotocopias"
"Servicios/24-costeo-ordenes-Cibercafe.xlsx","Costeo porÓrdenes de Trabajo","Cibercafé","Servicios","Hora de internet | Impresión B/N | Impresión color | Escaneo | Trámite virtual | Revisión de tareas | Grabación USB | Fotocopias"
"Servicios/25-calculadora-cts-Cibercafe.xlsx","Calculadora CTS","Cibercafé","Servicios","Hora de internet | Impresión B/N | Impresión color | Escaneo | Trámite virtual | Revisión de tareas | Grabación USB | Fotocopias"
"Servicios/26-gratificaciones-Cibercafe.xlsx","Calculadora Gratificaciones","Cibercafé","Servicios","Hora de internet | Impresión B/N | Impresión color | Escaneo | Trámite virtual | Revisión de tareas | Grabación USB | Fotocopias"
"Servicios/27-amortizacion-Cibercafe.xlsx","Cuadro de Amortización","Cibercafé","Servicios","Hora de internet | Impresión B/N | Impresión color | Escaneo | Trámite virtual | Revisión de tareas | Grabación USB | Fotocopias"
"Servicios/28-vacaciones-Cibercafe.xlsx","Calculadora Vacaciones","Cibercafé","Servicios","Hora de internet | Impresión B/N | Impresión color | Escaneo | Trámite virtual | Revisión de tareas | Grabación USB | Fotocopias"
"Servicios/29-afp-onp-Cibercafe.xlsx","Calculadora AFP/ONP","Cibercafé","Servicios","Hora de internet | Impresión B/N | Impresión color | Escaneo | Trámite virtual | Revisión de tareas | Grabación USB | Fotocopias"
"Servicios/30-nomina-Cibercafe.xlsx","Calculadora Nómina","Cibercafé","Servicios","Hora de internet | Impresión B/N | Impresión color | Escaneo | Trámite virtual | Revisión de tareas | Grabación USB | Fotocopias"
"Servicios/31-roi-Cibercafe.xlsx","Calculadora ROI","Cibercafé","Servicios","Hora de internet | Impresión B/N | Impresión color | Escaneo | Trámite virtual | Revisión de tareas | Grabación USB | Fotocopias"
"Servicios/32-ipc-Cibercafe.xlsx","Calculadora IPC","Cibercafé","Servicios","Hora de internet | Impresión B/N | Impresión color | Escaneo | Trámite virtual | Revisión de tareas | Grabación USB | Fotocopias"
"Servicios/33-endeudamiento-Cibercafe.xlsx","Capacidad Endeudamiento","Cibercafé","Servicios","Hora de internet | Impresión B/N | Impresión color | Escaneo | Trámite virtual | Revisión de tareas | Grabación USB | Fotocopias"
"Servicios/34-proyeccion-flujo-Cibercafe.xlsx","Proyección Flujo de Caja","Cibercafé","Servicios","Hora de internet | Impresión B/N | Impresión color | Escaneo | Trámite virtual | Revisión de tareas | Grabación USB | Fotocopias"
"Servicios/01-dashboard-financiero-Imprenta.xlsx","Dashboard Financiero","Imprenta","Servicios","Volantes A5 x1000 | Tarjetas x100 | Afiches | Facturas y boletas | Polos estampados | Sellos | Lonas | Tripticos"
"Servicios/02-control-ventas-Imprenta.xlsx","Control de Ventas","Imprenta","Servicios","Volantes A5 x1000 | Tarjetas x100 | Afiches | Facturas y boletas | Polos estampados | Sellos | Lonas | Tripticos"
"Servicios/03-inventario-Imprenta.xlsx","Control de Inventario","Imprenta","Servicios","Volantes A5 x1000 | Tarjetas x100 | Afiches | Facturas y boletas | Polos estampados | Sellos | Lonas | Tripticos"
"Servicios/04-presupuesto-anual-Imprenta.xlsx","Presupuesto Anual","Imprenta","Servicios","Volantes A5 x1000 | Tarjetas x100 | Afiches | Facturas y boletas | Polos estampados | Sellos | Lonas | Tripticos"
"Servicios/05-flujo-de-caja-Imprenta.xlsx","Flujo de Caja","Imprenta","Servicios","Volantes A5 x1000 | Tarjetas x100 | Afiches | Facturas y boletas | Polos estampados | Sellos | Lonas | Tripticos"
"Servicios/06-gestion-proyectos-Imprenta.xlsx","Gestión de Proyectos","Imprenta","Servicios","Volantes A5 x1000 | Tarjetas x100 | Afiches | Facturas y boletas | Polos estampados | Sellos | Lonas | Tripticos"
"Servicios/07-analisis-kpis-Imprenta.xlsx","Análisis de KPIs","Imprenta","Servicios","Volantes A5 x1000 | Tarjetas x100 | Afiches | Facturas y boletas | Polos estampados | Sellos | Lonas | Tripticos"
"Servicios/08-control-gastos-Imprenta.xlsx","Control de Gastos","Imprenta","Servicios","Volantes A5 x1000 | Tarjetas x100 | Afiches | Facturas y boletas | Polos estampados | Sellos | Lonas | Tripticos"
"Servicios/09-planilla-personal-Imprenta.xlsx","Planilla de Personal","Imprenta","Servicios","Volantes A5 x1000 | Tarjetas x100 | Afiches | Facturas y boletas | Polos estampados | Sellos | Lonas | Tripticos"
"Servicios/10-cuentas-por-cobrar-Imprenta.xlsx","Cuentas por Cobrar","Imprenta","Servicios","Volantes A5 x1000 | Tarjetas x100 | Afiches | Facturas y boletas | Polos estampados | Sellos | Lonas | Tripticos"
"Servicios/11-caja-diaria-Imprenta.xlsx","Caja Diaria","Imprenta","Servicios","Volantes A5 x1000 | Tarjetas x100 | Afiches | Facturas y boletas | Polos estampados | Sellos | Lonas | Tripticos"
"Servicios/12-compras-proveedores-Imprenta.xlsx","Compras y Proveedores","Imprenta","Servicios","Volantes A5 x1000 | Tarjetas x100 | Afiches | Facturas y boletas | Polos estampados | Sellos | Lonas | Tripticos"
"Servicios/13-balance-general-Imprenta.xlsx","Balance General","Imprenta","Servicios","Volantes A5 x1000 | Tarjetas x100 | Afiches | Facturas y boletas | Polos estampados | Sellos | Lonas | Tripticos"
"Servicios/14-estado-resultados-Imprenta.xlsx","Estado de Resultados","Imprenta","Servicios","Volantes A5 x1000 | Tarjetas x100 | Afiches | Facturas y boletas | Polos estampados | Sellos | Lonas | Tripticos"
"Servicios/15-flujo-efectivo-indirecto-Imprenta.xlsx","Flujo de Efectivo Indirecto","Imprenta","Servicios","Volantes A5 x1000 | Tarjetas x100 | Afiches | Facturas y boletas | Polos estampados | Sellos | Lonas | Tripticos"
"Servicios/16-conciliacion-bancaria-Imprenta.xlsx","Conciliación Bancaria","Imprenta","Servicios","Volantes A5 x1000 | Tarjetas x100 | Afiches | Facturas y boletas | Polos estampados | Sellos | Lonas | Tripticos"
"Servicios/17-libro-diario-Imprenta.xlsx","Libro Diario y Mayor","Imprenta","Servicios","Volantes A5 x1000 | Tarjetas x100 | Afiches | Facturas y boletas | Polos estampados | Sellos | Lonas | Tripticos"
"Servicios/18-ratios-financieros-Imprenta.xlsx","Ratios Financieros","Imprenta","Servicios","Volantes A5 x1000 | Tarjetas x100 | Afiches | Facturas y boletas | Polos estampados | Sellos | Lonas | Tripticos"
"Servicios/19-control-tributario-Imprenta.xlsx","Control Tributario","Imprenta","Servicios","Volantes A5 x1000 | Tarjetas x100 | Afiches | Facturas y boletas | Polos estampados | Sellos | Lonas | Tripticos"
"Servicios/20-presupuesto-centros-costo-Imprenta.xlsx","Presupuesto Centros de Costo","Imprenta","Servicios","Volantes A5 x1000 | Tarjetas x100 | Afiches | Facturas y boletas | Polos estampados | Sellos | Lonas | Tripticos"
"Servicios/21-activos-fijos-Imprenta.xlsx","Activos Fijos y Depreciación","Imprenta","Servicios","Volantes A5 x1000 | Tarjetas x100 | Afiches | Facturas y boletas | Polos estampados | Sellos | Lonas | Tripticos"
"Servicios/22-punto-equilibrio-Imprenta.xlsx","Punto de Equilibrio","Imprenta","Servicios","Volantes A5 x1000 | Tarjetas x100 | Afiches | Facturas y boletas | Polos estampados | Sellos | Lonas | Tripticos"
"Servicios/23-estados-comparativos-Imprenta.xlsx","Estados Comparativos 3 Años","Imprenta","Servicios","Volantes A5 x1000 | Tarjetas x100 | Afiches | Facturas y boletas | Polos estampados | Sellos | Lonas | Tripticos"
"Servicios/24-costeo-ordenes-Imprenta.xlsx","Costeo porÓrdenes de Trabajo","Imprenta","Servicios","Volantes A5 x1000 | Tarjetas x100 | Afiches | Facturas y boletas | Polos estampados | Sellos | Lonas | Tripticos"
"Servicios/25-calculadora-cts-Imprenta.xlsx","Calculadora CTS","Imprenta","Servicios","Volantes A5 x1000 | Tarjetas x100 | Afiches | Facturas y boletas | Polos estampados | Sellos | Lonas | Tripticos"
"Servicios/26-gratificaciones-Imprenta.xlsx","Calculadora Gratificaciones","Imprenta","Servicios","Volantes A5 x1000 | Tarjetas x100 | Afiches | Facturas y boletas | Polos estampados | Sellos | Lonas | Tripticos"
"Servicios/27-amortizacion-Imprenta.xlsx","Cuadro de Amortización","Imprenta","Servicios","Volantes A5 x1000 | Tarjetas x100 | Afiches | Facturas y boletas | Polos estampados | Sellos | Lonas | Tripticos"
"Servicios/28-vacaciones-Imprenta.xlsx","Calculadora Vacaciones","Imprenta","Servicios","Volantes A5 x1000 | Tarjetas x100 | Afiches | Facturas y boletas | Polos estampados | Sellos | Lonas | Tripticos"
"Servicios/29-afp-onp-Imprenta.xlsx","Calculadora AFP/ONP","Imprenta","Servicios","Volantes A5 x1000 | Tarjetas x100 | Afiches | Facturas y boletas | Polos estampados | Sellos | Lonas | Tripticos"
"Servicios/30-nomina-Imprenta.xlsx","Calculadora Nómina","Imprenta","Servicios","Volantes A5 x1000 | Tarjetas x100 | Afiches | Facturas y boletas | Polos estampados | Sellos | Lonas | Tripticos"
"Servicios/31-roi-Imprenta.xlsx","Calculadora ROI","Imprenta","Servicios","Volantes A5 x1000 | Tarjetas x100 | Afiches | Facturas y boletas | Polos estampados | Sellos | Lonas | Tripticos"
"Servicios/32-ipc-Imprenta.xlsx","Calculadora IPC","Imprenta","Servicios","Volantes A5 x1000 | Tarjetas x100 | Afiches | Facturas y boletas | Polos estampados | Sellos | Lonas | Tripticos"
"Servicios/33-endeudamiento-Imprenta.xlsx","Capacidad Endeudamiento","Imprenta","Servicios","Volantes A5 x1000 | Tarjetas x100 | Afiches | Facturas y boletas | Polos estampados | Sellos | Lonas | Tripticos"
"Servicios/34-proyeccion-flujo-Imprenta.xlsx","Proyección Flujo de Caja","Imprenta","Servicios","Volantes A5 x1000 | Tarjetas x100 | Afiches | Facturas y boletas | Polos estampados | Sellos | Lonas | Tripticos"
"Servicios/01-dashboard-financiero-Agencia de Publicidad.xlsx","Dashboard Financiero","Agencia de Publicidad","Servicios","Manejo de redes | Diseño de logo | Campaña publicitaria | Video promocional | Fotografía de producto | Página web | Publicidad Meta | Publicidad Google"
"Servicios/02-control-ventas-Agencia de Publicidad.xlsx","Control de Ventas","Agencia de Publicidad","Servicios","Manejo de redes | Diseño de logo | Campaña publicitaria | Video promocional | Fotografía de producto | Página web | Publicidad Meta | Publicidad Google"
"Servicios/03-inventario-Agencia de Publicidad.xlsx","Control de Inventario","Agencia de Publicidad","Servicios","Manejo de redes | Diseño de logo | Campaña publicitaria | Video promocional | Fotografía de producto | Página web | Publicidad Meta | Publicidad Google"
"Servicios/04-presupuesto-anual-Agencia de Publicidad.xlsx","Presupuesto Anual","Agencia de Publicidad","Servicios","Manejo de redes | Diseño de logo | Campaña publicitaria | Video promocional | Fotografía de producto | Página web | Publicidad Meta | Publicidad Google"
"Servicios/05-flujo-de-caja-Agencia de Publicidad.xlsx","Flujo de Caja","Agencia de Publicidad","Servicios","Manejo de redes | Diseño de logo | Campaña publicitaria | Video promocional | Fotografía de producto | Página web | Publicidad Meta | Publicidad Google"
"Servicios/06-gestion-proyectos-Agencia de Publicidad.xlsx","Gestión de Proyectos","Agencia de Publicidad","Servicios","Manejo de redes | Diseño de logo | Campaña publicitaria | Video promocional | Fotografía de producto | Página web | Publicidad Meta | Publicidad Google"
"Servicios/07-analisis-kpis-Agencia de Publicidad.xlsx","Análisis de KPIs","Agencia de Publicidad","Servicios","Manejo de redes | Diseño de logo | Campaña publicitaria | Video promocional | Fotografía de producto | Página web | Publicidad Meta | Publicidad Google"
"Servicios/08-control-gastos-Agencia de Publicidad.xlsx","Control de Gastos","Agencia de Publicidad","Servicios","Manejo de redes | Diseño de logo | Campaña publicitaria | Video promocional | Fotografía de producto | Página web | Publicidad Meta | Publicidad Google"
"Servicios/09-planilla-personal-Agencia de Publicidad.xlsx","Planilla de Personal","Agencia de Publicidad","Servicios","Manejo de redes | Diseño de logo | Campaña publicitaria | Video promocional | Fotografía de producto | Página web | Publicidad Meta | Publicidad Google"
"Servicios/10-cuentas-por-cobrar-Agencia de Publicidad.xlsx","Cuentas por Cobrar","Agencia de Publicidad","Servicios","Manejo de redes | Diseño de logo | Campaña publicitaria | Video promocional | Fotografía de producto | Página web | Publicidad Meta | Publicidad Google"
"Servicios/11-caja-diaria-Agencia de Publicidad.xlsx","Caja Diaria","Agencia de Publicidad","Servicios","Manejo de redes | Diseño de logo | Campaña publicitaria | Video promocional | Fotografía de producto | Página web | Publicidad Meta | Publicidad Google"
"Servicios/12-compras-proveedores-Agencia de Publicidad.xlsx","Compras y Proveedores","Agencia de Publicidad","Servicios","Manejo de redes | Diseño de logo | Campaña publicitaria | Video promocional | Fotografía de producto | Página web | Publicidad Meta | Publicidad Google"
"Servicios/13-balance-general-Agencia de Publicidad.xlsx","Balance General","Agencia de Publicidad","Servicios","Manejo de redes | Diseño de logo | Campaña publicitaria | Video promocional | Fotografía de producto | Página web | Publicidad Meta | Publicidad Google"
"Servicios/14-estado-resultados-Agencia de Publicidad.xlsx","Estado de Resultados","Agencia de Publicidad","Servicios","Manejo de redes | Diseño de logo | Campaña publicitaria | Video promocional | Fotografía de producto | Página web | Publicidad Meta | Publicidad Google"
"Servicios/15-flujo-efectivo-indirecto-Agencia de Publicidad.xlsx","Flujo de Efectivo Indirecto","Agencia de Publicidad","Servicios","Manejo de redes | Diseño de logo | Campaña publicitaria | Video promocional | Fotografía de producto | Página web | Publicidad Meta | Publicidad Google"
"Servicios/16-conciliacion-bancaria-Agencia de Publicidad.xlsx","Conciliación Bancaria","Agencia de Publicidad","Servicios","Manejo de redes | Diseño de logo | Campaña publicitaria | Video promocional | Fotografía de producto | Página web | Publicidad Meta | Publicidad Google"
"Servicios/17-libro-diario-Agencia de Publicidad.xlsx","Libro Diario y Mayor","Agencia de Publicidad","Servicios","Manejo de redes | Diseño de logo | Campaña publicitaria | Video promocional | Fotografía de producto | Página web | Publicidad Meta | Publicidad Google"
"Servicios/18-ratios-financieros-Agencia de Publicidad.xlsx","Ratios Financieros","Agencia de Publicidad","Servicios","Manejo de redes | Diseño de logo | Campaña publicitaria | Video promocional | Fotografía de producto | Página web | Publicidad Meta | Publicidad Google"
"Servicios/19-control-tributario-Agencia de Publicidad.xlsx","Control Tributario","Agencia de Publicidad","Servicios","Manejo de redes | Diseño de logo | Campaña publicitaria | Video promocional | Fotografía de producto | Página web | Publicidad Meta | Publicidad Google"
"Servicios/20-presupuesto-centros-costo-Agencia de Publicidad.xlsx","Presupuesto Centros de Costo","Agencia de Publicidad","Servicios","Manejo de redes | Diseño de logo | Campaña publicitaria | Video promocional | Fotografía de producto | Página web | Publicidad Meta | Publicidad Google"
"Servicios/21-activos-fijos-Agencia de Publicidad.xlsx","Activos Fijos y Depreciación","Agencia de Publicidad","Servicios","Manejo de redes | Diseño de logo | Campaña publicitaria | Video promocional | Fotografía de producto | Página web | Publicidad Meta | Publicidad Google"
"Servicios/22-punto-equilibrio-Agencia de Publicidad.xlsx","Punto de Equilibrio","Agencia de Publicidad","Servicios","Manejo de redes | Diseño de logo | Campaña publicitaria | Video promocional | Fotografía de producto | Página web | Publicidad Meta | Publicidad Google"
"Servicios/23-estados-comparativos-Agencia de Publicidad.xlsx","Estados Comparativos 3 Años","Agencia de Publicidad","Servicios","Manejo de redes | Diseño de logo | Campaña publicitaria | Video promocional | Fotografía de producto | Página web | Publicidad Meta | Publicidad Google"
"Servicios/24-costeo-ordenes-Agencia de Publicidad.xlsx","Costeo porÓrdenes de Trabajo","Agencia de Publicidad","Servicios","Manejo de redes | Diseño de logo | Campaña publicitaria | Video promocional | Fotografía de producto | Página web | Publicidad Meta | Publicidad Google"
"Servicios/25-calculadora-cts-Agencia de Publicidad.xlsx","Calculadora CTS","Agencia de Publicidad","Servicios","Manejo de redes | Diseño de logo | Campaña publicitaria | Video promocional | Fotografía de producto | Página web | Publicidad Meta | Publicidad Google"
"Servicios/26-gratificaciones-Agencia de Publicidad.xlsx","Calculadora Gratificaciones","Agencia de Publicidad","Servicios","Manejo de redes | Diseño de logo | Campaña publicitaria | Video promocional | Fotografía de producto | Página web | Publicidad Meta | Publicidad Google"
"Servicios/27-amortizacion-Agencia de Publicidad.xlsx","Cuadro de Amortización","Agencia de Publicidad","Servicios","Manejo de redes | Diseño de logo | Campaña publicitaria | Video promocional | Fotografía de producto | Página web | Publicidad Meta | Publicidad Google"
"Servicios/28-vacaciones-Agencia de Publicidad.xlsx","Calculadora Vacaciones","Agencia de Publicidad","Servicios","Manejo de redes | Diseño de logo | Campaña publicitaria | Video promocional | Fotografía de producto | Página web | Publicidad Meta | Publicidad Google"
"Servicios/29-afp-onp-Agencia de Publicidad.xlsx","Calculadora AFP/ONP","Agencia de Publicidad","Servicios","Manejo de redes | Diseño de logo | Campaña publicitaria | Video promocional | Fotografía de producto | Página web | Publicidad Meta | Publicidad Google"
"Servicios/30-nomina-Agencia de Publicidad.xlsx","Calculadora Nómina","Agencia de Publicidad","Servicios","Manejo de redes | Diseño de logo | Campaña publicitaria | Video promocional | Fotografía de producto | Página web | Publicidad Meta | Publicidad Google"
"Servicios/31-roi-Agencia de Publicidad.xlsx","Calculadora ROI","Agencia de Publicidad","Servicios","Manejo de redes | Diseño de logo | Campaña publicitaria | Video promocional | Fotografía de producto | Página web | Publicidad Meta | Publicidad Google"
"Servicios/32-ipc-Agencia de Publicidad.xlsx","Calculadora IPC","Agencia de Publicidad","Servicios","Manejo de redes | Diseño de logo | Campaña publicitaria | Video promocional | Fotografía de producto | Página web | Publicidad Meta | Publicidad Google"
"Servicios/33-endeudamiento-Agencia de Publicidad.xlsx","Capacidad Endeudamiento","Agencia de Publicidad","Servicios","Manejo de redes | Diseño de logo | Campaña publicitaria | Video promocional | Fotografía de producto | Página web | Publicidad Meta | Publicidad Google"
"Servicios/34-proyeccion-flujo-Agencia de Publicidad.xlsx","Proyección Flujo de Caja","Agencia de Publicidad","Servicios","Manejo de redes | Diseño de logo | Campaña publicitaria | Video promocional | Fotografía de producto | Página web | Publicidad Meta | Publicidad Google"
"Servicios/01-dashboard-financiero-Estudio Fotografico.xlsx","Dashboard Financiero","Estudio Fotográfico","Servicios","Sesión individual | Sesión familiar | Foto de producto | Maternidad | Pre boda | Cumpleaños infantil | Graduación | Book personal"
"Servicios/02-control-ventas-Estudio Fotografico.xlsx","Control de Ventas","Estudio Fotográfico","Servicios","Sesión individual | Sesión familiar | Foto de producto | Maternidad | Pre boda | Cumpleaños infantil | Graduación | Book personal"
"Servicios/03-inventario-Estudio Fotografico.xlsx","Control de Inventario","Estudio Fotográfico","Servicios","Sesión individual | Sesión familiar | Foto de producto | Maternidad | Pre boda | Cumpleaños infantil | Graduación | Book personal"
"Servicios/04-presupuesto-anual-Estudio Fotografico.xlsx","Presupuesto Anual","Estudio Fotográfico","Servicios","Sesión individual | Sesión familiar | Foto de producto | Maternidad | Pre boda | Cumpleaños infantil | Graduación | Book personal"
"Servicios/05-flujo-de-caja-Estudio Fotografico.xlsx","Flujo de Caja","Estudio Fotográfico","Servicios","Sesión individual | Sesión familiar | Foto de producto | Maternidad | Pre boda | Cumpleaños infantil | Graduación | Book personal"
"Servicios/06-gestion-proyectos-Estudio Fotografico.xlsx","Gestión de Proyectos","Estudio Fotográfico","Servicios","Sesión individual | Sesión familiar | Foto de producto | Maternidad | Pre boda | Cumpleaños infantil | Graduación | Book personal"
"Servicios/07-analisis-kpis-Estudio Fotografico.xlsx","Análisis de KPIs","Estudio Fotográfico","Servicios","Sesión individual | Sesión familiar | Foto de producto | Maternidad | Pre boda | Cumpleaños infantil | Graduación | Book personal"
"Servicios/08-control-gastos-Estudio Fotografico.xlsx","Control de Gastos","Estudio Fotográfico","Servicios","Sesión individual | Sesión familiar | Foto de producto | Maternidad | Pre boda | Cumpleaños infantil | Graduación | Book personal"
"Servicios/09-planilla-personal-Estudio Fotografico.xlsx","Planilla de Personal","Estudio Fotográfico","Servicios","Sesión individual | Sesión familiar | Foto de producto | Maternidad | Pre boda | Cumpleaños infantil | Graduación | Book personal"
"Servicios/10-cuentas-por-cobrar-Estudio Fotografico.xlsx","Cuentas por Cobrar","Estudio Fotográfico","Servicios","Sesión individual | Sesión familiar | Foto de producto | Maternidad | Pre boda | Cumpleaños infantil | Graduación | Book personal"
"Servicios/11-caja-diaria-Estudio Fotografico.xlsx","Caja Diaria","Estudio Fotográfico","Servicios","Sesión individual | Sesión familiar | Foto de producto | Maternidad | Pre boda | Cumpleaños infantil | Graduación | Book personal"
"Servicios/12-compras-proveedores-Estudio Fotografico.xlsx","Compras y Proveedores","Estudio Fotográfico","Servicios","Sesión individual | Sesión familiar | Foto de producto | Maternidad | Pre boda | Cumpleaños infantil | Graduación | Book personal"
"Servicios/13-balance-general-Estudio Fotografico.xlsx","Balance General","Estudio Fotográfico","Servicios","Sesión individual | Sesión familiar | Foto de producto | Maternidad | Pre boda | Cumpleaños infantil | Graduación | Book personal"
"Servicios/14-estado-resultados-Estudio Fotografico.xlsx","Estado de Resultados","Estudio Fotográfico","Servicios","Sesión individual | Sesión familiar | Foto de producto | Maternidad | Pre boda | Cumpleaños infantil | Graduación | Book personal"
"Servicios/15-flujo-efectivo-indirecto-Estudio Fotografico.xlsx","Flujo de Efectivo Indirecto","Estudio Fotográfico","Servicios","Sesión individual | Sesión familiar | Foto de producto | Maternidad | Pre boda | Cumpleaños infantil | Graduación | Book personal"
"Servicios/16-conciliacion-bancaria-Estudio Fotografico.xlsx","Conciliación Bancaria","Estudio Fotográfico","Servicios","Sesión individual | Sesión familiar | Foto de producto | Maternidad | Pre boda | Cumpleaños infantil | Graduación | Book personal"
"Servicios/17-libro-diario-Estudio Fotografico.xlsx","Libro Diario y Mayor","Estudio Fotográfico","Servicios","Sesión individual | Sesión familiar | Foto de producto | Maternidad | Pre boda | Cumpleaños infantil | Graduación | Book personal"
"Servicios/18-ratios-financieros-Estudio Fotografico.xlsx","Ratios Financieros","Estudio Fotográfico","Servicios","Sesión individual | Sesión familiar | Foto de producto | Maternidad | Pre boda | Cumpleaños infantil | Graduación | Book personal"
"Servicios/19-control-tributario-Estudio Fotografico.xlsx","Control Tributario","Estudio Fotográfico","Servicios","Sesión individual | Sesión familiar | Foto de producto | Maternidad | Pre boda | Cumpleaños infantil | Graduación | Book personal"
"Servicios/20-presupuesto-centros-costo-Estudio Fotografico.xlsx","Presupuesto Centros de Costo","Estudio Fotográfico","Servicios","Sesión individual | Sesión familiar | Foto de producto | Maternidad | Pre boda | Cumpleaños infantil | Graduación | Book personal"
"Servicios/21-activos-fijos-Estudio Fotografico.xlsx","Activos Fijos y Depreciación","Estudio Fotográfico","Servicios","Sesión individual | Sesión familiar | Foto de producto | Maternidad | Pre boda | Cumpleaños infantil | Graduación | Book personal"
"Servicios/22-punto-equilibrio-Estudio Fotografico.xlsx","Punto de Equilibrio","Estudio Fotográfico","Servicios","Sesión individual | Sesión familiar | Foto de producto | Maternidad | Pre boda | Cumpleaños infantil | Graduación | Book personal"
"Servicios/23-estados-comparativos-Estudio Fotografico.xlsx","Estados Comparativos 3 Años","Estudio Fotográfico","Servicios","Sesión individual | Sesión familiar | Foto de producto | Maternidad | Pre boda | Cumpleaños infantil | Graduación | Book personal"
"Servicios/24-costeo-ordenes-Estudio Fotografico.xlsx","Costeo porÓrdenes de Trabajo","Estudio Fotográfico","Servicios","Sesión individual | Sesión familiar | Foto de producto | Maternidad | Pre boda | Cumpleaños infantil | Graduación | Book personal"
"Servicios/25-calculadora-cts-Estudio Fotografico.xlsx","Calculadora CTS","Estudio Fotográfico","Servicios","Sesión individual | Sesión familiar | Foto de producto | Maternidad | Pre boda | Cumpleaños infantil | Graduación | Book personal"
"Servicios/26-gratificaciones-Estudio Fotografico.xlsx","Calculadora Gratificaciones","Estudio Fotográfico","Servicios","Sesión individual | Sesión familiar | Foto de producto | Maternidad | Pre boda | Cumpleaños infantil | Graduación | Book personal"
"Servicios/27-amortizacion-Estudio Fotografico.xlsx","Cuadro de Amortización","Estudio Fotográfico","Servicios","Sesión individual | Sesión familiar | Foto de producto | Maternidad | Pre boda | Cumpleaños infantil | Graduación | Book personal"
"Servicios/28-vacaciones-Estudio Fotografico.xlsx","Calculadora Vacaciones","Estudio Fotográfico","Servicios","Sesión individual | Sesión familiar | Foto de producto | Maternidad | Pre boda | Cumpleaños infantil | Graduación | Book personal"
"Servicios/29-afp-onp-Estudio Fotografico.xlsx","Calculadora AFP/ONP","Estudio Fotográfico","Servicios","Sesión individual | Sesión familiar | Foto de producto | Maternidad | Pre boda | Cumpleaños infantil | Graduación | Book personal"
"Servicios/30-nomina-Estudio Fotografico.xlsx","Calculadora Nómina","Estudio Fotográfico","Servicios","Sesión individual | Sesión familiar | Foto de producto | Maternidad | Pre boda | Cumpleaños infantil | Graduación | Book personal"
"Servicios/31-roi-Estudio Fotografico.xlsx","Calculadora ROI","Estudio Fotográfico","Servicios","Sesión individual | Sesión familiar | Foto de producto | Maternidad | Pre boda | Cumpleaños infantil | Graduación | Book personal"
"Servicios/32-ipc-Estudio Fotografico.xlsx","Calculadora IPC","Estudio Fotográfico","Servicios","Sesión individual | Sesión familiar | Foto de producto | Maternidad | Pre boda | Cumpleaños infantil | Graduación | Book personal"
"Servicios/33-endeudamiento-Estudio Fotografico.xlsx","Capacidad Endeudamiento","Estudio Fotográfico","Servicios","Sesión individual | Sesión familiar | Foto de producto | Maternidad | Pre boda | Cumpleaños infantil | Graduación | Book personal"
"Servicios/34-proyeccion-flujo-Estudio Fotografico.xlsx","Proyección Flujo de Caja","Estudio Fotográfico","Servicios","Sesión individual | Sesión familiar | Foto de producto | Maternidad | Pre boda | Cumpleaños infantil | Graduación | Book personal"
"Servicios/01-dashboard-financiero-Eventos y Catering.xlsx","Dashboard Financiero","Eventos y Catering","Servicios","Catering x50 personas | Catering x100 | Alquiler de mesas | Alquiler de sillas | Carpa | Sonido | Decoración | Show artístico"
"Servicios/02-control-ventas-Eventos y Catering.xlsx","Control de Ventas","Eventos y Catering","Servicios","Catering x50 personas | Catering x100 | Alquiler de mesas | Alquiler de sillas | Carpa | Sonido | Decoración | Show artístico"
"Servicios/03-inventario-Eventos y Catering.xlsx","Control de Inventario","Eventos y Catering","Servicios","Catering x50 personas | Catering x100 | Alquiler de mesas | Alquiler de sillas | Carpa | Sonido | Decoración | Show artístico"
"Servicios/04-presupuesto-anual-Eventos y Catering.xlsx","Presupuesto Anual","Eventos y Catering","Servicios","Catering x50 personas | Catering x100 | Alquiler de mesas | Alquiler de sillas | Carpa | Sonido | Decoración | Show artístico"
"Servicios/05-flujo-de-caja-Eventos y Catering.xlsx","Flujo de Caja","Eventos y Catering","Servicios","Catering x50 personas | Catering x100 | Alquiler de mesas | Alquiler de sillas | Carpa | Sonido | Decoración | Show artístico"
"Servicios/06-gestion-proyectos-Eventos y Catering.xlsx","Gestión de Proyectos","Eventos y Catering","Servicios","Catering x50 personas | Catering x100 | Alquiler de mesas | Alquiler de sillas | Carpa | Sonido | Decoración | Show artístico"
"Servicios/07-analisis-kpis-Eventos y Catering.xlsx","Análisis de KPIs","Eventos y Catering","Servicios","Catering x50 personas | Catering x100 | Alquiler de mesas | Alquiler de sillas | Carpa | Sonido | Decoración | Show artístico"
"Servicios/08-control-gastos-Eventos y Catering.xlsx","Control de Gastos","Eventos y Catering","Servicios","Catering x50 personas | Catering x100 | Alquiler de mesas | Alquiler de sillas | Carpa | Sonido | Decoración | Show artístico"
"Servicios/09-planilla-personal-Eventos y Catering.xlsx","Planilla de Personal","Eventos y Catering","Servicios","Catering x50 personas | Catering x100 | Alquiler de mesas | Alquiler de sillas | Carpa | Sonido | Decoración | Show artístico"
"Servicios/10-cuentas-por-cobrar-Eventos y Catering.xlsx","Cuentas por Cobrar","Eventos y Catering","Servicios","Catering x50 personas | Catering x100 | Alquiler de mesas | Alquiler de sillas | Carpa | Sonido | Decoración | Show artístico"
"Servicios/11-caja-diaria-Eventos y Catering.xlsx","Caja Diaria","Eventos y Catering","Servicios","Catering x50 personas | Catering x100 | Alquiler de mesas | Alquiler de sillas | Carpa | Sonido | Decoración | Show artístico"
"Servicios/12-compras-proveedores-Eventos y Catering.xlsx","Compras y Proveedores","Eventos y Catering","Servicios","Catering x50 personas | Catering x100 | Alquiler de mesas | Alquiler de sillas | Carpa | Sonido | Decoración | Show artístico"
"Servicios/13-balance-general-Eventos y Catering.xlsx","Balance General","Eventos y Catering","Servicios","Catering x50 personas | Catering x100 | Alquiler de mesas | Alquiler de sillas | Carpa | Sonido | Decoración | Show artístico"
"Servicios/14-estado-resultados-Eventos y Catering.xlsx","Estado de Resultados","Eventos y Catering","Servicios","Catering x50 personas | Catering x100 | Alquiler de mesas | Alquiler de sillas | Carpa | Sonido | Decoración | Show artístico"
"Servicios/15-flujo-efectivo-indirecto-Eventos y Catering.xlsx","Flujo de Efectivo Indirecto","Eventos y Catering","Servicios","Catering x50 personas | Catering x100 | Alquiler de mesas | Alquiler de sillas | Carpa | Sonido | Decoración | Show artístico"
"Servicios/16-conciliacion-bancaria-Eventos y Catering.xlsx","Conciliación Bancaria","Eventos y Catering","Servicios","Catering x50 personas | Catering x100 | Alquiler de mesas | Alquiler de sillas | Carpa | Sonido | Decoración | Show artístico"
"Servicios/17-libro-diario-Eventos y Catering.xlsx","Libro Diario y Mayor","Eventos y Catering","Servicios","Catering x50 personas | Catering x100 | Alquiler de mesas | Alquiler de sillas | Carpa | Sonido | Decoración | Show artístico"
"Servicios/18-ratios-financieros-Eventos y Catering.xlsx","Ratios Financieros","Eventos y Catering","Servicios","Catering x50 personas | Catering x100 | Alquiler de mesas | Alquiler de sillas | Carpa | Sonido | Decoración | Show artístico"
"Servicios/19-control-tributario-Eventos y Catering.xlsx","Control Tributario","Eventos y Catering","Servicios","Catering x50 personas | Catering x100 | Alquiler de mesas | Alquiler de sillas | Carpa | Sonido | Decoración | Show artístico"
"Servicios/20-presupuesto-centros-costo-Eventos y Catering.xlsx","Presupuesto Centros de Costo","Eventos y Catering","Servicios","Catering x50 personas | Catering x100 | Alquiler de mesas | Alquiler de sillas | Carpa | Sonido | Decoración | Show artístico"
"Servicios/21-activos-fijos-Eventos y Catering.xlsx","Activos Fijos y Depreciación","Eventos y Catering","Servicios","Catering x50 personas | Catering x100 | Alquiler de mesas | Alquiler de sillas | Carpa | Sonido | Decoración | Show artístico"
"Servicios/22-punto-equilibrio-Eventos y Catering.xlsx","Punto de Equilibrio","Eventos y Catering","Servicios","Catering x50 personas | Catering x100 | Alquiler de mesas | Alquiler de sillas | Carpa | Sonido | Decoración | Show artístico"
"Servicios/23-estados-comparativos-Eventos y Catering.xlsx","Estados Comparativos 3 Años","Eventos y Catering","Servicios","Catering x50 personas | Catering x100 | Alquiler de mesas | Alquiler de sillas | Carpa | Sonido | Decoración | Show artístico"
"Servicios/24-costeo-ordenes-Eventos y Catering.xlsx","Costeo porÓrdenes de Trabajo","Eventos y Catering","Servicios","Catering x50 personas | Catering x100 | Alquiler de mesas | Alquiler de sillas | Carpa | Sonido | Decoración | Show artístico"
"Servicios/25-calculadora-cts-Eventos y Catering.xlsx","Calculadora CTS","Eventos y Catering","Servicios","Catering x50 personas | Catering x100 | Alquiler de mesas | Alquiler de sillas | Carpa | Sonido | Decoración | Show artístico"
"Servicios/26-gratificaciones-Eventos y Catering.xlsx","Calculadora Gratificaciones","Eventos y Catering","Servicios","Catering x50 personas | Catering x100 | Alquiler de mesas | Alquiler de sillas | Carpa | Sonido | Decoración | Show artístico"
"Servicios/27-amortizacion-Eventos y Catering.xlsx","Cuadro de Amortización","Eventos y Catering","Servicios","Catering x50 personas | Catering x100 | Alquiler de mesas | Alquiler de sillas | Carpa | Sonido | Decoración | Show artístico"
"Servicios/28-vacaciones-Eventos y Catering.xlsx","Calculadora Vacaciones","Eventos y Catering","Servicios","Catering x50 personas | Catering x100 | Alquiler de mesas | Alquiler de sillas | Carpa | Sonido | Decoración | Show artístico"
"Servicios/29-afp-onp-Eventos y Catering.xlsx","Calculadora AFP/ONP","Eventos y Catering","Servicios","Catering x50 personas | Catering x100 | Alquiler de mesas | Alquiler de sillas | Carpa | Sonido | Decoración | Show artístico"
"Servicios/30-nomina-Eventos y Catering.xlsx","Calculadora Nómina","Eventos y Catering","Servicios","Catering x50 personas | Catering x100 | Alquiler de mesas | Alquiler de sillas | Carpa | Sonido | Decoración | Show artístico"
"Servicios/31-roi-Eventos y Catering.xlsx","Calculadora ROI","Eventos y Catering","Servicios","Catering x50 personas | Catering x100 | Alquiler de mesas | Alquiler de sillas | Carpa | Sonido | Decoración | Show artístico"
"Servicios/32-ipc-Eventos y Catering.xlsx","Calculadora IPC","Eventos y Catering","Servicios","Catering x50 personas | Catering x100 | Alquiler de mesas | Alquiler de sillas | Carpa | Sonido | Decoración | Show artístico"
"Servicios/33-endeudamiento-Eventos y Catering.xlsx","Capacidad Endeudamiento","Eventos y Catering","Servicios","Catering x50 personas | Catering x100 | Alquiler de mesas | Alquiler de sillas | Carpa | Sonido | Decoración | Show artístico"
"Servicios/34-proyeccion-flujo-Eventos y Catering.xlsx","Proyección Flujo de Caja","Eventos y Catering","Servicios","Catering x50 personas | Catering x100 | Alquiler de mesas | Alquiler de sillas | Carpa | Sonido | Decoración | Show artístico"
"Servicios/01-dashboard-financiero-Floreria.xlsx","Dashboard Financiero","Florería","Servicios","Ramo de rosas | Arreglo floral | Caja floral | Corona funeraria | Planta ornamental | Ramo de cumpleaños | Decoración de evento | Tulipanes importados"
"Servicios/02-control-ventas-Floreria.xlsx","Control de Ventas","Florería","Servicios","Ramo de rosas | Arreglo floral | Caja floral | Corona funeraria | Planta ornamental | Ramo de cumpleaños | Decoración de evento | Tulipanes importados"
"Servicios/03-inventario-Floreria.xlsx","Control de Inventario","Florería","Servicios","Ramo de rosas | Arreglo floral | Caja floral | Corona funeraria | Planta ornamental | Ramo de cumpleaños | Decoración de evento | Tulipanes importados"
"Servicios/04-presupuesto-anual-Floreria.xlsx","Presupuesto Anual","Florería","Servicios","Ramo de rosas | Arreglo floral | Caja floral | Corona funeraria | Planta ornamental | Ramo de cumpleaños | Decoración de evento | Tulipanes importados"
"Servicios/05-flujo-de-caja-Floreria.xlsx","Flujo de Caja","Florería","Servicios","Ramo de rosas | Arreglo floral | Caja floral | Corona funeraria | Planta ornamental | Ramo de cumpleaños | Decoración de evento | Tulipanes importados"
"Servicios/06-gestion-proyectos-Floreria.xlsx","Gestión de Proyectos","Florería","Servicios","Ramo de rosas | Arreglo floral | Caja floral | Corona funeraria | Planta ornamental | Ramo de cumpleaños | Decoración de evento | Tulipanes importados"
"Servicios/07-analisis-kpis-Floreria.xlsx","Análisis de KPIs","Florería","Servicios","Ramo de rosas | Arreglo floral | Caja floral | Corona funeraria | Planta ornamental | Ramo de cumpleaños | Decoración de evento | Tulipanes importados"
"Servicios/08-control-gastos-Floreria.xlsx","Control de Gastos","Florería","Servicios","Ramo de rosas | Arreglo floral | Caja floral | Corona funeraria | Planta ornamental | Ramo de cumpleaños | Decoración de evento | Tulipanes importados"
"Servicios/09-planilla-personal-Floreria.xlsx","Planilla de Personal","Florería","Servicios","Ramo de rosas | Arreglo floral | Caja floral | Corona funeraria | Planta ornamental | Ramo de cumpleaños | Decoración de evento | Tulipanes importados"
"Servicios/10-cuentas-por-cobrar-Floreria.xlsx","Cuentas por Cobrar","Florería","Servicios","Ramo de rosas | Arreglo floral | Caja floral | Corona funeraria | Planta ornamental | Ramo de cumpleaños | Decoración de evento | Tulipanes importados"
"Servicios/11-caja-diaria-Floreria.xlsx","Caja Diaria","Florería","Servicios","Ramo de rosas | Arreglo floral | Caja floral | Corona funeraria | Planta ornamental | Ramo de cumpleaños | Decoración de evento | Tulipanes importados"
"Servicios/12-compras-proveedores-Floreria.xlsx","Compras y Proveedores","Florería","Servicios","Ramo de rosas | Arreglo floral | Caja floral | Corona funeraria | Planta ornamental | Ramo de cumpleaños | Decoración de evento | Tulipanes importados"
"Servicios/13-balance-general-Floreria.xlsx","Balance General","Florería","Servicios","Ramo de rosas | Arreglo floral | Caja floral | Corona funeraria | Planta ornamental | Ramo de cumpleaños | Decoración de evento | Tulipanes importados"
"Servicios/14-estado-resultados-Floreria.xlsx","Estado de Resultados","Florería","Servicios","Ramo de rosas | Arreglo floral | Caja floral | Corona funeraria | Planta ornamental | Ramo de cumpleaños | Decoración de evento | Tulipanes importados"
"Servicios/15-flujo-efectivo-indirecto-Floreria.xlsx","Flujo de Efectivo Indirecto","Florería","Servicios","Ramo de rosas | Arreglo floral | Caja floral | Corona funeraria | Planta ornamental | Ramo de cumpleaños | Decoración de evento | Tulipanes importados"
"Servicios/16-conciliacion-bancaria-Floreria.xlsx","Conciliación Bancaria","Florería","Servicios","Ramo de rosas | Arreglo floral | Caja floral | Corona funeraria | Planta ornamental | Ramo de cumpleaños | Decoración de evento | Tulipanes importados"
"Servicios/17-libro-diario-Floreria.xlsx","Libro Diario y Mayor","Florería","Servicios","Ramo de rosas | Arreglo floral | Caja floral | Corona funeraria | Planta ornamental | Ramo de cumpleaños | Decoración de evento | Tulipanes importados"
"Servicios/18-ratios-financieros-Floreria.xlsx","Ratios Financieros","Florería","Servicios","Ramo de rosas | Arreglo floral | Caja floral | Corona funeraria | Planta ornamental | Ramo de cumpleaños | Decoración de evento | Tulipanes importados"
"Servicios/19-control-tributario-Floreria.xlsx","Control Tributario","Florería","Servicios","Ramo de rosas | Arreglo floral | Caja floral | Corona funeraria | Planta ornamental | Ramo de cumpleaños | Decoración de evento | Tulipanes importados"
"Servicios/20-presupuesto-centros-costo-Floreria.xlsx","Presupuesto Centros de Costo","Florería","Servicios","Ramo de rosas | Arreglo floral | Caja floral | Corona funeraria | Planta ornamental | Ramo de cumpleaños | Decoración de evento | Tulipanes importados"
"Servicios/21-activos-fijos-Floreria.xlsx","Activos Fijos y Depreciación","Florería","Servicios","Ramo de rosas | Arreglo floral | Caja floral | Corona funeraria | Planta ornamental | Ramo de cumpleaños | Decoración de evento | Tulipanes importados"
"Servicios/22-punto-equilibrio-Floreria.xlsx","Punto de Equilibrio","Florería","Servicios","Ramo de rosas | Arreglo floral | Caja floral | Corona funeraria | Planta ornamental | Ramo de cumpleaños | Decoración de evento | Tulipanes importados"
"Servicios/23-estados-comparativos-Floreria.xlsx","Estados Comparativos 3 Años","Florería","Servicios","Ramo de rosas | Arreglo floral | Caja floral | Corona funeraria | Planta ornamental | Ramo de cumpleaños | Decoración de evento | Tulipanes importados"
"Servicios/24-costeo-ordenes-Floreria.xlsx","Costeo porÓrdenes de Trabajo","Florería","Servicios","Ramo de rosas | Arreglo floral | Caja floral | Corona funeraria | Planta ornamental | Ramo de cumpleaños | Decoración de evento | Tulipanes importados"
"Servicios/25-calculadora-cts-Floreria.xlsx","Calculadora CTS","Florería","Servicios","Ramo de rosas | Arreglo floral | Caja floral | Corona funeraria | Planta ornamental | Ramo de cumpleaños | Decoración de evento | Tulipanes importados"
"Servicios/26-gratificaciones-Floreria.xlsx","Calculadora Gratificaciones","Florería","Servicios","Ramo de rosas | Arreglo floral | Caja floral | Corona funeraria | Planta ornamental | Ramo de cumpleaños | Decoración de evento | Tulipanes importados"
"Servicios/27-amortizacion-Floreria.xlsx","Cuadro de Amortización","Florería","Servicios","Ramo de rosas | Arreglo floral | Caja floral | Corona funeraria | Planta ornamental | Ramo de cumpleaños | Decoración de evento | Tulipanes importados"
"Servicios/28-vacaciones-Floreria.xlsx","Calculadora Vacaciones","Florería","Servicios","Ramo de rosas | Arreglo floral | Caja floral | Corona funeraria | Planta ornamental | Ramo de cumpleaños | Decoración de evento | Tulipanes importados"
"Servicios/29-afp-onp-Floreria.xlsx","Calculadora AFP/ONP","Florería","Servicios","Ramo de rosas | Arreglo floral | Caja floral | Corona funeraria | Planta ornamental | Ramo de cumpleaños | Decoración de evento | Tulipanes importados"
"Servicios/30-nomina-Floreria.xlsx","Calculadora Nómina","Florería","Servicios","Ramo de rosas | Arreglo floral | Caja floral | Corona funeraria | Planta ornamental | Ramo de cumpleaños | Decoración de evento | Tulipanes importados"
"Servicios/31-roi-Floreria.xlsx","Calculadora ROI","Florería","Servicios","Ramo de rosas | Arreglo floral | Caja floral | Corona funeraria | Planta ornamental | Ramo de cumpleaños | Decoración de evento | Tulipanes importados"
"Servicios/32-ipc-Floreria.xlsx","Calculadora IPC","Florería","Servicios","Ramo de rosas | Arreglo floral | Caja floral | Corona funeraria | Planta ornamental | Ramo de cumpleaños | Decoración de evento | Tulipanes importados"
"Servicios/33-endeudamiento-Floreria.xlsx","Capacidad Endeudamiento","Florería","Servicios","Ramo de rosas | Arreglo floral | Caja floral | Corona funeraria | Planta ornamental | Ramo de cumpleaños | Decoración de evento | Tulipanes importados"
"Servicios/34-proyeccion-flujo-Floreria.xlsx","Proyección Flujo de Caja","Florería","Servicios","Ramo de rosas | Arreglo floral | Caja floral | Corona funeraria | Planta ornamental | Ramo de cumpleaños | Decoración de evento | Tulipanes importados"
"Servicios/01-dashboard-financiero-Vivero.xlsx","Dashboard Financiero","Vivero","Servicios","Planta ornamental | Tierra vegetal | Macetas | Fertilizante | Semillas | Césped | Abono orgánico | Poda de plantas"
"Servicios/02-control-ventas-Vivero.xlsx","Control de Ventas","Vivero","Servicios","Planta ornamental | Tierra vegetal | Macetas | Fertilizante | Semillas | Césped | Abono orgánico | Poda de plantas"
"Servicios/03-inventario-Vivero.xlsx","Control de Inventario","Vivero","Servicios","Planta ornamental | Tierra vegetal | Macetas | Fertilizante | Semillas | Césped | Abono orgánico | Poda de plantas"
"Servicios/04-presupuesto-anual-Vivero.xlsx","Presupuesto Anual","Vivero","Servicios","Planta ornamental | Tierra vegetal | Macetas | Fertilizante | Semillas | Césped | Abono orgánico | Poda de plantas"
"Servicios/05-flujo-de-caja-Vivero.xlsx","Flujo de Caja","Vivero","Servicios","Planta ornamental | Tierra vegetal | Macetas | Fertilizante | Semillas | Césped | Abono orgánico | Poda de plantas"
"Servicios/06-gestion-proyectos-Vivero.xlsx","Gestión de Proyectos","Vivero","Servicios","Planta ornamental | Tierra vegetal | Macetas | Fertilizante | Semillas | Césped | Abono orgánico | Poda de plantas"
"Servicios/07-analisis-kpis-Vivero.xlsx","Análisis de KPIs","Vivero","Servicios","Planta ornamental | Tierra vegetal | Macetas | Fertilizante | Semillas | Césped | Abono orgánico | Poda de plantas"
"Servicios/08-control-gastos-Vivero.xlsx","Control de Gastos","Vivero","Servicios","Planta ornamental | Tierra vegetal | Macetas | Fertilizante | Semillas | Césped | Abono orgánico | Poda de plantas"
"Servicios/09-planilla-personal-Vivero.xlsx","Planilla de Personal","Vivero","Servicios","Planta ornamental | Tierra vegetal | Macetas | Fertilizante | Semillas | Césped | Abono orgánico | Poda de plantas"
"Servicios/10-cuentas-por-cobrar-Vivero.xlsx","Cuentas por Cobrar","Vivero","Servicios","Planta ornamental | Tierra vegetal | Macetas | Fertilizante | Semillas | Césped | Abono orgánico | Poda de plantas"
"Servicios/11-caja-diaria-Vivero.xlsx","Caja Diaria","Vivero","Servicios","Planta ornamental | Tierra vegetal | Macetas | Fertilizante | Semillas | Césped | Abono orgánico | Poda de plantas"
"Servicios/12-compras-proveedores-Vivero.xlsx","Compras y Proveedores","Vivero","Servicios","Planta ornamental | Tierra vegetal | Macetas | Fertilizante | Semillas | Césped | Abono orgánico | Poda de plantas"
"Servicios/13-balance-general-Vivero.xlsx","Balance General","Vivero","Servicios","Planta ornamental | Tierra vegetal | Macetas | Fertilizante | Semillas | Césped | Abono orgánico | Poda de plantas"
"Servicios/14-estado-resultados-Vivero.xlsx","Estado de Resultados","Vivero","Servicios","Planta ornamental | Tierra vegetal | Macetas | Fertilizante | Semillas | Césped | Abono orgánico | Poda de plantas"
"Servicios/15-flujo-efectivo-indirecto-Vivero.xlsx","Flujo de Efectivo Indirecto","Vivero","Servicios","Planta ornamental | Tierra vegetal | Macetas | Fertilizante | Semillas | Césped | Abono orgánico | Poda de plantas"
"Servicios/16-conciliacion-bancaria-Vivero.xlsx","Conciliación Bancaria","Vivero","Servicios","Planta ornamental | Tierra vegetal | Macetas | Fertilizante | Semillas | Césped | Abono orgánico | Poda de plantas"
"Servicios/17-libro-diario-Vivero.xlsx","Libro Diario y Mayor","Vivero","Servicios","Planta ornamental | Tierra vegetal | Macetas | Fertilizante | Semillas | Césped | Abono orgánico | Poda de plantas"
"Servicios/18-ratios-financieros-Vivero.xlsx","Ratios Financieros","Vivero","Servicios","Planta ornamental | Tierra vegetal | Macetas | Fertilizante | Semillas | Césped | Abono orgánico | Poda de plantas"
"Servicios/19-control-tributario-Vivero.xlsx","Control Tributario","Vivero","Servicios","Planta ornamental | Tierra vegetal | Macetas | Fertilizante | Semillas | Césped | Abono orgánico | Poda de plantas"
"Servicios/20-presupuesto-centros-costo-Vivero.xlsx","Presupuesto Centros de Costo","Vivero","Servicios","Planta ornamental | Tierra vegetal | Macetas | Fertilizante | Semillas | Césped | Abono orgánico | Poda de plantas"
"Servicios/21-activos-fijos-Vivero.xlsx","Activos Fijos y Depreciación","Vivero","Servicios","Planta ornamental | Tierra vegetal | Macetas | Fertilizante | Semillas | Césped | Abono orgánico | Poda de plantas"
"Servicios/22-punto-equilibrio-Vivero.xlsx","Punto de Equilibrio","Vivero","Servicios","Planta ornamental | Tierra vegetal | Macetas | Fertilizante | Semillas | Césped | Abono orgánico | Poda de plantas"
"Servicios/23-estados-comparativos-Vivero.xlsx","Estados Comparativos 3 Años","Vivero","Servicios","Planta ornamental | Tierra vegetal | Macetas | Fertilizante | Semillas | Césped | Abono orgánico | Poda de plantas"
"Servicios/24-costeo-ordenes-Vivero.xlsx","Costeo porÓrdenes de Trabajo","Vivero","Servicios","Planta ornamental | Tierra vegetal | Macetas | Fertilizante | Semillas | Césped | Abono orgánico | Poda de plantas"
"Servicios/25-calculadora-cts-Vivero.xlsx","Calculadora CTS","Vivero","Servicios","Planta ornamental | Tierra vegetal | Macetas | Fertilizante | Semillas | Césped | Abono orgánico | Poda de plantas"
"Servicios/26-gratificaciones-Vivero.xlsx","Calculadora Gratificaciones","Vivero","Servicios","Planta ornamental | Tierra vegetal | Macetas | Fertilizante | Semillas | Césped | Abono orgánico | Poda de plantas"
"Servicios/27-amortizacion-Vivero.xlsx","Cuadro de Amortización","Vivero","Servicios","Planta ornamental | Tierra vegetal | Macetas | Fertilizante | Semillas | Césped | Abono orgánico | Poda de plantas"
"Servicios/28-vacaciones-Vivero.xlsx","Calculadora Vacaciones","Vivero","Servicios","Planta ornamental | Tierra vegetal | Macetas | Fertilizante | Semillas | Césped | Abono orgánico | Poda de plantas"
"Servicios/29-afp-onp-Vivero.xlsx","Calculadora AFP/ONP","Vivero","Servicios","Planta ornamental | Tierra vegetal | Macetas | Fertilizante | Semillas | Césped | Abono orgánico | Poda de plantas"
"Servicios/30-nomina-Vivero.xlsx","Calculadora Nómina","Vivero","Servicios","Planta ornamental | Tierra vegetal | Macetas | Fertilizante | Semillas | Césped | Abono orgánico | Poda de plantas"
"Servicios/31-roi-Vivero.xlsx","Calculadora ROI","Vivero","Servicios","Planta ornamental | Tierra vegetal | Macetas | Fertilizante | Semillas | Césped | Abono orgánico | Poda de plantas"
"Servicios/32-ipc-Vivero.xlsx","Calculadora IPC","Vivero","Servicios","Planta ornamental | Tierra vegetal | Macetas | Fertilizante | Semillas | Césped | Abono orgánico | Poda de plantas"
"Servicios/33-endeudamiento-Vivero.xlsx","Capacidad Endeudamiento","Vivero","Servicios","Planta ornamental | Tierra vegetal | Macetas | Fertilizante | Semillas | Césped | Abono orgánico | Poda de plantas"
"Servicios/34-proyeccion-flujo-Vivero.xlsx","Proyección Flujo de Caja","Vivero","Servicios","Planta ornamental | Tierra vegetal | Macetas | Fertilizante | Semillas | Césped | Abono orgánico | Poda de plantas"
"Servicios/01-dashboard-financiero-Servicio de Limpieza.xlsx","Dashboard Financiero","Servicio de Limpieza","Servicios","Limpieza de oficina | Limpieza de casa | Limpieza post obra | Desinfección | Limpieza de vidrios | Lavado de alfombras | Limpieza de tankes | Mantenimiento general"
"Servicios/02-control-ventas-Servicio de Limpieza.xlsx","Control de Ventas","Servicio de Limpieza","Servicios","Limpieza de oficina | Limpieza de casa | Limpieza post obra | Desinfección | Limpieza de vidrios | Lavado de alfombras | Limpieza de tankes | Mantenimiento general"
"Servicios/03-inventario-Servicio de Limpieza.xlsx","Control de Inventario","Servicio de Limpieza","Servicios","Limpieza de oficina | Limpieza de casa | Limpieza post obra | Desinfección | Limpieza de vidrios | Lavado de alfombras | Limpieza de tankes | Mantenimiento general"
"Servicios/04-presupuesto-anual-Servicio de Limpieza.xlsx","Presupuesto Anual","Servicio de Limpieza","Servicios","Limpieza de oficina | Limpieza de casa | Limpieza post obra | Desinfección | Limpieza de vidrios | Lavado de alfombras | Limpieza de tankes | Mantenimiento general"
"Servicios/05-flujo-de-caja-Servicio de Limpieza.xlsx","Flujo de Caja","Servicio de Limpieza","Servicios","Limpieza de oficina | Limpieza de casa | Limpieza post obra | Desinfección | Limpieza de vidrios | Lavado de alfombras | Limpieza de tankes | Mantenimiento general"
"Servicios/06-gestion-proyectos-Servicio de Limpieza.xlsx","Gestión de Proyectos","Servicio de Limpieza","Servicios","Limpieza de oficina | Limpieza de casa | Limpieza post obra | Desinfección | Limpieza de vidrios | Lavado de alfombras | Limpieza de tankes | Mantenimiento general"
"Servicios/07-analisis-kpis-Servicio de Limpieza.xlsx","Análisis de KPIs","Servicio de Limpieza","Servicios","Limpieza de oficina | Limpieza de casa | Limpieza post obra | Desinfección | Limpieza de vidrios | Lavado de alfombras | Limpieza de tankes | Mantenimiento general"
"Servicios/08-control-gastos-Servicio de Limpieza.xlsx","Control de Gastos","Servicio de Limpieza","Servicios","Limpieza de oficina | Limpieza de casa | Limpieza post obra | Desinfección | Limpieza de vidrios | Lavado de alfombras | Limpieza de tankes | Mantenimiento general"
"Servicios/09-planilla-personal-Servicio de Limpieza.xlsx","Planilla de Personal","Servicio de Limpieza","Servicios","Limpieza de oficina | Limpieza de casa | Limpieza post obra | Desinfección | Limpieza de vidrios | Lavado de alfombras | Limpieza de tankes | Mantenimiento general"
"Servicios/10-cuentas-por-cobrar-Servicio de Limpieza.xlsx","Cuentas por Cobrar","Servicio de Limpieza","Servicios","Limpieza de oficina | Limpieza de casa | Limpieza post obra | Desinfección | Limpieza de vidrios | Lavado de alfombras | Limpieza de tankes | Mantenimiento general"
"Servicios/11-caja-diaria-Servicio de Limpieza.xlsx","Caja Diaria","Servicio de Limpieza","Servicios","Limpieza de oficina | Limpieza de casa | Limpieza post obra | Desinfección | Limpieza de vidrios | Lavado de alfombras | Limpieza de tankes | Mantenimiento general"
"Servicios/12-compras-proveedores-Servicio de Limpieza.xlsx","Compras y Proveedores","Servicio de Limpieza","Servicios","Limpieza de oficina | Limpieza de casa | Limpieza post obra | Desinfección | Limpieza de vidrios | Lavado de alfombras | Limpieza de tankes | Mantenimiento general"
"Servicios/13-balance-general-Servicio de Limpieza.xlsx","Balance General","Servicio de Limpieza","Servicios","Limpieza de oficina | Limpieza de casa | Limpieza post obra | Desinfección | Limpieza de vidrios | Lavado de alfombras | Limpieza de tankes | Mantenimiento general"
"Servicios/14-estado-resultados-Servicio de Limpieza.xlsx","Estado de Resultados","Servicio de Limpieza","Servicios","Limpieza de oficina | Limpieza de casa | Limpieza post obra | Desinfección | Limpieza de vidrios | Lavado de alfombras | Limpieza de tankes | Mantenimiento general"
"Servicios/15-flujo-efectivo-indirecto-Servicio de Limpieza.xlsx","Flujo de Efectivo Indirecto","Servicio de Limpieza","Servicios","Limpieza de oficina | Limpieza de casa | Limpieza post obra | Desinfección | Limpieza de vidrios | Lavado de alfombras | Limpieza de tankes | Mantenimiento general"
"Servicios/16-conciliacion-bancaria-Servicio de Limpieza.xlsx","Conciliación Bancaria","Servicio de Limpieza","Servicios","Limpieza de oficina | Limpieza de casa | Limpieza post obra | Desinfección | Limpieza de vidrios | Lavado de alfombras | Limpieza de tankes | Mantenimiento general"
"Servicios/17-libro-diario-Servicio de Limpieza.xlsx","Libro Diario y Mayor","Servicio de Limpieza","Servicios","Limpieza de oficina | Limpieza de casa | Limpieza post obra | Desinfección | Limpieza de vidrios | Lavado de alfombras | Limpieza de tankes | Mantenimiento general"
"Servicios/18-ratios-financieros-Servicio de Limpieza.xlsx","Ratios Financieros","Servicio de Limpieza","Servicios","Limpieza de oficina | Limpieza de casa | Limpieza post obra | Desinfección | Limpieza de vidrios | Lavado de alfombras | Limpieza de tankes | Mantenimiento general"
"Servicios/19-control-tributario-Servicio de Limpieza.xlsx","Control Tributario","Servicio de Limpieza","Servicios","Limpieza de oficina | Limpieza de casa | Limpieza post obra | Desinfección | Limpieza de vidrios | Lavado de alfombras | Limpieza de tankes | Mantenimiento general"
"Servicios/20-presupuesto-centros-costo-Servicio de Limpieza.xlsx","Presupuesto Centros de Costo","Servicio de Limpieza","Servicios","Limpieza de oficina | Limpieza de casa | Limpieza post obra | Desinfección | Limpieza de vidrios | Lavado de alfombras | Limpieza de tankes | Mantenimiento general"
"Servicios/21-activos-fijos-Servicio de Limpieza.xlsx","Activos Fijos y Depreciación","Servicio de Limpieza","Servicios","Limpieza de oficina | Limpieza de casa | Limpieza post obra | Desinfección | Limpieza de vidrios | Lavado de alfombras | Limpieza de tankes | Mantenimiento general"
"Servicios/22-punto-equilibrio-Servicio de Limpieza.xlsx","Punto de Equilibrio","Servicio de Limpieza","Servicios","Limpieza de oficina | Limpieza de casa | Limpieza post obra | Desinfección | Limpieza de vidrios | Lavado de alfombras | Limpieza de tankes | Mantenimiento general"
"Servicios/23-estados-comparativos-Servicio de Limpieza.xlsx","Estados Comparativos 3 Años","Servicio de Limpieza","Servicios","Limpieza de oficina | Limpieza de casa | Limpieza post obra | Desinfección | Limpieza de vidrios | Lavado de alfombras | Limpieza de tankes | Mantenimiento general"
"Servicios/24-costeo-ordenes-Servicio de Limpieza.xlsx","Costeo porÓrdenes de Trabajo","Servicio de Limpieza","Servicios","Limpieza de oficina | Limpieza de casa | Limpieza post obra | Desinfección | Limpieza de vidrios | Lavado de alfombras | Limpieza de tankes | Mantenimiento general"
"Servicios/25-calculadora-cts-Servicio de Limpieza.xlsx","Calculadora CTS","Servicio de Limpieza","Servicios","Limpieza de oficina | Limpieza de casa | Limpieza post obra | Desinfección | Limpieza de vidrios | Lavado de alfombras | Limpieza de tankes | Mantenimiento general"
"Servicios/26-gratificaciones-Servicio de Limpieza.xlsx","Calculadora Gratificaciones","Servicio de Limpieza","Servicios","Limpieza de oficina | Limpieza de casa | Limpieza post obra | Desinfección | Limpieza de vidrios | Lavado de alfombras | Limpieza de tankes | Mantenimiento general"
"Servicios/27-amortizacion-Servicio de Limpieza.xlsx","Cuadro de Amortización","Servicio de Limpieza","Servicios","Limpieza de oficina | Limpieza de casa | Limpieza post obra | Desinfección | Limpieza de vidrios | Lavado de alfombras | Limpieza de tankes | Mantenimiento general"
"Servicios/28-vacaciones-Servicio de Limpieza.xlsx","Calculadora Vacaciones","Servicio de Limpieza","Servicios","Limpieza de oficina | Limpieza de casa | Limpieza post obra | Desinfección | Limpieza de vidrios | Lavado de alfombras | Limpieza de tankes | Mantenimiento general"
"Servicios/29-afp-onp-Servicio de Limpieza.xlsx","Calculadora AFP/ONP","Servicio de Limpieza","Servicios","Limpieza de oficina | Limpieza de casa | Limpieza post obra | Desinfección | Limpieza de vidrios | Lavado de alfombras | Limpieza de tankes | Mantenimiento general"
"Servicios/30-nomina-Servicio de Limpieza.xlsx","Calculadora Nómina","Servicio de Limpieza","Servicios","Limpieza de oficina | Limpieza de casa | Limpieza post obra | Desinfección | Limpieza de vidrios | Lavado de alfombras | Limpieza de tankes | Mantenimiento general"
"Servicios/31-roi-Servicio de Limpieza.xlsx","Calculadora ROI","Servicio de Limpieza","Servicios","Limpieza de oficina | Limpieza de casa | Limpieza post obra | Desinfección | Limpieza de vidrios | Lavado de alfombras | Limpieza de tankes | Mantenimiento general"
"Servicios/32-ipc-Servicio de Limpieza.xlsx","Calculadora IPC","Servicio de Limpieza","Servicios","Limpieza de oficina | Limpieza de casa | Limpieza post obra | Desinfección | Limpieza de vidrios | Lavado de alfombras | Limpieza de tankes | Mantenimiento general"
"Servicios/33-endeudamiento-Servicio de Limpieza.xlsx","Capacidad Endeudamiento","Servicio de Limpieza","Servicios","Limpieza de oficina | Limpieza de casa | Limpieza post obra | Desinfección | Limpieza de vidrios | Lavado de alfombras | Limpieza de tankes | Mantenimiento general"
"Servicios/34-proyeccion-flujo-Servicio de Limpieza.xlsx","Proyección Flujo de Caja","Servicio de Limpieza","Servicios","Limpieza de oficina | Limpieza de casa | Limpieza post obra | Desinfección | Limpieza de vidrios | Lavado de alfombras | Limpieza de tankes | Mantenimiento general"
"Servicios/01-dashboard-financiero-Seguridad y Vigilancia.xlsx","Dashboard Financiero","Seguridad y Vigilancia","Servicios","Vigilancia 12h | Vigilancia 24h | CCTV instalación | Monitoreo | Rondín nocturno | Escolta | Conserjería | Evaluación de riesgo"
"Servicios/02-control-ventas-Seguridad y Vigilancia.xlsx","Control de Ventas","Seguridad y Vigilancia","Servicios","Vigilancia 12h | Vigilancia 24h | CCTV instalación | Monitoreo | Rondín nocturno | Escolta | Conserjería | Evaluación de riesgo"
"Servicios/03-inventario-Seguridad y Vigilancia.xlsx","Control de Inventario","Seguridad y Vigilancia","Servicios","Vigilancia 12h | Vigilancia 24h | CCTV instalación | Monitoreo | Rondín nocturno | Escolta | Conserjería | Evaluación de riesgo"
"Servicios/04-presupuesto-anual-Seguridad y Vigilancia.xlsx","Presupuesto Anual","Seguridad y Vigilancia","Servicios","Vigilancia 12h | Vigilancia 24h | CCTV instalación | Monitoreo | Rondín nocturno | Escolta | Conserjería | Evaluación de riesgo"
"Servicios/05-flujo-de-caja-Seguridad y Vigilancia.xlsx","Flujo de Caja","Seguridad y Vigilancia","Servicios","Vigilancia 12h | Vigilancia 24h | CCTV instalación | Monitoreo | Rondín nocturno | Escolta | Conserjería | Evaluación de riesgo"
"Servicios/06-gestion-proyectos-Seguridad y Vigilancia.xlsx","Gestión de Proyectos","Seguridad y Vigilancia","Servicios","Vigilancia 12h | Vigilancia 24h | CCTV instalación | Monitoreo | Rondín nocturno | Escolta | Conserjería | Evaluación de riesgo"
"Servicios/07-analisis-kpis-Seguridad y Vigilancia.xlsx","Análisis de KPIs","Seguridad y Vigilancia","Servicios","Vigilancia 12h | Vigilancia 24h | CCTV instalación | Monitoreo | Rondín nocturno | Escolta | Conserjería | Evaluación de riesgo"
"Servicios/08-control-gastos-Seguridad y Vigilancia.xlsx","Control de Gastos","Seguridad y Vigilancia","Servicios","Vigilancia 12h | Vigilancia 24h | CCTV instalación | Monitoreo | Rondín nocturno | Escolta | Conserjería | Evaluación de riesgo"
"Servicios/09-planilla-personal-Seguridad y Vigilancia.xlsx","Planilla de Personal","Seguridad y Vigilancia","Servicios","Vigilancia 12h | Vigilancia 24h | CCTV instalación | Monitoreo | Rondín nocturno | Escolta | Conserjería | Evaluación de riesgo"
"Servicios/10-cuentas-por-cobrar-Seguridad y Vigilancia.xlsx","Cuentas por Cobrar","Seguridad y Vigilancia","Servicios","Vigilancia 12h | Vigilancia 24h | CCTV instalación | Monitoreo | Rondín nocturno | Escolta | Conserjería | Evaluación de riesgo"
"Servicios/11-caja-diaria-Seguridad y Vigilancia.xlsx","Caja Diaria","Seguridad y Vigilancia","Servicios","Vigilancia 12h | Vigilancia 24h | CCTV instalación | Monitoreo | Rondín nocturno | Escolta | Conserjería | Evaluación de riesgo"
"Servicios/12-compras-proveedores-Seguridad y Vigilancia.xlsx","Compras y Proveedores","Seguridad y Vigilancia","Servicios","Vigilancia 12h | Vigilancia 24h | CCTV instalación | Monitoreo | Rondín nocturno | Escolta | Conserjería | Evaluación de riesgo"
"Servicios/13-balance-general-Seguridad y Vigilancia.xlsx","Balance General","Seguridad y Vigilancia","Servicios","Vigilancia 12h | Vigilancia 24h | CCTV instalación | Monitoreo | Rondín nocturno | Escolta | Conserjería | Evaluación de riesgo"
"Servicios/14-estado-resultados-Seguridad y Vigilancia.xlsx","Estado de Resultados","Seguridad y Vigilancia","Servicios","Vigilancia 12h | Vigilancia 24h | CCTV instalación | Monitoreo | Rondín nocturno | Escolta | Conserjería | Evaluación de riesgo"
"Servicios/15-flujo-efectivo-indirecto-Seguridad y Vigilancia.xlsx","Flujo de Efectivo Indirecto","Seguridad y Vigilancia","Servicios","Vigilancia 12h | Vigilancia 24h | CCTV instalación | Monitoreo | Rondín nocturno | Escolta | Conserjería | Evaluación de riesgo"
"Servicios/16-conciliacion-bancaria-Seguridad y Vigilancia.xlsx","Conciliación Bancaria","Seguridad y Vigilancia","Servicios","Vigilancia 12h | Vigilancia 24h | CCTV instalación | Monitoreo | Rondín nocturno | Escolta | Conserjería | Evaluación de riesgo"
"Servicios/17-libro-diario-Seguridad y Vigilancia.xlsx","Libro Diario y Mayor","Seguridad y Vigilancia","Servicios","Vigilancia 12h | Vigilancia 24h | CCTV instalación | Monitoreo | Rondín nocturno | Escolta | Conserjería | Evaluación de riesgo"
"Servicios/18-ratios-financieros-Seguridad y Vigilancia.xlsx","Ratios Financieros","Seguridad y Vigilancia","Servicios","Vigilancia 12h | Vigilancia 24h | CCTV instalación | Monitoreo | Rondín nocturno | Escolta | Conserjería | Evaluación de riesgo"
"Servicios/19-control-tributario-Seguridad y Vigilancia.xlsx","Control Tributario","Seguridad y Vigilancia","Servicios","Vigilancia 12h | Vigilancia 24h | CCTV instalación | Monitoreo | Rondín nocturno | Escolta | Conserjería | Evaluación de riesgo"
"Servicios/20-presupuesto-centros-costo-Seguridad y Vigilancia.xlsx","Presupuesto Centros de Costo","Seguridad y Vigilancia","Servicios","Vigilancia 12h | Vigilancia 24h | CCTV instalación | Monitoreo | Rondín nocturno | Escolta | Conserjería | Evaluación de riesgo"
"Servicios/21-activos-fijos-Seguridad y Vigilancia.xlsx","Activos Fijos y Depreciación","Seguridad y Vigilancia","Servicios","Vigilancia 12h | Vigilancia 24h | CCTV instalación | Monitoreo | Rondín nocturno | Escolta | Conserjería | Evaluación de riesgo"
"Servicios/22-punto-equilibrio-Seguridad y Vigilancia.xlsx","Punto de Equilibrio","Seguridad y Vigilancia","Servicios","Vigilancia 12h | Vigilancia 24h | CCTV instalación | Monitoreo | Rondín nocturno | Escolta | Conserjería | Evaluación de riesgo"
"Servicios/23-estados-comparativos-Seguridad y Vigilancia.xlsx","Estados Comparativos 3 Años","Seguridad y Vigilancia","Servicios","Vigilancia 12h | Vigilancia 24h | CCTV instalación | Monitoreo | Rondín nocturno | Escolta | Conserjería | Evaluación de riesgo"
"Servicios/24-costeo-ordenes-Seguridad y Vigilancia.xlsx","Costeo porÓrdenes de Trabajo","Seguridad y Vigilancia","Servicios","Vigilancia 12h | Vigilancia 24h | CCTV instalación | Monitoreo | Rondín nocturno | Escolta | Conserjería | Evaluación de riesgo"
"Servicios/25-calculadora-cts-Seguridad y Vigilancia.xlsx","Calculadora CTS","Seguridad y Vigilancia","Servicios","Vigilancia 12h | Vigilancia 24h | CCTV instalación | Monitoreo | Rondín nocturno | Escolta | Conserjería | Evaluación de riesgo"
"Servicios/26-gratificaciones-Seguridad y Vigilancia.xlsx","Calculadora Gratificaciones","Seguridad y Vigilancia","Servicios","Vigilancia 12h | Vigilancia 24h | CCTV instalación | Monitoreo | Rondín nocturno | Escolta | Conserjería | Evaluación de riesgo"
"Servicios/27-amortizacion-Seguridad y Vigilancia.xlsx","Cuadro de Amortización","Seguridad y Vigilancia","Servicios","Vigilancia 12h | Vigilancia 24h | CCTV instalación | Monitoreo | Rondín nocturno | Escolta | Conserjería | Evaluación de riesgo"
"Servicios/28-vacaciones-Seguridad y Vigilancia.xlsx","Calculadora Vacaciones","Seguridad y Vigilancia","Servicios","Vigilancia 12h | Vigilancia 24h | CCTV instalación | Monitoreo | Rondín nocturno | Escolta | Conserjería | Evaluación de riesgo"
"Servicios/29-afp-onp-Seguridad y Vigilancia.xlsx","Calculadora AFP/ONP","Seguridad y Vigilancia","Servicios","Vigilancia 12h | Vigilancia 24h | CCTV instalación | Monitoreo | Rondín nocturno | Escolta | Conserjería | Evaluación de riesgo"
"Servicios/30-nomina-Seguridad y Vigilancia.xlsx","Calculadora Nómina","Seguridad y Vigilancia","Servicios","Vigilancia 12h | Vigilancia 24h | CCTV instalación | Monitoreo | Rondín nocturno | Escolta | Conserjería | Evaluación de riesgo"
"Servicios/31-roi-Seguridad y Vigilancia.xlsx","Calculadora ROI","Seguridad y Vigilancia","Servicios","Vigilancia 12h | Vigilancia 24h | CCTV instalación | Monitoreo | Rondín nocturno | Escolta | Conserjería | Evaluación de riesgo"
"Servicios/32-ipc-Seguridad y Vigilancia.xlsx","Calculadora IPC","Seguridad y Vigilancia","Servicios","Vigilancia 12h | Vigilancia 24h | CCTV instalación | Monitoreo | Rondín nocturno | Escolta | Conserjería | Evaluación de riesgo"
"Servicios/33-endeudamiento-Seguridad y Vigilancia.xlsx","Capacidad Endeudamiento","Seguridad y Vigilancia","Servicios","Vigilancia 12h | Vigilancia 24h | CCTV instalación | Monitoreo | Rondín nocturno | Escolta | Conserjería | Evaluación de riesgo"
"Servicios/34-proyeccion-flujo-Seguridad y Vigilancia.xlsx","Proyección Flujo de Caja","Seguridad y Vigilancia","Servicios","Vigilancia 12h | Vigilancia 24h | CCTV instalación | Monitoreo | Rondín nocturno | Escolta | Conserjería | Evaluación de riesgo"
"Servicios/01-dashboard-financiero-Delivery.xlsx","Dashboard Financiero","Delivery","Servicios","Entrega local | Entrega distrito | Entrega express | Mandado | Recolección | Pago en destino | Entrega programada | Encomienda"
"Servicios/02-control-ventas-Delivery.xlsx","Control de Ventas","Delivery","Servicios","Entrega local | Entrega distrito | Entrega express | Mandado | Recolección | Pago en destino | Entrega programada | Encomienda"
"Servicios/03-inventario-Delivery.xlsx","Control de Inventario","Delivery","Servicios","Entrega local | Entrega distrito | Entrega express | Mandado | Recolección | Pago en destino | Entrega programada | Encomienda"
"Servicios/04-presupuesto-anual-Delivery.xlsx","Presupuesto Anual","Delivery","Servicios","Entrega local | Entrega distrito | Entrega express | Mandado | Recolección | Pago en destino | Entrega programada | Encomienda"
"Servicios/05-flujo-de-caja-Delivery.xlsx","Flujo de Caja","Delivery","Servicios","Entrega local | Entrega distrito | Entrega express | Mandado | Recolección | Pago en destino | Entrega programada | Encomienda"
"Servicios/06-gestion-proyectos-Delivery.xlsx","Gestión de Proyectos","Delivery","Servicios","Entrega local | Entrega distrito | Entrega express | Mandado | Recolección | Pago en destino | Entrega programada | Encomienda"
"Servicios/07-analisis-kpis-Delivery.xlsx","Análisis de KPIs","Delivery","Servicios","Entrega local | Entrega distrito | Entrega express | Mandado | Recolección | Pago en destino | Entrega programada | Encomienda"
"Servicios/08-control-gastos-Delivery.xlsx","Control de Gastos","Delivery","Servicios","Entrega local | Entrega distrito | Entrega express | Mandado | Recolección | Pago en destino | Entrega programada | Encomienda"
"Servicios/09-planilla-personal-Delivery.xlsx","Planilla de Personal","Delivery","Servicios","Entrega local | Entrega distrito | Entrega express | Mandado | Recolección | Pago en destino | Entrega programada | Encomienda"
"Servicios/10-cuentas-por-cobrar-Delivery.xlsx","Cuentas por Cobrar","Delivery","Servicios","Entrega local | Entrega distrito | Entrega express | Mandado | Recolección | Pago en destino | Entrega programada | Encomienda"
"Servicios/11-caja-diaria-Delivery.xlsx","Caja Diaria","Delivery","Servicios","Entrega local | Entrega distrito | Entrega express | Mandado | Recolección | Pago en destino | Entrega programada | Encomienda"
"Servicios/12-compras-proveedores-Delivery.xlsx","Compras y Proveedores","Delivery","Servicios","Entrega local | Entrega distrito | Entrega express | Mandado | Recolección | Pago en destino | Entrega programada | Encomienda"
"Servicios/13-balance-general-Delivery.xlsx","Balance General","Delivery","Servicios","Entrega local | Entrega distrito | Entrega express | Mandado | Recolección | Pago en destino | Entrega programada | Encomienda"
"Servicios/14-estado-resultados-Delivery.xlsx","Estado de Resultados","Delivery","Servicios","Entrega local | Entrega distrito | Entrega express | Mandado | Recolección | Pago en destino | Entrega programada | Encomienda"
"Servicios/15-flujo-efectivo-indirecto-Delivery.xlsx","Flujo de Efectivo Indirecto","Delivery","Servicios","Entrega local | Entrega distrito | Entrega express | Mandado | Recolección | Pago en destino | Entrega programada | Encomienda"
"Servicios/16-conciliacion-bancaria-Delivery.xlsx","Conciliación Bancaria","Delivery","Servicios","Entrega local | Entrega distrito | Entrega express | Mandado | Recolección | Pago en destino | Entrega programada | Encomienda"
"Servicios/17-libro-diario-Delivery.xlsx","Libro Diario y Mayor","Delivery","Servicios","Entrega local | Entrega distrito | Entrega express | Mandado | Recolección | Pago en destino | Entrega programada | Encomienda"
"Servicios/18-ratios-financieros-Delivery.xlsx","Ratios Financieros","Delivery","Servicios","Entrega local | Entrega distrito | Entrega express | Mandado | Recolección | Pago en destino | Entrega programada | Encomienda"
"Servicios/19-control-tributario-Delivery.xlsx","Control Tributario","Delivery","Servicios","Entrega local | Entrega distrito | Entrega express | Mandado | Recolección | Pago en destino | Entrega programada | Encomienda"
"Servicios/20-presupuesto-centros-costo-Delivery.xlsx","Presupuesto Centros de Costo","Delivery","Servicios","Entrega local | Entrega distrito | Entrega express | Mandado | Recolección | Pago en destino | Entrega programada | Encomienda"
"Servicios/21-activos-fijos-Delivery.xlsx","Activos Fijos y Depreciación","Delivery","Servicios","Entrega local | Entrega distrito | Entrega express | Mandado | Recolección | Pago en destino | Entrega programada | Encomienda"
"Servicios/22-punto-equilibrio-Delivery.xlsx","Punto de Equilibrio","Delivery","Servicios","Entrega local | Entrega distrito | Entrega express | Mandado | Recolección | Pago en destino | Entrega programada | Encomienda"
"Servicios/23-estados-comparativos-Delivery.xlsx","Estados Comparativos 3 Años","Delivery","Servicios","Entrega local | Entrega distrito | Entrega express | Mandado | Recolección | Pago en destino | Entrega programada | Encomienda"
"Servicios/24-costeo-ordenes-Delivery.xlsx","Costeo porÓrdenes de Trabajo","Delivery","Servicios","Entrega local | Entrega distrito | Entrega express | Mandado | Recolección | Pago en destino | Entrega programada | Encomienda"
"Servicios/25-calculadora-cts-Delivery.xlsx","Calculadora CTS","Delivery","Servicios","Entrega local | Entrega distrito | Entrega express | Mandado | Recolección | Pago en destino | Entrega programada | Encomienda"
"Servicios/26-gratificaciones-Delivery.xlsx","Calculadora Gratificaciones","Delivery","Servicios","Entrega local | Entrega distrito | Entrega express | Mandado | Recolección | Pago en destino | Entrega programada | Encomienda"
"Servicios/27-amortizacion-Delivery.xlsx","Cuadro de Amortización","Delivery","Servicios","Entrega local | Entrega distrito | Entrega express | Mandado | Recolección | Pago en destino | Entrega programada | Encomienda"
"Servicios/28-vacaciones-Delivery.xlsx","Calculadora Vacaciones","Delivery","Servicios","Entrega local | Entrega distrito | Entrega express | Mandado | Recolección | Pago en destino | Entrega programada | Encomienda"
"Servicios/29-afp-onp-Delivery.xlsx","Calculadora AFP/ONP","Delivery","Servicios","Entrega local | Entrega distrito | Entrega express | Mandado | Recolección | Pago en destino | Entrega programada | Encomienda"
"Servicios/30-nomina-Delivery.xlsx","Calculadora Nómina","Delivery","Servicios","Entrega local | Entrega distrito | Entrega express | Mandado | Recolección | Pago en destino | Entrega programada | Encomienda"
"Servicios/31-roi-Delivery.xlsx","Calculadora ROI","Delivery","Servicios","Entrega local | Entrega distrito | Entrega express | Mandado | Recolección | Pago en destino | Entrega programada | Encomienda"
"Servicios/32-ipc-Delivery.xlsx","Calculadora IPC","Delivery","Servicios","Entrega local | Entrega distrito | Entrega express | Mandado | Recolección | Pago en destino | Entrega programada | Encomienda"
"Servicios/33-endeudamiento-Delivery.xlsx","Capacidad Endeudamiento","Delivery","Servicios","Entrega local | Entrega distrito | Entrega express | Mandado | Recolección | Pago en destino | Entrega programada | Encomienda"
"Servicios/34-proyeccion-flujo-Delivery.xlsx","Proyección Flujo de Caja","Delivery","Servicios","Entrega local | Entrega distrito | Entrega express | Mandado | Recolección | Pago en destino | Entrega programada | Encomienda"
"Servicios/01-dashboard-financiero-Ecommerce.xlsx","Dashboard Financiero","E-commerce","Servicios","Ventas por catálogo | Ventas por Instagram | Ventas por WhatsApp | Ventas por web | Ventas por marketplace | Dropshipping | Ventas por TikTok | Ventas corporativas"
"Servicios/02-control-ventas-Ecommerce.xlsx","Control de Ventas","E-commerce","Servicios","Ventas por catálogo | Ventas por Instagram | Ventas por WhatsApp | Ventas por web | Ventas por marketplace | Dropshipping | Ventas por TikTok | Ventas corporativas"
"Servicios/03-inventario-Ecommerce.xlsx","Control de Inventario","E-commerce","Servicios","Ventas por catálogo | Ventas por Instagram | Ventas por WhatsApp | Ventas por web | Ventas por marketplace | Dropshipping | Ventas por TikTok | Ventas corporativas"
"Servicios/04-presupuesto-anual-Ecommerce.xlsx","Presupuesto Anual","E-commerce","Servicios","Ventas por catálogo | Ventas por Instagram | Ventas por WhatsApp | Ventas por web | Ventas por marketplace | Dropshipping | Ventas por TikTok | Ventas corporativas"
"Servicios/05-flujo-de-caja-Ecommerce.xlsx","Flujo de Caja","E-commerce","Servicios","Ventas por catálogo | Ventas por Instagram | Ventas por WhatsApp | Ventas por web | Ventas por marketplace | Dropshipping | Ventas por TikTok | Ventas corporativas"
"Servicios/06-gestion-proyectos-Ecommerce.xlsx","Gestión de Proyectos","E-commerce","Servicios","Ventas por catálogo | Ventas por Instagram | Ventas por WhatsApp | Ventas por web | Ventas por marketplace | Dropshipping | Ventas por TikTok | Ventas corporativas"
"Servicios/07-analisis-kpis-Ecommerce.xlsx","Análisis de KPIs","E-commerce","Servicios","Ventas por catálogo | Ventas por Instagram | Ventas por WhatsApp | Ventas por web | Ventas por marketplace | Dropshipping | Ventas por TikTok | Ventas corporativas"
"Servicios/08-control-gastos-Ecommerce.xlsx","Control de Gastos","E-commerce","Servicios","Ventas por catálogo | Ventas por Instagram | Ventas por WhatsApp | Ventas por web | Ventas por marketplace | Dropshipping | Ventas por TikTok | Ventas corporativas"
"Servicios/09-planilla-personal-Ecommerce.xlsx","Planilla de Personal","E-commerce","Servicios","Ventas por catálogo | Ventas por Instagram | Ventas por WhatsApp | Ventas por web | Ventas por marketplace | Dropshipping | Ventas por TikTok | Ventas corporativas"
"Servicios/10-cuentas-por-cobrar-Ecommerce.xlsx","Cuentas por Cobrar","E-commerce","Servicios","Ventas por catálogo | Ventas por Instagram | Ventas por WhatsApp | Ventas por web | Ventas por marketplace | Dropshipping | Ventas por TikTok | Ventas corporativas"
"Servicios/11-caja-diaria-Ecommerce.xlsx","Caja Diaria","E-commerce","Servicios","Ventas por catálogo | Ventas por Instagram | Ventas por WhatsApp | Ventas por web | Ventas por marketplace | Dropshipping | Ventas por TikTok | Ventas corporativas"
"Servicios/12-compras-proveedores-Ecommerce.xlsx","Compras y Proveedores","E-commerce","Servicios","Ventas por catálogo | Ventas por Instagram | Ventas por WhatsApp | Ventas por web | Ventas por marketplace | Dropshipping | Ventas por TikTok | Ventas corporativas"
"Servicios/13-balance-general-Ecommerce.xlsx","Balance General","E-commerce","Servicios","Ventas por catálogo | Ventas por Instagram | Ventas por WhatsApp | Ventas por web | Ventas por marketplace | Dropshipping | Ventas por TikTok | Ventas corporativas"
"Servicios/14-estado-resultados-Ecommerce.xlsx","Estado de Resultados","E-commerce","Servicios","Ventas por catálogo | Ventas por Instagram | Ventas por WhatsApp | Ventas por web | Ventas por marketplace | Dropshipping | Ventas por TikTok | Ventas corporativas"
"Servicios/15-flujo-efectivo-indirecto-Ecommerce.xlsx","Flujo de Efectivo Indirecto","E-commerce","Servicios","Ventas por catálogo | Ventas por Instagram | Ventas por WhatsApp | Ventas por web | Ventas por marketplace | Dropshipping | Ventas por TikTok | Ventas corporativas"
"Servicios/16-conciliacion-bancaria-Ecommerce.xlsx","Conciliación Bancaria","E-commerce","Servicios","Ventas por catálogo | Ventas por Instagram | Ventas por WhatsApp | Ventas por web | Ventas por marketplace | Dropshipping | Ventas por TikTok | Ventas corporativas"
"Servicios/17-libro-diario-Ecommerce.xlsx","Libro Diario y Mayor","E-commerce","Servicios","Ventas por catálogo | Ventas por Instagram | Ventas por WhatsApp | Ventas por web | Ventas por marketplace | Dropshipping | Ventas por TikTok | Ventas corporativas"
"Servicios/18-ratios-financieros-Ecommerce.xlsx","Ratios Financieros","E-commerce","Servicios","Ventas por catálogo | Ventas por Instagram | Ventas por WhatsApp | Ventas por web | Ventas por marketplace | Dropshipping | Ventas por TikTok | Ventas corporativas"
"Servicios/19-control-tributario-Ecommerce.xlsx","Control Tributario","E-commerce","Servicios","Ventas por catálogo | Ventas por Instagram | Ventas por WhatsApp | Ventas por web | Ventas por marketplace | Dropshipping | Ventas por TikTok | Ventas corporativas"
"Servicios/20-presupuesto-centros-costo-Ecommerce.xlsx","Presupuesto Centros de Costo","E-commerce","Servicios","Ventas por catálogo | Ventas por Instagram | Ventas por WhatsApp | Ventas por web | Ventas por marketplace | Dropshipping | Ventas por TikTok | Ventas corporativas"
"Servicios/21-activos-fijos-Ecommerce.xlsx","Activos Fijos y Depreciación","E-commerce","Servicios","Ventas por catálogo | Ventas por Instagram | Ventas por WhatsApp | Ventas por web | Ventas por marketplace | Dropshipping | Ventas por TikTok | Ventas corporativas"
"Servicios/22-punto-equilibrio-Ecommerce.xlsx","Punto de Equilibrio","E-commerce","Servicios","Ventas por catálogo | Ventas por Instagram | Ventas por WhatsApp | Ventas por web | Ventas por marketplace | Dropshipping | Ventas por TikTok | Ventas corporativas"
"Servicios/23-estados-comparativos-Ecommerce.xlsx","Estados Comparativos 3 Años","E-commerce","Servicios","Ventas por catálogo | Ventas por Instagram | Ventas por WhatsApp | Ventas por web | Ventas por marketplace | Dropshipping | Ventas por TikTok | Ventas corporativas"
"Servicios/24-costeo-ordenes-Ecommerce.xlsx","Costeo porÓrdenes de Trabajo","E-commerce","Servicios","Ventas por catálogo | Ventas por Instagram | Ventas por WhatsApp | Ventas por web | Ventas por marketplace | Dropshipping | Ventas por TikTok | Ventas corporativas"
"Servicios/25-calculadora-cts-Ecommerce.xlsx","Calculadora CTS","E-commerce","Servicios","Ventas por catálogo | Ventas por Instagram | Ventas por WhatsApp | Ventas por web | Ventas por marketplace | Dropshipping | Ventas por TikTok | Ventas corporativas"
"Servicios/26-gratificaciones-Ecommerce.xlsx","Calculadora Gratificaciones","E-commerce","Servicios","Ventas por catálogo | Ventas por Instagram | Ventas por WhatsApp | Ventas por web | Ventas por marketplace | Dropshipping | Ventas por TikTok | Ventas corporativas"
"Servicios/27-amortizacion-Ecommerce.xlsx","Cuadro de Amortización","E-commerce","Servicios","Ventas por catálogo | Ventas por Instagram | Ventas por WhatsApp | Ventas por web | Ventas por marketplace | Dropshipping | Ventas por TikTok | Ventas corporativas"
"Servicios/28-vacaciones-Ecommerce.xlsx","Calculadora Vacaciones","E-commerce","Servicios","Ventas por catálogo | Ventas por Instagram | Ventas por WhatsApp | Ventas por web | Ventas por marketplace | Dropshipping | Ventas por TikTok | Ventas corporativas"
"Servicios/29-afp-onp-Ecommerce.xlsx","Calculadora AFP/ONP","E-commerce","Servicios","Ventas por catálogo | Ventas por Instagram | Ventas por WhatsApp | Ventas por web | Ventas por marketplace | Dropshipping | Ventas por TikTok | Ventas corporativas"
"Servicios/30-nomina-Ecommerce.xlsx","Calculadora Nómina","E-commerce","Servicios","Ventas por catálogo | Ventas por Instagram | Ventas por WhatsApp | Ventas por web | Ventas por marketplace | Dropshipping | Ventas por TikTok | Ventas corporativas"
"Servicios/31-roi-Ecommerce.xlsx","Calculadora ROI","E-commerce","Servicios","Ventas por catálogo | Ventas por Instagram | Ventas por WhatsApp | Ventas por web | Ventas por marketplace | Dropshipping | Ventas por TikTok | Ventas corporativas"
"Servicios/32-ipc-Ecommerce.xlsx","Calculadora IPC","E-commerce","Servicios","Ventas por catálogo | Ventas por Instagram | Ventas por WhatsApp | Ventas por web | Ventas por marketplace | Dropshipping | Ventas por TikTok | Ventas corporativas"
"Servicios/33-endeudamiento-Ecommerce.xlsx","Capacidad Endeudamiento","E-commerce","Servicios","Ventas por catálogo | Ventas por Instagram | Ventas por WhatsApp | Ventas por web | Ventas por marketplace | Dropshipping | Ventas por TikTok | Ventas corporativas"
"Servicios/34-proyeccion-flujo-Ecommerce.xlsx","Proyección Flujo de Caja","E-commerce","Servicios","Ventas por catálogo | Ventas por Instagram | Ventas por WhatsApp | Ventas por web | Ventas por marketplace | Dropshipping | Ventas por TikTok | Ventas corporativas"
"Salud y Bienestar/01-dashboard-financiero-Clinica Dental.xlsx","Dashboard Financiero","Clínica Dental","Salud y Bienestar","Limpieza dental | Resina | Endodoncia | Extracción simple | Extracción cordal | Blanqueamiento | Ortodoncia mensual | Radiografía"
"Salud y Bienestar/02-control-ventas-Clinica Dental.xlsx","Control de Ventas","Clínica Dental","Salud y Bienestar","Limpieza dental | Resina | Endodoncia | Extracción simple | Extracción cordal | Blanqueamiento | Ortodoncia mensual | Radiografía"
"Salud y Bienestar/03-inventario-Clinica Dental.xlsx","Control de Inventario","Clínica Dental","Salud y Bienestar","Limpieza dental | Resina | Endodoncia | Extracción simple | Extracción cordal | Blanqueamiento | Ortodoncia mensual | Radiografía"
"Salud y Bienestar/04-presupuesto-anual-Clinica Dental.xlsx","Presupuesto Anual","Clínica Dental","Salud y Bienestar","Limpieza dental | Resina | Endodoncia | Extracción simple | Extracción cordal | Blanqueamiento | Ortodoncia mensual | Radiografía"
"Salud y Bienestar/05-flujo-de-caja-Clinica Dental.xlsx","Flujo de Caja","Clínica Dental","Salud y Bienestar","Limpieza dental | Resina | Endodoncia | Extracción simple | Extracción cordal | Blanqueamiento | Ortodoncia mensual | Radiografía"
"Salud y Bienestar/06-gestion-proyectos-Clinica Dental.xlsx","Gestión de Proyectos","Clínica Dental","Salud y Bienestar","Limpieza dental | Resina | Endodoncia | Extracción simple | Extracción cordal | Blanqueamiento | Ortodoncia mensual | Radiografía"
"Salud y Bienestar/07-analisis-kpis-Clinica Dental.xlsx","Análisis de KPIs","Clínica Dental","Salud y Bienestar","Limpieza dental | Resina | Endodoncia | Extracción simple | Extracción cordal | Blanqueamiento | Ortodoncia mensual | Radiografía"
"Salud y Bienestar/08-control-gastos-Clinica Dental.xlsx","Control de Gastos","Clínica Dental","Salud y Bienestar","Limpieza dental | Resina | Endodoncia | Extracción simple | Extracción cordal | Blanqueamiento | Ortodoncia mensual | Radiografía"
"Salud y Bienestar/09-planilla-personal-Clinica Dental.xlsx","Planilla de Personal","Clínica Dental","Salud y Bienestar","Limpieza dental | Resina | Endodoncia | Extracción simple | Extracción cordal | Blanqueamiento | Ortodoncia mensual | Radiografía"
"Salud y Bienestar/10-cuentas-por-cobrar-Clinica Dental.xlsx","Cuentas por Cobrar","Clínica Dental","Salud y Bienestar","Limpieza dental | Resina | Endodoncia | Extracción simple | Extracción cordal | Blanqueamiento | Ortodoncia mensual | Radiografía"
"Salud y Bienestar/11-caja-diaria-Clinica Dental.xlsx","Caja Diaria","Clínica Dental","Salud y Bienestar","Limpieza dental | Resina | Endodoncia | Extracción simple | Extracción cordal | Blanqueamiento | Ortodoncia mensual | Radiografía"
"Salud y Bienestar/12-compras-proveedores-Clinica Dental.xlsx","Compras y Proveedores","Clínica Dental","Salud y Bienestar","Limpieza dental | Resina | Endodoncia | Extracción simple | Extracción cordal | Blanqueamiento | Ortodoncia mensual | Radiografía"
"Salud y Bienestar/13-balance-general-Clinica Dental.xlsx","Balance General","Clínica Dental","Salud y Bienestar","Limpieza dental | Resina | Endodoncia | Extracción simple | Extracción cordal | Blanqueamiento | Ortodoncia mensual | Radiografía"
"Salud y Bienestar/14-estado-resultados-Clinica Dental.xlsx","Estado de Resultados","Clínica Dental","Salud y Bienestar","Limpieza dental | Resina | Endodoncia | Extracción simple | Extracción cordal | Blanqueamiento | Ortodoncia mensual | Radiografía"
"Salud y Bienestar/15-flujo-efectivo-indirecto-Clinica Dental.xlsx","Flujo de Efectivo Indirecto","Clínica Dental","Salud y Bienestar","Limpieza dental | Resina | Endodoncia | Extracción simple | Extracción cordal | Blanqueamiento | Ortodoncia mensual | Radiografía"
"Salud y Bienestar/16-conciliacion-bancaria-Clinica Dental.xlsx","Conciliación Bancaria","Clínica Dental","Salud y Bienestar","Limpieza dental | Resina | Endodoncia | Extracción simple | Extracción cordal | Blanqueamiento | Ortodoncia mensual | Radiografía"
"Salud y Bienestar/17-libro-diario-Clinica Dental.xlsx","Libro Diario y Mayor","Clínica Dental","Salud y Bienestar","Limpieza dental | Resina | Endodoncia | Extracción simple | Extracción cordal | Blanqueamiento | Ortodoncia mensual | Radiografía"
"Salud y Bienestar/18-ratios-financieros-Clinica Dental.xlsx","Ratios Financieros","Clínica Dental","Salud y Bienestar","Limpieza dental | Resina | Endodoncia | Extracción simple | Extracción cordal | Blanqueamiento | Ortodoncia mensual | Radiografía"
"Salud y Bienestar/19-control-tributario-Clinica Dental.xlsx","Control Tributario","Clínica Dental","Salud y Bienestar","Limpieza dental | Resina | Endodoncia | Extracción simple | Extracción cordal | Blanqueamiento | Ortodoncia mensual | Radiografía"
"Salud y Bienestar/20-presupuesto-centros-costo-Clinica Dental.xlsx","Presupuesto Centros de Costo","Clínica Dental","Salud y Bienestar","Limpieza dental | Resina | Endodoncia | Extracción simple | Extracción cordal | Blanqueamiento | Ortodoncia mensual | Radiografía"
"Salud y Bienestar/21-activos-fijos-Clinica Dental.xlsx","Activos Fijos y Depreciación","Clínica Dental","Salud y Bienestar","Limpieza dental | Resina | Endodoncia | Extracción simple | Extracción cordal | Blanqueamiento | Ortodoncia mensual | Radiografía"
"Salud y Bienestar/22-punto-equilibrio-Clinica Dental.xlsx","Punto de Equilibrio","Clínica Dental","Salud y Bienestar","Limpieza dental | Resina | Endodoncia | Extracción simple | Extracción cordal | Blanqueamiento | Ortodoncia mensual | Radiografía"
"Salud y Bienestar/23-estados-comparativos-Clinica Dental.xlsx","Estados Comparativos 3 Años","Clínica Dental","Salud y Bienestar","Limpieza dental | Resina | Endodoncia | Extracción simple | Extracción cordal | Blanqueamiento | Ortodoncia mensual | Radiografía"
"Salud y Bienestar/24-costeo-ordenes-Clinica Dental.xlsx","Costeo porÓrdenes de Trabajo","Clínica Dental","Salud y Bienestar","Limpieza dental | Resina | Endodoncia | Extracción simple | Extracción cordal | Blanqueamiento | Ortodoncia mensual | Radiografía"
"Salud y Bienestar/25-calculadora-cts-Clinica Dental.xlsx","Calculadora CTS","Clínica Dental","Salud y Bienestar","Limpieza dental | Resina | Endodoncia | Extracción simple | Extracción cordal | Blanqueamiento | Ortodoncia mensual | Radiografía"
"Salud y Bienestar/26-gratificaciones-Clinica Dental.xlsx","Calculadora Gratificaciones","Clínica Dental","Salud y Bienestar","Limpieza dental | Resina | Endodoncia | Extracción simple | Extracción cordal | Blanqueamiento | Ortodoncia mensual | Radiografía"
"Salud y Bienestar/27-amortizacion-Clinica Dental.xlsx","Cuadro de Amortización","Clínica Dental","Salud y Bienestar","Limpieza dental | Resina | Endodoncia | Extracción simple | Extracción cordal | Blanqueamiento | Ortodoncia mensual | Radiografía"
"Salud y Bienestar/28-vacaciones-Clinica Dental.xlsx","Calculadora Vacaciones","Clínica Dental","Salud y Bienestar","Limpieza dental | Resina | Endodoncia | Extracción simple | Extracción cordal | Blanqueamiento | Ortodoncia mensual | Radiografía"
"Salud y Bienestar/29-afp-onp-Clinica Dental.xlsx","Calculadora AFP/ONP","Clínica Dental","Salud y Bienestar","Limpieza dental | Resina | Endodoncia | Extracción simple | Extracción cordal | Blanqueamiento | Ortodoncia mensual | Radiografía"
"Salud y Bienestar/30-nomina-Clinica Dental.xlsx","Calculadora Nómina","Clínica Dental","Salud y Bienestar","Limpieza dental | Resina | Endodoncia | Extracción simple | Extracción cordal | Blanqueamiento | Ortodoncia mensual | Radiografía"
"Salud y Bienestar/31-roi-Clinica Dental.xlsx","Calculadora ROI","Clínica Dental","Salud y Bienestar","Limpieza dental | Resina | Endodoncia | Extracción simple | Extracción cordal | Blanqueamiento | Ortodoncia mensual | Radiografía"
"Salud y Bienestar/32-ipc-Clinica Dental.xlsx","Calculadora IPC","Clínica Dental","Salud y Bienestar","Limpieza dental | Resina | Endodoncia | Extracción simple | Extracción cordal | Blanqueamiento | Ortodoncia mensual | Radiografía"
"Salud y Bienestar/33-endeudamiento-Clinica Dental.xlsx","Capacidad Endeudamiento","Clínica Dental","Salud y Bienestar","Limpieza dental | Resina | Endodoncia | Extracción simple | Extracción cordal | Blanqueamiento | Ortodoncia mensual | Radiografía"
"Salud y Bienestar/34-proyeccion-flujo-Clinica Dental.xlsx","Proyección Flujo de Caja","Clínica Dental","Salud y Bienestar","Limpieza dental | Resina | Endodoncia | Extracción simple | Extracción cordal | Blanqueamiento | Ortodoncia mensual | Radiografía"
"Salud y Bienestar/01-dashboard-financiero-Laboratorio Clinico.xlsx","Dashboard Financiero","Laboratorio Clínico","Salud y Bienestar","Hemograma | Glucosa | Perfil lipídico | Examen de orina | Prueba de embarazo | Perfil tiroideo | Hepatitis | PCR"
"Salud y Bienestar/02-control-ventas-Laboratorio Clinico.xlsx","Control de Ventas","Laboratorio Clínico","Salud y Bienestar","Hemograma | Glucosa | Perfil lipídico | Examen de orina | Prueba de embarazo | Perfil tiroideo | Hepatitis | PCR"
"Salud y Bienestar/03-inventario-Laboratorio Clinico.xlsx","Control de Inventario","Laboratorio Clínico","Salud y Bienestar","Hemograma | Glucosa | Perfil lipídico | Examen de orina | Prueba de embarazo | Perfil tiroideo | Hepatitis | PCR"
"Salud y Bienestar/04-presupuesto-anual-Laboratorio Clinico.xlsx","Presupuesto Anual","Laboratorio Clínico","Salud y Bienestar","Hemograma | Glucosa | Perfil lipídico | Examen de orina | Prueba de embarazo | Perfil tiroideo | Hepatitis | PCR"
"Salud y Bienestar/05-flujo-de-caja-Laboratorio Clinico.xlsx","Flujo de Caja","Laboratorio Clínico","Salud y Bienestar","Hemograma | Glucosa | Perfil lipídico | Examen de orina | Prueba de embarazo | Perfil tiroideo | Hepatitis | PCR"
"Salud y Bienestar/06-gestion-proyectos-Laboratorio Clinico.xlsx","Gestión de Proyectos","Laboratorio Clínico","Salud y Bienestar","Hemograma | Glucosa | Perfil lipídico | Examen de orina | Prueba de embarazo | Perfil tiroideo | Hepatitis | PCR"
"Salud y Bienestar/07-analisis-kpis-Laboratorio Clinico.xlsx","Análisis de KPIs","Laboratorio Clínico","Salud y Bienestar","Hemograma | Glucosa | Perfil lipídico | Examen de orina | Prueba de embarazo | Perfil tiroideo | Hepatitis | PCR"
"Salud y Bienestar/08-control-gastos-Laboratorio Clinico.xlsx","Control de Gastos","Laboratorio Clínico","Salud y Bienestar","Hemograma | Glucosa | Perfil lipídico | Examen de orina | Prueba de embarazo | Perfil tiroideo | Hepatitis | PCR"
"Salud y Bienestar/09-planilla-personal-Laboratorio Clinico.xlsx","Planilla de Personal","Laboratorio Clínico","Salud y Bienestar","Hemograma | Glucosa | Perfil lipídico | Examen de orina | Prueba de embarazo | Perfil tiroideo | Hepatitis | PCR"
"Salud y Bienestar/10-cuentas-por-cobrar-Laboratorio Clinico.xlsx","Cuentas por Cobrar","Laboratorio Clínico","Salud y Bienestar","Hemograma | Glucosa | Perfil lipídico | Examen de orina | Prueba de embarazo | Perfil tiroideo | Hepatitis | PCR"
"Salud y Bienestar/11-caja-diaria-Laboratorio Clinico.xlsx","Caja Diaria","Laboratorio Clínico","Salud y Bienestar","Hemograma | Glucosa | Perfil lipídico | Examen de orina | Prueba de embarazo | Perfil tiroideo | Hepatitis | PCR"
"Salud y Bienestar/12-compras-proveedores-Laboratorio Clinico.xlsx","Compras y Proveedores","Laboratorio Clínico","Salud y Bienestar","Hemograma | Glucosa | Perfil lipídico | Examen de orina | Prueba de embarazo | Perfil tiroideo | Hepatitis | PCR"
"Salud y Bienestar/13-balance-general-Laboratorio Clinico.xlsx","Balance General","Laboratorio Clínico","Salud y Bienestar","Hemograma | Glucosa | Perfil lipídico | Examen de orina | Prueba de embarazo | Perfil tiroideo | Hepatitis | PCR"
"Salud y Bienestar/14-estado-resultados-Laboratorio Clinico.xlsx","Estado de Resultados","Laboratorio Clínico","Salud y Bienestar","Hemograma | Glucosa | Perfil lipídico | Examen de orina | Prueba de embarazo | Perfil tiroideo | Hepatitis | PCR"
"Salud y Bienestar/15-flujo-efectivo-indirecto-Laboratorio Clinico.xlsx","Flujo de Efectivo Indirecto","Laboratorio Clínico","Salud y Bienestar","Hemograma | Glucosa | Perfil lipídico | Examen de orina | Prueba de embarazo | Perfil tiroideo | Hepatitis | PCR"
"Salud y Bienestar/16-conciliacion-bancaria-Laboratorio Clinico.xlsx","Conciliación Bancaria","Laboratorio Clínico","Salud y Bienestar","Hemograma | Glucosa | Perfil lipídico | Examen de orina | Prueba de embarazo | Perfil tiroideo | Hepatitis | PCR"
"Salud y Bienestar/17-libro-diario-Laboratorio Clinico.xlsx","Libro Diario y Mayor","Laboratorio Clínico","Salud y Bienestar","Hemograma | Glucosa | Perfil lipídico | Examen de orina | Prueba de embarazo | Perfil tiroideo | Hepatitis | PCR"
"Salud y Bienestar/18-ratios-financieros-Laboratorio Clinico.xlsx","Ratios Financieros","Laboratorio Clínico","Salud y Bienestar","Hemograma | Glucosa | Perfil lipídico | Examen de orina | Prueba de embarazo | Perfil tiroideo | Hepatitis | PCR"
"Salud y Bienestar/19-control-tributario-Laboratorio Clinico.xlsx","Control Tributario","Laboratorio Clínico","Salud y Bienestar","Hemograma | Glucosa | Perfil lipídico | Examen de orina | Prueba de embarazo | Perfil tiroideo | Hepatitis | PCR"
"Salud y Bienestar/20-presupuesto-centros-costo-Laboratorio Clinico.xlsx","Presupuesto Centros de Costo","Laboratorio Clínico","Salud y Bienestar","Hemograma | Glucosa | Perfil lipídico | Examen de orina | Prueba de embarazo | Perfil tiroideo | Hepatitis | PCR"
"Salud y Bienestar/21-activos-fijos-Laboratorio Clinico.xlsx","Activos Fijos y Depreciación","Laboratorio Clínico","Salud y Bienestar","Hemograma | Glucosa | Perfil lipídico | Examen de orina | Prueba de embarazo | Perfil tiroideo | Hepatitis | PCR"
"Salud y Bienestar/22-punto-equilibrio-Laboratorio Clinico.xlsx","Punto de Equilibrio","Laboratorio Clínico","Salud y Bienestar","Hemograma | Glucosa | Perfil lipídico | Examen de orina | Prueba de embarazo | Perfil tiroideo | Hepatitis | PCR"
"Salud y Bienestar/23-estados-comparativos-Laboratorio Clinico.xlsx","Estados Comparativos 3 Años","Laboratorio Clínico","Salud y Bienestar","Hemograma | Glucosa | Perfil lipídico | Examen de orina | Prueba de embarazo | Perfil tiroideo | Hepatitis | PCR"
"Salud y Bienestar/24-costeo-ordenes-Laboratorio Clinico.xlsx","Costeo porÓrdenes de Trabajo","Laboratorio Clínico","Salud y Bienestar","Hemograma | Glucosa | Perfil lipídico | Examen de orina | Prueba de embarazo | Perfil tiroideo | Hepatitis | PCR"
"Salud y Bienestar/25-calculadora-cts-Laboratorio Clinico.xlsx","Calculadora CTS","Laboratorio Clínico","Salud y Bienestar","Hemograma | Glucosa | Perfil lipídico | Examen de orina | Prueba de embarazo | Perfil tiroideo | Hepatitis | PCR"
"Salud y Bienestar/26-gratificaciones-Laboratorio Clinico.xlsx","Calculadora Gratificaciones","Laboratorio Clínico","Salud y Bienestar","Hemograma | Glucosa | Perfil lipídico | Examen de orina | Prueba de embarazo | Perfil tiroideo | Hepatitis | PCR"
"Salud y Bienestar/27-amortizacion-Laboratorio Clinico.xlsx","Cuadro de Amortización","Laboratorio Clínico","Salud y Bienestar","Hemograma | Glucosa | Perfil lipídico | Examen de orina | Prueba de embarazo | Perfil tiroideo | Hepatitis | PCR"
"Salud y Bienestar/28-vacaciones-Laboratorio Clinico.xlsx","Calculadora Vacaciones","Laboratorio Clínico","Salud y Bienestar","Hemograma | Glucosa | Perfil lipídico | Examen de orina | Prueba de embarazo | Perfil tiroideo | Hepatitis | PCR"
"Salud y Bienestar/29-afp-onp-Laboratorio Clinico.xlsx","Calculadora AFP/ONP","Laboratorio Clínico","Salud y Bienestar","Hemograma | Glucosa | Perfil lipídico | Examen de orina | Prueba de embarazo | Perfil tiroideo | Hepatitis | PCR"
"Salud y Bienestar/30-nomina-Laboratorio Clinico.xlsx","Calculadora Nómina","Laboratorio Clínico","Salud y Bienestar","Hemograma | Glucosa | Perfil lipídico | Examen de orina | Prueba de embarazo | Perfil tiroideo | Hepatitis | PCR"
"Salud y Bienestar/31-roi-Laboratorio Clinico.xlsx","Calculadora ROI","Laboratorio Clínico","Salud y Bienestar","Hemograma | Glucosa | Perfil lipídico | Examen de orina | Prueba de embarazo | Perfil tiroideo | Hepatitis | PCR"
"Salud y Bienestar/32-ipc-Laboratorio Clinico.xlsx","Calculadora IPC","Laboratorio Clínico","Salud y Bienestar","Hemograma | Glucosa | Perfil lipídico | Examen de orina | Prueba de embarazo | Perfil tiroideo | Hepatitis | PCR"
"Salud y Bienestar/33-endeudamiento-Laboratorio Clinico.xlsx","Capacidad Endeudamiento","Laboratorio Clínico","Salud y Bienestar","Hemograma | Glucosa | Perfil lipídico | Examen de orina | Prueba de embarazo | Perfil tiroideo | Hepatitis | PCR"
"Salud y Bienestar/34-proyeccion-flujo-Laboratorio Clinico.xlsx","Proyección Flujo de Caja","Laboratorio Clínico","Salud y Bienestar","Hemograma | Glucosa | Perfil lipídico | Examen de orina | Prueba de embarazo | Perfil tiroideo | Hepatitis | PCR"
"Salud y Bienestar/01-dashboard-financiero-Veterinaria.xlsx","Dashboard Financiero","Veterinaria","Salud y Bienestar","Consulta general | Vacunación | Desparasitación | Baño y corte | Cirugía menor | Rayos X | Análisis clínicos | Ultrasonido"
"Salud y Bienestar/02-control-ventas-Veterinaria.xlsx","Control de Ventas","Veterinaria","Salud y Bienestar","Consulta general | Vacunación | Desparasitación | Baño y corte | Cirugía menor | Rayos X | Análisis clínicos | Ultrasonido"
"Salud y Bienestar/03-inventario-Veterinaria.xlsx","Control de Inventario","Veterinaria","Salud y Bienestar","Consulta general | Vacunación | Desparasitación | Baño y corte | Cirugía menor | Rayos X | Análisis clínicos | Ultrasonido"
"Salud y Bienestar/04-presupuesto-anual-Veterinaria.xlsx","Presupuesto Anual","Veterinaria","Salud y Bienestar","Consulta general | Vacunación | Desparasitación | Baño y corte | Cirugía menor | Rayos X | Análisis clínicos | Ultrasonido"
"Salud y Bienestar/05-flujo-de-caja-Veterinaria.xlsx","Flujo de Caja","Veterinaria","Salud y Bienestar","Consulta general | Vacunación | Desparasitación | Baño y corte | Cirugía menor | Rayos X | Análisis clínicos | Ultrasonido"
"Salud y Bienestar/06-gestion-proyectos-Veterinaria.xlsx","Gestión de Proyectos","Veterinaria","Salud y Bienestar","Consulta general | Vacunación | Desparasitación | Baño y corte | Cirugía menor | Rayos X | Análisis clínicos | Ultrasonido"
"Salud y Bienestar/07-analisis-kpis-Veterinaria.xlsx","Análisis de KPIs","Veterinaria","Salud y Bienestar","Consulta general | Vacunación | Desparasitación | Baño y corte | Cirugía menor | Rayos X | Análisis clínicos | Ultrasonido"
"Salud y Bienestar/08-control-gastos-Veterinaria.xlsx","Control de Gastos","Veterinaria","Salud y Bienestar","Consulta general | Vacunación | Desparasitación | Baño y corte | Cirugía menor | Rayos X | Análisis clínicos | Ultrasonido"
"Salud y Bienestar/09-planilla-personal-Veterinaria.xlsx","Planilla de Personal","Veterinaria","Salud y Bienestar","Consulta general | Vacunación | Desparasitación | Baño y corte | Cirugía menor | Rayos X | Análisis clínicos | Ultrasonido"
"Salud y Bienestar/10-cuentas-por-cobrar-Veterinaria.xlsx","Cuentas por Cobrar","Veterinaria","Salud y Bienestar","Consulta general | Vacunación | Desparasitación | Baño y corte | Cirugía menor | Rayos X | Análisis clínicos | Ultrasonido"
"Salud y Bienestar/11-caja-diaria-Veterinaria.xlsx","Caja Diaria","Veterinaria","Salud y Bienestar","Consulta general | Vacunación | Desparasitación | Baño y corte | Cirugía menor | Rayos X | Análisis clínicos | Ultrasonido"
"Salud y Bienestar/12-compras-proveedores-Veterinaria.xlsx","Compras y Proveedores","Veterinaria","Salud y Bienestar","Consulta general | Vacunación | Desparasitación | Baño y corte | Cirugía menor | Rayos X | Análisis clínicos | Ultrasonido"
"Salud y Bienestar/13-balance-general-Veterinaria.xlsx","Balance General","Veterinaria","Salud y Bienestar","Consulta general | Vacunación | Desparasitación | Baño y corte | Cirugía menor | Rayos X | Análisis clínicos | Ultrasonido"
"Salud y Bienestar/14-estado-resultados-Veterinaria.xlsx","Estado de Resultados","Veterinaria","Salud y Bienestar","Consulta general | Vacunación | Desparasitación | Baño y corte | Cirugía menor | Rayos X | Análisis clínicos | Ultrasonido"
"Salud y Bienestar/15-flujo-efectivo-indirecto-Veterinaria.xlsx","Flujo de Efectivo Indirecto","Veterinaria","Salud y Bienestar","Consulta general | Vacunación | Desparasitación | Baño y corte | Cirugía menor | Rayos X | Análisis clínicos | Ultrasonido"
"Salud y Bienestar/16-conciliacion-bancaria-Veterinaria.xlsx","Conciliación Bancaria","Veterinaria","Salud y Bienestar","Consulta general | Vacunación | Desparasitación | Baño y corte | Cirugía menor | Rayos X | Análisis clínicos | Ultrasonido"
"Salud y Bienestar/17-libro-diario-Veterinaria.xlsx","Libro Diario y Mayor","Veterinaria","Salud y Bienestar","Consulta general | Vacunación | Desparasitación | Baño y corte | Cirugía menor | Rayos X | Análisis clínicos | Ultrasonido"
"Salud y Bienestar/18-ratios-financieros-Veterinaria.xlsx","Ratios Financieros","Veterinaria","Salud y Bienestar","Consulta general | Vacunación | Desparasitación | Baño y corte | Cirugía menor | Rayos X | Análisis clínicos | Ultrasonido"
"Salud y Bienestar/19-control-tributario-Veterinaria.xlsx","Control Tributario","Veterinaria","Salud y Bienestar","Consulta general | Vacunación | Desparasitación | Baño y corte | Cirugía menor | Rayos X | Análisis clínicos | Ultrasonido"
"Salud y Bienestar/20-presupuesto-centros-costo-Veterinaria.xlsx","Presupuesto Centros de Costo","Veterinaria","Salud y Bienestar","Consulta general | Vacunación | Desparasitación | Baño y corte | Cirugía menor | Rayos X | Análisis clínicos | Ultrasonido"
"Salud y Bienestar/21-activos-fijos-Veterinaria.xlsx","Activos Fijos y Depreciación","Veterinaria","Salud y Bienestar","Consulta general | Vacunación | Desparasitación | Baño y corte | Cirugía menor | Rayos X | Análisis clínicos | Ultrasonido"
"Salud y Bienestar/22-punto-equilibrio-Veterinaria.xlsx","Punto de Equilibrio","Veterinaria","Salud y Bienestar","Consulta general | Vacunación | Desparasitación | Baño y corte | Cirugía menor | Rayos X | Análisis clínicos | Ultrasonido"
"Salud y Bienestar/23-estados-comparativos-Veterinaria.xlsx","Estados Comparativos 3 Años","Veterinaria","Salud y Bienestar","Consulta general | Vacunación | Desparasitación | Baño y corte | Cirugía menor | Rayos X | Análisis clínicos | Ultrasonido"
"Salud y Bienestar/24-costeo-ordenes-Veterinaria.xlsx","Costeo porÓrdenes de Trabajo","Veterinaria","Salud y Bienestar","Consulta general | Vacunación | Desparasitación | Baño y corte | Cirugía menor | Rayos X | Análisis clínicos | Ultrasonido"
"Salud y Bienestar/25-calculadora-cts-Veterinaria.xlsx","Calculadora CTS","Veterinaria","Salud y Bienestar","Consulta general | Vacunación | Desparasitación | Baño y corte | Cirugía menor | Rayos X | Análisis clínicos | Ultrasonido"
"Salud y Bienestar/26-gratificaciones-Veterinaria.xlsx","Calculadora Gratificaciones","Veterinaria","Salud y Bienestar","Consulta general | Vacunación | Desparasitación | Baño y corte | Cirugía menor | Rayos X | Análisis clínicos | Ultrasonido"
"Salud y Bienestar/27-amortizacion-Veterinaria.xlsx","Cuadro de Amortización","Veterinaria","Salud y Bienestar","Consulta general | Vacunación | Desparasitación | Baño y corte | Cirugía menor | Rayos X | Análisis clínicos | Ultrasonido"
"Salud y Bienestar/28-vacaciones-Veterinaria.xlsx","Calculadora Vacaciones","Veterinaria","Salud y Bienestar","Consulta general | Vacunación | Desparasitación | Baño y corte | Cirugía menor | Rayos X | Análisis clínicos | Ultrasonido"
"Salud y Bienestar/29-afp-onp-Veterinaria.xlsx","Calculadora AFP/ONP","Veterinaria","Salud y Bienestar","Consulta general | Vacunación | Desparasitación | Baño y corte | Cirugía menor | Rayos X | Análisis clínicos | Ultrasonido"
"Salud y Bienestar/30-nomina-Veterinaria.xlsx","Calculadora Nómina","Veterinaria","Salud y Bienestar","Consulta general | Vacunación | Desparasitación | Baño y corte | Cirugía menor | Rayos X | Análisis clínicos | Ultrasonido"
"Salud y Bienestar/31-roi-Veterinaria.xlsx","Calculadora ROI","Veterinaria","Salud y Bienestar","Consulta general | Vacunación | Desparasitación | Baño y corte | Cirugía menor | Rayos X | Análisis clínicos | Ultrasonido"
"Salud y Bienestar/32-ipc-Veterinaria.xlsx","Calculadora IPC","Veterinaria","Salud y Bienestar","Consulta general | Vacunación | Desparasitación | Baño y corte | Cirugía menor | Rayos X | Análisis clínicos | Ultrasonido"
"Salud y Bienestar/33-endeudamiento-Veterinaria.xlsx","Capacidad Endeudamiento","Veterinaria","Salud y Bienestar","Consulta general | Vacunación | Desparasitación | Baño y corte | Cirugía menor | Rayos X | Análisis clínicos | Ultrasonido"
"Salud y Bienestar/34-proyeccion-flujo-Veterinaria.xlsx","Proyección Flujo de Caja","Veterinaria","Salud y Bienestar","Consulta general | Vacunación | Desparasitación | Baño y corte | Cirugía menor | Rayos X | Análisis clínicos | Ultrasonido"
"Salud y Bienestar/01-dashboard-financiero-Psicologia.xlsx","Dashboard Financiero","Psicología","Salud y Bienestar","Sesión individual | Sesión de pareja | Terapia infantil | Evaluación psicológica | Terapia online | Orientación vocacional | Terapia familiar | Informes psicológicos"
"Salud y Bienestar/02-control-ventas-Psicologia.xlsx","Control de Ventas","Psicología","Salud y Bienestar","Sesión individual | Sesión de pareja | Terapia infantil | Evaluación psicológica | Terapia online | Orientación vocacional | Terapia familiar | Informes psicológicos"
"Salud y Bienestar/03-inventario-Psicologia.xlsx","Control de Inventario","Psicología","Salud y Bienestar","Sesión individual | Sesión de pareja | Terapia infantil | Evaluación psicológica | Terapia online | Orientación vocacional | Terapia familiar | Informes psicológicos"
"Salud y Bienestar/04-presupuesto-anual-Psicologia.xlsx","Presupuesto Anual","Psicología","Salud y Bienestar","Sesión individual | Sesión de pareja | Terapia infantil | Evaluación psicológica | Terapia online | Orientación vocacional | Terapia familiar | Informes psicológicos"
"Salud y Bienestar/05-flujo-de-caja-Psicologia.xlsx","Flujo de Caja","Psicología","Salud y Bienestar","Sesión individual | Sesión de pareja | Terapia infantil | Evaluación psicológica | Terapia online | Orientación vocacional | Terapia familiar | Informes psicológicos"
"Salud y Bienestar/06-gestion-proyectos-Psicologia.xlsx","Gestión de Proyectos","Psicología","Salud y Bienestar","Sesión individual | Sesión de pareja | Terapia infantil | Evaluación psicológica | Terapia online | Orientación vocacional | Terapia familiar | Informes psicológicos"
"Salud y Bienestar/07-analisis-kpis-Psicologia.xlsx","Análisis de KPIs","Psicología","Salud y Bienestar","Sesión individual | Sesión de pareja | Terapia infantil | Evaluación psicológica | Terapia online | Orientación vocacional | Terapia familiar | Informes psicológicos"
"Salud y Bienestar/08-control-gastos-Psicologia.xlsx","Control de Gastos","Psicología","Salud y Bienestar","Sesión individual | Sesión de pareja | Terapia infantil | Evaluación psicológica | Terapia online | Orientación vocacional | Terapia familiar | Informes psicológicos"
"Salud y Bienestar/09-planilla-personal-Psicologia.xlsx","Planilla de Personal","Psicología","Salud y Bienestar","Sesión individual | Sesión de pareja | Terapia infantil | Evaluación psicológica | Terapia online | Orientación vocacional | Terapia familiar | Informes psicológicos"
"Salud y Bienestar/10-cuentas-por-cobrar-Psicologia.xlsx","Cuentas por Cobrar","Psicología","Salud y Bienestar","Sesión individual | Sesión de pareja | Terapia infantil | Evaluación psicológica | Terapia online | Orientación vocacional | Terapia familiar | Informes psicológicos"
"Salud y Bienestar/11-caja-diaria-Psicologia.xlsx","Caja Diaria","Psicología","Salud y Bienestar","Sesión individual | Sesión de pareja | Terapia infantil | Evaluación psicológica | Terapia online | Orientación vocacional | Terapia familiar | Informes psicológicos"
"Salud y Bienestar/12-compras-proveedores-Psicologia.xlsx","Compras y Proveedores","Psicología","Salud y Bienestar","Sesión individual | Sesión de pareja | Terapia infantil | Evaluación psicológica | Terapia online | Orientación vocacional | Terapia familiar | Informes psicológicos"
"Salud y Bienestar/13-balance-general-Psicologia.xlsx","Balance General","Psicología","Salud y Bienestar","Sesión individual | Sesión de pareja | Terapia infantil | Evaluación psicológica | Terapia online | Orientación vocacional | Terapia familiar | Informes psicológicos"
"Salud y Bienestar/14-estado-resultados-Psicologia.xlsx","Estado de Resultados","Psicología","Salud y Bienestar","Sesión individual | Sesión de pareja | Terapia infantil | Evaluación psicológica | Terapia online | Orientación vocacional | Terapia familiar | Informes psicológicos"
"Salud y Bienestar/15-flujo-efectivo-indirecto-Psicologia.xlsx","Flujo de Efectivo Indirecto","Psicología","Salud y Bienestar","Sesión individual | Sesión de pareja | Terapia infantil | Evaluación psicológica | Terapia online | Orientación vocacional | Terapia familiar | Informes psicológicos"
"Salud y Bienestar/16-conciliacion-bancaria-Psicologia.xlsx","Conciliación Bancaria","Psicología","Salud y Bienestar","Sesión individual | Sesión de pareja | Terapia infantil | Evaluación psicológica | Terapia online | Orientación vocacional | Terapia familiar | Informes psicológicos"
"Salud y Bienestar/17-libro-diario-Psicologia.xlsx","Libro Diario y Mayor","Psicología","Salud y Bienestar","Sesión individual | Sesión de pareja | Terapia infantil | Evaluación psicológica | Terapia online | Orientación vocacional | Terapia familiar | Informes psicológicos"
"Salud y Bienestar/18-ratios-financieros-Psicologia.xlsx","Ratios Financieros","Psicología","Salud y Bienestar","Sesión individual | Sesión de pareja | Terapia infantil | Evaluación psicológica | Terapia online | Orientación vocacional | Terapia familiar | Informes psicológicos"
"Salud y Bienestar/19-control-tributario-Psicologia.xlsx","Control Tributario","Psicología","Salud y Bienestar","Sesión individual | Sesión de pareja | Terapia infantil | Evaluación psicológica | Terapia online | Orientación vocacional | Terapia familiar | Informes psicológicos"
"Salud y Bienestar/20-presupuesto-centros-costo-Psicologia.xlsx","Presupuesto Centros de Costo","Psicología","Salud y Bienestar","Sesión individual | Sesión de pareja | Terapia infantil | Evaluación psicológica | Terapia online | Orientación vocacional | Terapia familiar | Informes psicológicos"
"Salud y Bienestar/21-activos-fijos-Psicologia.xlsx","Activos Fijos y Depreciación","Psicología","Salud y Bienestar","Sesión individual | Sesión de pareja | Terapia infantil | Evaluación psicológica | Terapia online | Orientación vocacional | Terapia familiar | Informes psicológicos"
"Salud y Bienestar/22-punto-equilibrio-Psicologia.xlsx","Punto de Equilibrio","Psicología","Salud y Bienestar","Sesión individual | Sesión de pareja | Terapia infantil | Evaluación psicológica | Terapia online | Orientación vocacional | Terapia familiar | Informes psicológicos"
"Salud y Bienestar/23-estados-comparativos-Psicologia.xlsx","Estados Comparativos 3 Años","Psicología","Salud y Bienestar","Sesión individual | Sesión de pareja | Terapia infantil | Evaluación psicológica | Terapia online | Orientación vocacional | Terapia familiar | Informes psicológicos"
"Salud y Bienestar/24-costeo-ordenes-Psicologia.xlsx","Costeo porÓrdenes de Trabajo","Psicología","Salud y Bienestar","Sesión individual | Sesión de pareja | Terapia infantil | Evaluación psicológica | Terapia online | Orientación vocacional | Terapia familiar | Informes psicológicos"
"Salud y Bienestar/25-calculadora-cts-Psicologia.xlsx","Calculadora CTS","Psicología","Salud y Bienestar","Sesión individual | Sesión de pareja | Terapia infantil | Evaluación psicológica | Terapia online | Orientación vocacional | Terapia familiar | Informes psicológicos"
"Salud y Bienestar/26-gratificaciones-Psicologia.xlsx","Calculadora Gratificaciones","Psicología","Salud y Bienestar","Sesión individual | Sesión de pareja | Terapia infantil | Evaluación psicológica | Terapia online | Orientación vocacional | Terapia familiar | Informes psicológicos"
"Salud y Bienestar/27-amortizacion-Psicologia.xlsx","Cuadro de Amortización","Psicología","Salud y Bienestar","Sesión individual | Sesión de pareja | Terapia infantil | Evaluación psicológica | Terapia online | Orientación vocacional | Terapia familiar | Informes psicológicos"
"Salud y Bienestar/28-vacaciones-Psicologia.xlsx","Calculadora Vacaciones","Psicología","Salud y Bienestar","Sesión individual | Sesión de pareja | Terapia infantil | Evaluación psicológica | Terapia online | Orientación vocacional | Terapia familiar | Informes psicológicos"
"Salud y Bienestar/29-afp-onp-Psicologia.xlsx","Calculadora AFP/ONP","Psicología","Salud y Bienestar","Sesión individual | Sesión de pareja | Terapia infantil | Evaluación psicológica | Terapia online | Orientación vocacional | Terapia familiar | Informes psicológicos"
"Salud y Bienestar/30-nomina-Psicologia.xlsx","Calculadora Nómina","Psicología","Salud y Bienestar","Sesión individual | Sesión de pareja | Terapia infantil | Evaluación psicológica | Terapia online | Orientación vocacional | Terapia familiar | Informes psicológicos"
"Salud y Bienestar/31-roi-Psicologia.xlsx","Calculadora ROI","Psicología","Salud y Bienestar","Sesión individual | Sesión de pareja | Terapia infantil | Evaluación psicológica | Terapia online | Orientación vocacional | Terapia familiar | Informes psicológicos"
"Salud y Bienestar/32-ipc-Psicologia.xlsx","Calculadora IPC","Psicología","Salud y Bienestar","Sesión individual | Sesión de pareja | Terapia infantil | Evaluación psicológica | Terapia online | Orientación vocacional | Terapia familiar | Informes psicológicos"
"Salud y Bienestar/33-endeudamiento-Psicologia.xlsx","Capacidad Endeudamiento","Psicología","Salud y Bienestar","Sesión individual | Sesión de pareja | Terapia infantil | Evaluación psicológica | Terapia online | Orientación vocacional | Terapia familiar | Informes psicológicos"
"Salud y Bienestar/34-proyeccion-flujo-Psicologia.xlsx","Proyección Flujo de Caja","Psicología","Salud y Bienestar","Sesión individual | Sesión de pareja | Terapia infantil | Evaluación psicológica | Terapia online | Orientación vocacional | Terapia familiar | Informes psicológicos"
"Salud y Bienestar/01-dashboard-financiero-Nutricion.xlsx","Dashboard Financiero","Nutrición","Salud y Bienestar","Consulta inicial | Plan de alimentación | Seguimiento mensual | Plan deportivo | Control de peso | Plan familiar | Bioimpedancia | Consulta online"
"Salud y Bienestar/02-control-ventas-Nutricion.xlsx","Control de Ventas","Nutrición","Salud y Bienestar","Consulta inicial | Plan de alimentación | Seguimiento mensual | Plan deportivo | Control de peso | Plan familiar | Bioimpedancia | Consulta online"
"Salud y Bienestar/03-inventario-Nutricion.xlsx","Control de Inventario","Nutrición","Salud y Bienestar","Consulta inicial | Plan de alimentación | Seguimiento mensual | Plan deportivo | Control de peso | Plan familiar | Bioimpedancia | Consulta online"
"Salud y Bienestar/04-presupuesto-anual-Nutricion.xlsx","Presupuesto Anual","Nutrición","Salud y Bienestar","Consulta inicial | Plan de alimentación | Seguimiento mensual | Plan deportivo | Control de peso | Plan familiar | Bioimpedancia | Consulta online"
"Salud y Bienestar/05-flujo-de-caja-Nutricion.xlsx","Flujo de Caja","Nutrición","Salud y Bienestar","Consulta inicial | Plan de alimentación | Seguimiento mensual | Plan deportivo | Control de peso | Plan familiar | Bioimpedancia | Consulta online"
"Salud y Bienestar/06-gestion-proyectos-Nutricion.xlsx","Gestión de Proyectos","Nutrición","Salud y Bienestar","Consulta inicial | Plan de alimentación | Seguimiento mensual | Plan deportivo | Control de peso | Plan familiar | Bioimpedancia | Consulta online"
"Salud y Bienestar/07-analisis-kpis-Nutricion.xlsx","Análisis de KPIs","Nutrición","Salud y Bienestar","Consulta inicial | Plan de alimentación | Seguimiento mensual | Plan deportivo | Control de peso | Plan familiar | Bioimpedancia | Consulta online"
"Salud y Bienestar/08-control-gastos-Nutricion.xlsx","Control de Gastos","Nutrición","Salud y Bienestar","Consulta inicial | Plan de alimentación | Seguimiento mensual | Plan deportivo | Control de peso | Plan familiar | Bioimpedancia | Consulta online"
"Salud y Bienestar/09-planilla-personal-Nutricion.xlsx","Planilla de Personal","Nutrición","Salud y Bienestar","Consulta inicial | Plan de alimentación | Seguimiento mensual | Plan deportivo | Control de peso | Plan familiar | Bioimpedancia | Consulta online"
"Salud y Bienestar/10-cuentas-por-cobrar-Nutricion.xlsx","Cuentas por Cobrar","Nutrición","Salud y Bienestar","Consulta inicial | Plan de alimentación | Seguimiento mensual | Plan deportivo | Control de peso | Plan familiar | Bioimpedancia | Consulta online"
"Salud y Bienestar/11-caja-diaria-Nutricion.xlsx","Caja Diaria","Nutrición","Salud y Bienestar","Consulta inicial | Plan de alimentación | Seguimiento mensual | Plan deportivo | Control de peso | Plan familiar | Bioimpedancia | Consulta online"
"Salud y Bienestar/12-compras-proveedores-Nutricion.xlsx","Compras y Proveedores","Nutrición","Salud y Bienestar","Consulta inicial | Plan de alimentación | Seguimiento mensual | Plan deportivo | Control de peso | Plan familiar | Bioimpedancia | Consulta online"
"Salud y Bienestar/13-balance-general-Nutricion.xlsx","Balance General","Nutrición","Salud y Bienestar","Consulta inicial | Plan de alimentación | Seguimiento mensual | Plan deportivo | Control de peso | Plan familiar | Bioimpedancia | Consulta online"
"Salud y Bienestar/14-estado-resultados-Nutricion.xlsx","Estado de Resultados","Nutrición","Salud y Bienestar","Consulta inicial | Plan de alimentación | Seguimiento mensual | Plan deportivo | Control de peso | Plan familiar | Bioimpedancia | Consulta online"
"Salud y Bienestar/15-flujo-efectivo-indirecto-Nutricion.xlsx","Flujo de Efectivo Indirecto","Nutrición","Salud y Bienestar","Consulta inicial | Plan de alimentación | Seguimiento mensual | Plan deportivo | Control de peso | Plan familiar | Bioimpedancia | Consulta online"
"Salud y Bienestar/16-conciliacion-bancaria-Nutricion.xlsx","Conciliación Bancaria","Nutrición","Salud y Bienestar","Consulta inicial | Plan de alimentación | Seguimiento mensual | Plan deportivo | Control de peso | Plan familiar | Bioimpedancia | Consulta online"
"Salud y Bienestar/17-libro-diario-Nutricion.xlsx","Libro Diario y Mayor","Nutrición","Salud y Bienestar","Consulta inicial | Plan de alimentación | Seguimiento mensual | Plan deportivo | Control de peso | Plan familiar | Bioimpedancia | Consulta online"
"Salud y Bienestar/18-ratios-financieros-Nutricion.xlsx","Ratios Financieros","Nutrición","Salud y Bienestar","Consulta inicial | Plan de alimentación | Seguimiento mensual | Plan deportivo | Control de peso | Plan familiar | Bioimpedancia | Consulta online"
"Salud y Bienestar/19-control-tributario-Nutricion.xlsx","Control Tributario","Nutrición","Salud y Bienestar","Consulta inicial | Plan de alimentación | Seguimiento mensual | Plan deportivo | Control de peso | Plan familiar | Bioimpedancia | Consulta online"
"Salud y Bienestar/20-presupuesto-centros-costo-Nutricion.xlsx","Presupuesto Centros de Costo","Nutrición","Salud y Bienestar","Consulta inicial | Plan de alimentación | Seguimiento mensual | Plan deportivo | Control de peso | Plan familiar | Bioimpedancia | Consulta online"
"Salud y Bienestar/21-activos-fijos-Nutricion.xlsx","Activos Fijos y Depreciación","Nutrición","Salud y Bienestar","Consulta inicial | Plan de alimentación | Seguimiento mensual | Plan deportivo | Control de peso | Plan familiar | Bioimpedancia | Consulta online"
"Salud y Bienestar/22-punto-equilibrio-Nutricion.xlsx","Punto de Equilibrio","Nutrición","Salud y Bienestar","Consulta inicial | Plan de alimentación | Seguimiento mensual | Plan deportivo | Control de peso | Plan familiar | Bioimpedancia | Consulta online"
"Salud y Bienestar/23-estados-comparativos-Nutricion.xlsx","Estados Comparativos 3 Años","Nutrición","Salud y Bienestar","Consulta inicial | Plan de alimentación | Seguimiento mensual | Plan deportivo | Control de peso | Plan familiar | Bioimpedancia | Consulta online"
"Salud y Bienestar/24-costeo-ordenes-Nutricion.xlsx","Costeo porÓrdenes de Trabajo","Nutrición","Salud y Bienestar","Consulta inicial | Plan de alimentación | Seguimiento mensual | Plan deportivo | Control de peso | Plan familiar | Bioimpedancia | Consulta online"
"Salud y Bienestar/25-calculadora-cts-Nutricion.xlsx","Calculadora CTS","Nutrición","Salud y Bienestar","Consulta inicial | Plan de alimentación | Seguimiento mensual | Plan deportivo | Control de peso | Plan familiar | Bioimpedancia | Consulta online"
"Salud y Bienestar/26-gratificaciones-Nutricion.xlsx","Calculadora Gratificaciones","Nutrición","Salud y Bienestar","Consulta inicial | Plan de alimentación | Seguimiento mensual | Plan deportivo | Control de peso | Plan familiar | Bioimpedancia | Consulta online"
"Salud y Bienestar/27-amortizacion-Nutricion.xlsx","Cuadro de Amortización","Nutrición","Salud y Bienestar","Consulta inicial | Plan de alimentación | Seguimiento mensual | Plan deportivo | Control de peso | Plan familiar | Bioimpedancia | Consulta online"
"Salud y Bienestar/28-vacaciones-Nutricion.xlsx","Calculadora Vacaciones","Nutrición","Salud y Bienestar","Consulta inicial | Plan de alimentación | Seguimiento mensual | Plan deportivo | Control de peso | Plan familiar | Bioimpedancia | Consulta online"
"Salud y Bienestar/29-afp-onp-Nutricion.xlsx","Calculadora AFP/ONP","Nutrición","Salud y Bienestar","Consulta inicial | Plan de alimentación | Seguimiento mensual | Plan deportivo | Control de peso | Plan familiar | Bioimpedancia | Consulta online"
"Salud y Bienestar/30-nomina-Nutricion.xlsx","Calculadora Nómina","Nutrición","Salud y Bienestar","Consulta inicial | Plan de alimentación | Seguimiento mensual | Plan deportivo | Control de peso | Plan familiar | Bioimpedancia | Consulta online"
"Salud y Bienestar/31-roi-Nutricion.xlsx","Calculadora ROI","Nutrición","Salud y Bienestar","Consulta inicial | Plan de alimentación | Seguimiento mensual | Plan deportivo | Control de peso | Plan familiar | Bioimpedancia | Consulta online"
"Salud y Bienestar/32-ipc-Nutricion.xlsx","Calculadora IPC","Nutrición","Salud y Bienestar","Consulta inicial | Plan de alimentación | Seguimiento mensual | Plan deportivo | Control de peso | Plan familiar | Bioimpedancia | Consulta online"
"Salud y Bienestar/33-endeudamiento-Nutricion.xlsx","Capacidad Endeudamiento","Nutrición","Salud y Bienestar","Consulta inicial | Plan de alimentación | Seguimiento mensual | Plan deportivo | Control de peso | Plan familiar | Bioimpedancia | Consulta online"
"Salud y Bienestar/34-proyeccion-flujo-Nutricion.xlsx","Proyección Flujo de Caja","Nutrición","Salud y Bienestar","Consulta inicial | Plan de alimentación | Seguimiento mensual | Plan deportivo | Control de peso | Plan familiar | Bioimpedancia | Consulta online"
"Salud y Bienestar/01-dashboard-financiero-Fisioterapia.xlsx","Dashboard Financiero","Fisioterapia","Salud y Bienestar","Sesión de fisioterapia | Pack 10 sesiones | Electroterapia | Masaje terapéutico | Rehabilitación deportiva | Terapia manual | Punción seca | Evaluación inicial"
"Salud y Bienestar/02-control-ventas-Fisioterapia.xlsx","Control de Ventas","Fisioterapia","Salud y Bienestar","Sesión de fisioterapia | Pack 10 sesiones | Electroterapia | Masaje terapéutico | Rehabilitación deportiva | Terapia manual | Punción seca | Evaluación inicial"
"Salud y Bienestar/03-inventario-Fisioterapia.xlsx","Control de Inventario","Fisioterapia","Salud y Bienestar","Sesión de fisioterapia | Pack 10 sesiones | Electroterapia | Masaje terapéutico | Rehabilitación deportiva | Terapia manual | Punción seca | Evaluación inicial"
"Salud y Bienestar/04-presupuesto-anual-Fisioterapia.xlsx","Presupuesto Anual","Fisioterapia","Salud y Bienestar","Sesión de fisioterapia | Pack 10 sesiones | Electroterapia | Masaje terapéutico | Rehabilitación deportiva | Terapia manual | Punción seca | Evaluación inicial"
"Salud y Bienestar/05-flujo-de-caja-Fisioterapia.xlsx","Flujo de Caja","Fisioterapia","Salud y Bienestar","Sesión de fisioterapia | Pack 10 sesiones | Electroterapia | Masaje terapéutico | Rehabilitación deportiva | Terapia manual | Punción seca | Evaluación inicial"
"Salud y Bienestar/06-gestion-proyectos-Fisioterapia.xlsx","Gestión de Proyectos","Fisioterapia","Salud y Bienestar","Sesión de fisioterapia | Pack 10 sesiones | Electroterapia | Masaje terapéutico | Rehabilitación deportiva | Terapia manual | Punción seca | Evaluación inicial"
"Salud y Bienestar/07-analisis-kpis-Fisioterapia.xlsx","Análisis de KPIs","Fisioterapia","Salud y Bienestar","Sesión de fisioterapia | Pack 10 sesiones | Electroterapia | Masaje terapéutico | Rehabilitación deportiva | Terapia manual | Punción seca | Evaluación inicial"
"Salud y Bienestar/08-control-gastos-Fisioterapia.xlsx","Control de Gastos","Fisioterapia","Salud y Bienestar","Sesión de fisioterapia | Pack 10 sesiones | Electroterapia | Masaje terapéutico | Rehabilitación deportiva | Terapia manual | Punción seca | Evaluación inicial"
"Salud y Bienestar/09-planilla-personal-Fisioterapia.xlsx","Planilla de Personal","Fisioterapia","Salud y Bienestar","Sesión de fisioterapia | Pack 10 sesiones | Electroterapia | Masaje terapéutico | Rehabilitación deportiva | Terapia manual | Punción seca | Evaluación inicial"
"Salud y Bienestar/10-cuentas-por-cobrar-Fisioterapia.xlsx","Cuentas por Cobrar","Fisioterapia","Salud y Bienestar","Sesión de fisioterapia | Pack 10 sesiones | Electroterapia | Masaje terapéutico | Rehabilitación deportiva | Terapia manual | Punción seca | Evaluación inicial"
"Salud y Bienestar/11-caja-diaria-Fisioterapia.xlsx","Caja Diaria","Fisioterapia","Salud y Bienestar","Sesión de fisioterapia | Pack 10 sesiones | Electroterapia | Masaje terapéutico | Rehabilitación deportiva | Terapia manual | Punción seca | Evaluación inicial"
"Salud y Bienestar/12-compras-proveedores-Fisioterapia.xlsx","Compras y Proveedores","Fisioterapia","Salud y Bienestar","Sesión de fisioterapia | Pack 10 sesiones | Electroterapia | Masaje terapéutico | Rehabilitación deportiva | Terapia manual | Punción seca | Evaluación inicial"
"Salud y Bienestar/13-balance-general-Fisioterapia.xlsx","Balance General","Fisioterapia","Salud y Bienestar","Sesión de fisioterapia | Pack 10 sesiones | Electroterapia | Masaje terapéutico | Rehabilitación deportiva | Terapia manual | Punción seca | Evaluación inicial"
"Salud y Bienestar/14-estado-resultados-Fisioterapia.xlsx","Estado de Resultados","Fisioterapia","Salud y Bienestar","Sesión de fisioterapia | Pack 10 sesiones | Electroterapia | Masaje terapéutico | Rehabilitación deportiva | Terapia manual | Punción seca | Evaluación inicial"
"Salud y Bienestar/15-flujo-efectivo-indirecto-Fisioterapia.xlsx","Flujo de Efectivo Indirecto","Fisioterapia","Salud y Bienestar","Sesión de fisioterapia | Pack 10 sesiones | Electroterapia | Masaje terapéutico | Rehabilitación deportiva | Terapia manual | Punción seca | Evaluación inicial"
"Salud y Bienestar/16-conciliacion-bancaria-Fisioterapia.xlsx","Conciliación Bancaria","Fisioterapia","Salud y Bienestar","Sesión de fisioterapia | Pack 10 sesiones | Electroterapia | Masaje terapéutico | Rehabilitación deportiva | Terapia manual | Punción seca | Evaluación inicial"
"Salud y Bienestar/17-libro-diario-Fisioterapia.xlsx","Libro Diario y Mayor","Fisioterapia","Salud y Bienestar","Sesión de fisioterapia | Pack 10 sesiones | Electroterapia | Masaje terapéutico | Rehabilitación deportiva | Terapia manual | Punción seca | Evaluación inicial"
"Salud y Bienestar/18-ratios-financieros-Fisioterapia.xlsx","Ratios Financieros","Fisioterapia","Salud y Bienestar","Sesión de fisioterapia | Pack 10 sesiones | Electroterapia | Masaje terapéutico | Rehabilitación deportiva | Terapia manual | Punción seca | Evaluación inicial"
"Salud y Bienestar/19-control-tributario-Fisioterapia.xlsx","Control Tributario","Fisioterapia","Salud y Bienestar","Sesión de fisioterapia | Pack 10 sesiones | Electroterapia | Masaje terapéutico | Rehabilitación deportiva | Terapia manual | Punción seca | Evaluación inicial"
"Salud y Bienestar/20-presupuesto-centros-costo-Fisioterapia.xlsx","Presupuesto Centros de Costo","Fisioterapia","Salud y Bienestar","Sesión de fisioterapia | Pack 10 sesiones | Electroterapia | Masaje terapéutico | Rehabilitación deportiva | Terapia manual | Punción seca | Evaluación inicial"
"Salud y Bienestar/21-activos-fijos-Fisioterapia.xlsx","Activos Fijos y Depreciación","Fisioterapia","Salud y Bienestar","Sesión de fisioterapia | Pack 10 sesiones | Electroterapia | Masaje terapéutico | Rehabilitación deportiva | Terapia manual | Punción seca | Evaluación inicial"
"Salud y Bienestar/22-punto-equilibrio-Fisioterapia.xlsx","Punto de Equilibrio","Fisioterapia","Salud y Bienestar","Sesión de fisioterapia | Pack 10 sesiones | Electroterapia | Masaje terapéutico | Rehabilitación deportiva | Terapia manual | Punción seca | Evaluación inicial"
"Salud y Bienestar/23-estados-comparativos-Fisioterapia.xlsx","Estados Comparativos 3 Años","Fisioterapia","Salud y Bienestar","Sesión de fisioterapia | Pack 10 sesiones | Electroterapia | Masaje terapéutico | Rehabilitación deportiva | Terapia manual | Punción seca | Evaluación inicial"
"Salud y Bienestar/24-costeo-ordenes-Fisioterapia.xlsx","Costeo porÓrdenes de Trabajo","Fisioterapia","Salud y Bienestar","Sesión de fisioterapia | Pack 10 sesiones | Electroterapia | Masaje terapéutico | Rehabilitación deportiva | Terapia manual | Punción seca | Evaluación inicial"
"Salud y Bienestar/25-calculadora-cts-Fisioterapia.xlsx","Calculadora CTS","Fisioterapia","Salud y Bienestar","Sesión de fisioterapia | Pack 10 sesiones | Electroterapia | Masaje terapéutico | Rehabilitación deportiva | Terapia manual | Punción seca | Evaluación inicial"
"Salud y Bienestar/26-gratificaciones-Fisioterapia.xlsx","Calculadora Gratificaciones","Fisioterapia","Salud y Bienestar","Sesión de fisioterapia | Pack 10 sesiones | Electroterapia | Masaje terapéutico | Rehabilitación deportiva | Terapia manual | Punción seca | Evaluación inicial"
"Salud y Bienestar/27-amortizacion-Fisioterapia.xlsx","Cuadro de Amortización","Fisioterapia","Salud y Bienestar","Sesión de fisioterapia | Pack 10 sesiones | Electroterapia | Masaje terapéutico | Rehabilitación deportiva | Terapia manual | Punción seca | Evaluación inicial"
"Salud y Bienestar/28-vacaciones-Fisioterapia.xlsx","Calculadora Vacaciones","Fisioterapia","Salud y Bienestar","Sesión de fisioterapia | Pack 10 sesiones | Electroterapia | Masaje terapéutico | Rehabilitación deportiva | Terapia manual | Punción seca | Evaluación inicial"
"Salud y Bienestar/29-afp-onp-Fisioterapia.xlsx","Calculadora AFP/ONP","Fisioterapia","Salud y Bienestar","Sesión de fisioterapia | Pack 10 sesiones | Electroterapia | Masaje terapéutico | Rehabilitación deportiva | Terapia manual | Punción seca | Evaluación inicial"
"Salud y Bienestar/30-nomina-Fisioterapia.xlsx","Calculadora Nómina","Fisioterapia","Salud y Bienestar","Sesión de fisioterapia | Pack 10 sesiones | Electroterapia | Masaje terapéutico | Rehabilitación deportiva | Terapia manual | Punción seca | Evaluación inicial"
"Salud y Bienestar/31-roi-Fisioterapia.xlsx","Calculadora ROI","Fisioterapia","Salud y Bienestar","Sesión de fisioterapia | Pack 10 sesiones | Electroterapia | Masaje terapéutico | Rehabilitación deportiva | Terapia manual | Punción seca | Evaluación inicial"
"Salud y Bienestar/32-ipc-Fisioterapia.xlsx","Calculadora IPC","Fisioterapia","Salud y Bienestar","Sesión de fisioterapia | Pack 10 sesiones | Electroterapia | Masaje terapéutico | Rehabilitación deportiva | Terapia manual | Punción seca | Evaluación inicial"
"Salud y Bienestar/33-endeudamiento-Fisioterapia.xlsx","Capacidad Endeudamiento","Fisioterapia","Salud y Bienestar","Sesión de fisioterapia | Pack 10 sesiones | Electroterapia | Masaje terapéutico | Rehabilitación deportiva | Terapia manual | Punción seca | Evaluación inicial"
"Salud y Bienestar/34-proyeccion-flujo-Fisioterapia.xlsx","Proyección Flujo de Caja","Fisioterapia","Salud y Bienestar","Sesión de fisioterapia | Pack 10 sesiones | Electroterapia | Masaje terapéutico | Rehabilitación deportiva | Terapia manual | Punción seca | Evaluación inicial"
"Salud y Bienestar/01-dashboard-financiero-Centro de Estetica.xlsx","Dashboard Financiero","Centro de Estética","Salud y Bienestar","Limpieza facial profunda | Depilación con cera | Tratamiento reductora | Radiofrecuencia | Micropigmentación | Pestañas | Dermapen | Criolipólisis"
"Salud y Bienestar/02-control-ventas-Centro de Estetica.xlsx","Control de Ventas","Centro de Estética","Salud y Bienestar","Limpieza facial profunda | Depilación con cera | Tratamiento reductora | Radiofrecuencia | Micropigmentación | Pestañas | Dermapen | Criolipólisis"
"Salud y Bienestar/03-inventario-Centro de Estetica.xlsx","Control de Inventario","Centro de Estética","Salud y Bienestar","Limpieza facial profunda | Depilación con cera | Tratamiento reductora | Radiofrecuencia | Micropigmentación | Pestañas | Dermapen | Criolipólisis"
"Salud y Bienestar/04-presupuesto-anual-Centro de Estetica.xlsx","Presupuesto Anual","Centro de Estética","Salud y Bienestar","Limpieza facial profunda | Depilación con cera | Tratamiento reductora | Radiofrecuencia | Micropigmentación | Pestañas | Dermapen | Criolipólisis"
"Salud y Bienestar/05-flujo-de-caja-Centro de Estetica.xlsx","Flujo de Caja","Centro de Estética","Salud y Bienestar","Limpieza facial profunda | Depilación con cera | Tratamiento reductora | Radiofrecuencia | Micropigmentación | Pestañas | Dermapen | Criolipólisis"
"Salud y Bienestar/06-gestion-proyectos-Centro de Estetica.xlsx","Gestión de Proyectos","Centro de Estética","Salud y Bienestar","Limpieza facial profunda | Depilación con cera | Tratamiento reductora | Radiofrecuencia | Micropigmentación | Pestañas | Dermapen | Criolipólisis"
"Salud y Bienestar/07-analisis-kpis-Centro de Estetica.xlsx","Análisis de KPIs","Centro de Estética","Salud y Bienestar","Limpieza facial profunda | Depilación con cera | Tratamiento reductora | Radiofrecuencia | Micropigmentación | Pestañas | Dermapen | Criolipólisis"
"Salud y Bienestar/08-control-gastos-Centro de Estetica.xlsx","Control de Gastos","Centro de Estética","Salud y Bienestar","Limpieza facial profunda | Depilación con cera | Tratamiento reductora | Radiofrecuencia | Micropigmentación | Pestañas | Dermapen | Criolipólisis"
"Salud y Bienestar/09-planilla-personal-Centro de Estetica.xlsx","Planilla de Personal","Centro de Estética","Salud y Bienestar","Limpieza facial profunda | Depilación con cera | Tratamiento reductora | Radiofrecuencia | Micropigmentación | Pestañas | Dermapen | Criolipólisis"
"Salud y Bienestar/10-cuentas-por-cobrar-Centro de Estetica.xlsx","Cuentas por Cobrar","Centro de Estética","Salud y Bienestar","Limpieza facial profunda | Depilación con cera | Tratamiento reductora | Radiofrecuencia | Micropigmentación | Pestañas | Dermapen | Criolipólisis"
"Salud y Bienestar/11-caja-diaria-Centro de Estetica.xlsx","Caja Diaria","Centro de Estética","Salud y Bienestar","Limpieza facial profunda | Depilación con cera | Tratamiento reductora | Radiofrecuencia | Micropigmentación | Pestañas | Dermapen | Criolipólisis"
"Salud y Bienestar/12-compras-proveedores-Centro de Estetica.xlsx","Compras y Proveedores","Centro de Estética","Salud y Bienestar","Limpieza facial profunda | Depilación con cera | Tratamiento reductora | Radiofrecuencia | Micropigmentación | Pestañas | Dermapen | Criolipólisis"
"Salud y Bienestar/13-balance-general-Centro de Estetica.xlsx","Balance General","Centro de Estética","Salud y Bienestar","Limpieza facial profunda | Depilación con cera | Tratamiento reductora | Radiofrecuencia | Micropigmentación | Pestañas | Dermapen | Criolipólisis"
"Salud y Bienestar/14-estado-resultados-Centro de Estetica.xlsx","Estado de Resultados","Centro de Estética","Salud y Bienestar","Limpieza facial profunda | Depilación con cera | Tratamiento reductora | Radiofrecuencia | Micropigmentación | Pestañas | Dermapen | Criolipólisis"
"Salud y Bienestar/15-flujo-efectivo-indirecto-Centro de Estetica.xlsx","Flujo de Efectivo Indirecto","Centro de Estética","Salud y Bienestar","Limpieza facial profunda | Depilación con cera | Tratamiento reductora | Radiofrecuencia | Micropigmentación | Pestañas | Dermapen | Criolipólisis"
"Salud y Bienestar/16-conciliacion-bancaria-Centro de Estetica.xlsx","Conciliación Bancaria","Centro de Estética","Salud y Bienestar","Limpieza facial profunda | Depilación con cera | Tratamiento reductora | Radiofrecuencia | Micropigmentación | Pestañas | Dermapen | Criolipólisis"
"Salud y Bienestar/17-libro-diario-Centro de Estetica.xlsx","Libro Diario y Mayor","Centro de Estética","Salud y Bienestar","Limpieza facial profunda | Depilación con cera | Tratamiento reductora | Radiofrecuencia | Micropigmentación | Pestañas | Dermapen | Criolipólisis"
"Salud y Bienestar/18-ratios-financieros-Centro de Estetica.xlsx","Ratios Financieros","Centro de Estética","Salud y Bienestar","Limpieza facial profunda | Depilación con cera | Tratamiento reductora | Radiofrecuencia | Micropigmentación | Pestañas | Dermapen | Criolipólisis"
"Salud y Bienestar/19-control-tributario-Centro de Estetica.xlsx","Control Tributario","Centro de Estética","Salud y Bienestar","Limpieza facial profunda | Depilación con cera | Tratamiento reductora | Radiofrecuencia | Micropigmentación | Pestañas | Dermapen | Criolipólisis"
"Salud y Bienestar/20-presupuesto-centros-costo-Centro de Estetica.xlsx","Presupuesto Centros de Costo","Centro de Estética","Salud y Bienestar","Limpieza facial profunda | Depilación con cera | Tratamiento reductora | Radiofrecuencia | Micropigmentación | Pestañas | Dermapen | Criolipólisis"
"Salud y Bienestar/21-activos-fijos-Centro de Estetica.xlsx","Activos Fijos y Depreciación","Centro de Estética","Salud y Bienestar","Limpieza facial profunda | Depilación con cera | Tratamiento reductora | Radiofrecuencia | Micropigmentación | Pestañas | Dermapen | Criolipólisis"
"Salud y Bienestar/22-punto-equilibrio-Centro de Estetica.xlsx","Punto de Equilibrio","Centro de Estética","Salud y Bienestar","Limpieza facial profunda | Depilación con cera | Tratamiento reductora | Radiofrecuencia | Micropigmentación | Pestañas | Dermapen | Criolipólisis"
"Salud y Bienestar/23-estados-comparativos-Centro de Estetica.xlsx","Estados Comparativos 3 Años","Centro de Estética","Salud y Bienestar","Limpieza facial profunda | Depilación con cera | Tratamiento reductora | Radiofrecuencia | Micropigmentación | Pestañas | Dermapen | Criolipólisis"
"Salud y Bienestar/24-costeo-ordenes-Centro de Estetica.xlsx","Costeo porÓrdenes de Trabajo","Centro de Estética","Salud y Bienestar","Limpieza facial profunda | Depilación con cera | Tratamiento reductora | Radiofrecuencia | Micropigmentación | Pestañas | Dermapen | Criolipólisis"
"Salud y Bienestar/25-calculadora-cts-Centro de Estetica.xlsx","Calculadora CTS","Centro de Estética","Salud y Bienestar","Limpieza facial profunda | Depilación con cera | Tratamiento reductora | Radiofrecuencia | Micropigmentación | Pestañas | Dermapen | Criolipólisis"
"Salud y Bienestar/26-gratificaciones-Centro de Estetica.xlsx","Calculadora Gratificaciones","Centro de Estética","Salud y Bienestar","Limpieza facial profunda | Depilación con cera | Tratamiento reductora | Radiofrecuencia | Micropigmentación | Pestañas | Dermapen | Criolipólisis"
"Salud y Bienestar/27-amortizacion-Centro de Estetica.xlsx","Cuadro de Amortización","Centro de Estética","Salud y Bienestar","Limpieza facial profunda | Depilación con cera | Tratamiento reductora | Radiofrecuencia | Micropigmentación | Pestañas | Dermapen | Criolipólisis"
"Salud y Bienestar/28-vacaciones-Centro de Estetica.xlsx","Calculadora Vacaciones","Centro de Estética","Salud y Bienestar","Limpieza facial profunda | Depilación con cera | Tratamiento reductora | Radiofrecuencia | Micropigmentación | Pestañas | Dermapen | Criolipólisis"
"Salud y Bienestar/29-afp-onp-Centro de Estetica.xlsx","Calculadora AFP/ONP","Centro de Estética","Salud y Bienestar","Limpieza facial profunda | Depilación con cera | Tratamiento reductora | Radiofrecuencia | Micropigmentación | Pestañas | Dermapen | Criolipólisis"
"Salud y Bienestar/30-nomina-Centro de Estetica.xlsx","Calculadora Nómina","Centro de Estética","Salud y Bienestar","Limpieza facial profunda | Depilación con cera | Tratamiento reductora | Radiofrecuencia | Micropigmentación | Pestañas | Dermapen | Criolipólisis"
"Salud y Bienestar/31-roi-Centro de Estetica.xlsx","Calculadora ROI","Centro de Estética","Salud y Bienestar","Limpieza facial profunda | Depilación con cera | Tratamiento reductora | Radiofrecuencia | Micropigmentación | Pestañas | Dermapen | Criolipólisis"
"Salud y Bienestar/32-ipc-Centro de Estetica.xlsx","Calculadora IPC","Centro de Estética","Salud y Bienestar","Limpieza facial profunda | Depilación con cera | Tratamiento reductora | Radiofrecuencia | Micropigmentación | Pestañas | Dermapen | Criolipólisis"
"Salud y Bienestar/33-endeudamiento-Centro de Estetica.xlsx","Capacidad Endeudamiento","Centro de Estética","Salud y Bienestar","Limpieza facial profunda | Depilación con cera | Tratamiento reductora | Radiofrecuencia | Micropigmentación | Pestañas | Dermapen | Criolipólisis"
"Salud y Bienestar/34-proyeccion-flujo-Centro de Estetica.xlsx","Proyección Flujo de Caja","Centro de Estética","Salud y Bienestar","Limpieza facial profunda | Depilación con cera | Tratamiento reductora | Radiofrecuencia | Micropigmentación | Pestañas | Dermapen | Criolipólisis"
"Educacion/01-dashboard-financiero-Academia Preuniversitaria.xlsx","Dashboard Financiero","Academia Preuniversitaria","Educación","Matrícula | Mensualidad regular | Mensualidad intensiva | Ciclo semestral | Repaso de vacaciones | Simulacros | Tutoría personalizada | Curso de verano"
"Educacion/02-control-ventas-Academia Preuniversitaria.xlsx","Control de Ventas","Academia Preuniversitaria","Educación","Matrícula | Mensualidad regular | Mensualidad intensiva | Ciclo semestral | Repaso de vacaciones | Simulacros | Tutoría personalizada | Curso de verano"
"Educacion/03-inventario-Academia Preuniversitaria.xlsx","Control de Inventario","Academia Preuniversitaria","Educación","Matrícula | Mensualidad regular | Mensualidad intensiva | Ciclo semestral | Repaso de vacaciones | Simulacros | Tutoría personalizada | Curso de verano"
"Educacion/04-presupuesto-anual-Academia Preuniversitaria.xlsx","Presupuesto Anual","Academia Preuniversitaria","Educación","Matrícula | Mensualidad regular | Mensualidad intensiva | Ciclo semestral | Repaso de vacaciones | Simulacros | Tutoría personalizada | Curso de verano"
"Educacion/05-flujo-de-caja-Academia Preuniversitaria.xlsx","Flujo de Caja","Academia Preuniversitaria","Educación","Matrícula | Mensualidad regular | Mensualidad intensiva | Ciclo semestral | Repaso de vacaciones | Simulacros | Tutoría personalizada | Curso de verano"
"Educacion/06-gestion-proyectos-Academia Preuniversitaria.xlsx","Gestión de Proyectos","Academia Preuniversitaria","Educación","Matrícula | Mensualidad regular | Mensualidad intensiva | Ciclo semestral | Repaso de vacaciones | Simulacros | Tutoría personalizada | Curso de verano"
"Educacion/07-analisis-kpis-Academia Preuniversitaria.xlsx","Análisis de KPIs","Academia Preuniversitaria","Educación","Matrícula | Mensualidad regular | Mensualidad intensiva | Ciclo semestral | Repaso de vacaciones | Simulacros | Tutoría personalizada | Curso de verano"
"Educacion/08-control-gastos-Academia Preuniversitaria.xlsx","Control de Gastos","Academia Preuniversitaria","Educación","Matrícula | Mensualidad regular | Mensualidad intensiva | Ciclo semestral | Repaso de vacaciones | Simulacros | Tutoría personalizada | Curso de verano"
"Educacion/09-planilla-personal-Academia Preuniversitaria.xlsx","Planilla de Personal","Academia Preuniversitaria","Educación","Matrícula | Mensualidad regular | Mensualidad intensiva | Ciclo semestral | Repaso de vacaciones | Simulacros | Tutoría personalizada | Curso de verano"
"Educacion/10-cuentas-por-cobrar-Academia Preuniversitaria.xlsx","Cuentas por Cobrar","Academia Preuniversitaria","Educación","Matrícula | Mensualidad regular | Mensualidad intensiva | Ciclo semestral | Repaso de vacaciones | Simulacros | Tutoría personalizada | Curso de verano"
"Educacion/11-caja-diaria-Academia Preuniversitaria.xlsx","Caja Diaria","Academia Preuniversitaria","Educación","Matrícula | Mensualidad regular | Mensualidad intensiva | Ciclo semestral | Repaso de vacaciones | Simulacros | Tutoría personalizada | Curso de verano"
"Educacion/12-compras-proveedores-Academia Preuniversitaria.xlsx","Compras y Proveedores","Academia Preuniversitaria","Educación","Matrícula | Mensualidad regular | Mensualidad intensiva | Ciclo semestral | Repaso de vacaciones | Simulacros | Tutoría personalizada | Curso de verano"
"Educacion/13-balance-general-Academia Preuniversitaria.xlsx","Balance General","Academia Preuniversitaria","Educación","Matrícula | Mensualidad regular | Mensualidad intensiva | Ciclo semestral | Repaso de vacaciones | Simulacros | Tutoría personalizada | Curso de verano"
"Educacion/14-estado-resultados-Academia Preuniversitaria.xlsx","Estado de Resultados","Academia Preuniversitaria","Educación","Matrícula | Mensualidad regular | Mensualidad intensiva | Ciclo semestral | Repaso de vacaciones | Simulacros | Tutoría personalizada | Curso de verano"
"Educacion/15-flujo-efectivo-indirecto-Academia Preuniversitaria.xlsx","Flujo de Efectivo Indirecto","Academia Preuniversitaria","Educación","Matrícula | Mensualidad regular | Mensualidad intensiva | Ciclo semestral | Repaso de vacaciones | Simulacros | Tutoría personalizada | Curso de verano"
"Educacion/16-conciliacion-bancaria-Academia Preuniversitaria.xlsx","Conciliación Bancaria","Academia Preuniversitaria","Educación","Matrícula | Mensualidad regular | Mensualidad intensiva | Ciclo semestral | Repaso de vacaciones | Simulacros | Tutoría personalizada | Curso de verano"
"Educacion/17-libro-diario-Academia Preuniversitaria.xlsx","Libro Diario y Mayor","Academia Preuniversitaria","Educación","Matrícula | Mensualidad regular | Mensualidad intensiva | Ciclo semestral | Repaso de vacaciones | Simulacros | Tutoría personalizada | Curso de verano"
"Educacion/18-ratios-financieros-Academia Preuniversitaria.xlsx","Ratios Financieros","Academia Preuniversitaria","Educación","Matrícula | Mensualidad regular | Mensualidad intensiva | Ciclo semestral | Repaso de vacaciones | Simulacros | Tutoría personalizada | Curso de verano"
"Educacion/19-control-tributario-Academia Preuniversitaria.xlsx","Control Tributario","Academia Preuniversitaria","Educación","Matrícula | Mensualidad regular | Mensualidad intensiva | Ciclo semestral | Repaso de vacaciones | Simulacros | Tutoría personalizada | Curso de verano"
"Educacion/20-presupuesto-centros-costo-Academia Preuniversitaria.xlsx","Presupuesto Centros de Costo","Academia Preuniversitaria","Educación","Matrícula | Mensualidad regular | Mensualidad intensiva | Ciclo semestral | Repaso de vacaciones | Simulacros | Tutoría personalizada | Curso de verano"
"Educacion/21-activos-fijos-Academia Preuniversitaria.xlsx","Activos Fijos y Depreciación","Academia Preuniversitaria","Educación","Matrícula | Mensualidad regular | Mensualidad intensiva | Ciclo semestral | Repaso de vacaciones | Simulacros | Tutoría personalizada | Curso de verano"
"Educacion/22-punto-equilibrio-Academia Preuniversitaria.xlsx","Punto de Equilibrio","Academia Preuniversitaria","Educación","Matrícula | Mensualidad regular | Mensualidad intensiva | Ciclo semestral | Repaso de vacaciones | Simulacros | Tutoría personalizada | Curso de verano"
"Educacion/23-estados-comparativos-Academia Preuniversitaria.xlsx","Estados Comparativos 3 Años","Academia Preuniversitaria","Educación","Matrícula | Mensualidad regular | Mensualidad intensiva | Ciclo semestral | Repaso de vacaciones | Simulacros | Tutoría personalizada | Curso de verano"
"Educacion/24-costeo-ordenes-Academia Preuniversitaria.xlsx","Costeo porÓrdenes de Trabajo","Academia Preuniversitaria","Educación","Matrícula | Mensualidad regular | Mensualidad intensiva | Ciclo semestral | Repaso de vacaciones | Simulacros | Tutoría personalizada | Curso de verano"
"Educacion/25-calculadora-cts-Academia Preuniversitaria.xlsx","Calculadora CTS","Academia Preuniversitaria","Educación","Matrícula | Mensualidad regular | Mensualidad intensiva | Ciclo semestral | Repaso de vacaciones | Simulacros | Tutoría personalizada | Curso de verano"
"Educacion/26-gratificaciones-Academia Preuniversitaria.xlsx","Calculadora Gratificaciones","Academia Preuniversitaria","Educación","Matrícula | Mensualidad regular | Mensualidad intensiva | Ciclo semestral | Repaso de vacaciones | Simulacros | Tutoría personalizada | Curso de verano"
"Educacion/27-amortizacion-Academia Preuniversitaria.xlsx","Cuadro de Amortización","Academia Preuniversitaria","Educación","Matrícula | Mensualidad regular | Mensualidad intensiva | Ciclo semestral | Repaso de vacaciones | Simulacros | Tutoría personalizada | Curso de verano"
"Educacion/28-vacaciones-Academia Preuniversitaria.xlsx","Calculadora Vacaciones","Academia Preuniversitaria","Educación","Matrícula | Mensualidad regular | Mensualidad intensiva | Ciclo semestral | Repaso de vacaciones | Simulacros | Tutoría personalizada | Curso de verano"
"Educacion/29-afp-onp-Academia Preuniversitaria.xlsx","Calculadora AFP/ONP","Academia Preuniversitaria","Educación","Matrícula | Mensualidad regular | Mensualidad intensiva | Ciclo semestral | Repaso de vacaciones | Simulacros | Tutoría personalizada | Curso de verano"
"Educacion/30-nomina-Academia Preuniversitaria.xlsx","Calculadora Nómina","Academia Preuniversitaria","Educación","Matrícula | Mensualidad regular | Mensualidad intensiva | Ciclo semestral | Repaso de vacaciones | Simulacros | Tutoría personalizada | Curso de verano"
"Educacion/31-roi-Academia Preuniversitaria.xlsx","Calculadora ROI","Academia Preuniversitaria","Educación","Matrícula | Mensualidad regular | Mensualidad intensiva | Ciclo semestral | Repaso de vacaciones | Simulacros | Tutoría personalizada | Curso de verano"
"Educacion/32-ipc-Academia Preuniversitaria.xlsx","Calculadora IPC","Academia Preuniversitaria","Educación","Matrícula | Mensualidad regular | Mensualidad intensiva | Ciclo semestral | Repaso de vacaciones | Simulacros | Tutoría personalizada | Curso de verano"
"Educacion/33-endeudamiento-Academia Preuniversitaria.xlsx","Capacidad Endeudamiento","Academia Preuniversitaria","Educación","Matrícula | Mensualidad regular | Mensualidad intensiva | Ciclo semestral | Repaso de vacaciones | Simulacros | Tutoría personalizada | Curso de verano"
"Educacion/34-proyeccion-flujo-Academia Preuniversitaria.xlsx","Proyección Flujo de Caja","Academia Preuniversitaria","Educación","Matrícula | Mensualidad regular | Mensualidad intensiva | Ciclo semestral | Repaso de vacaciones | Simulacros | Tutoría personalizada | Curso de verano"
"Educacion/01-dashboard-financiero-Instituto Tecnico.xlsx","Dashboard Financiero","Instituto Técnico","Educación","Matrícula | Mensualidad | Curso de Excel | Curso de inglés | Curso de contabilidad | Curso de programación | Certificación | Curso de diseño gráfico"
"Educacion/02-control-ventas-Instituto Tecnico.xlsx","Control de Ventas","Instituto Técnico","Educación","Matrícula | Mensualidad | Curso de Excel | Curso de inglés | Curso de contabilidad | Curso de programación | Certificación | Curso de diseño gráfico"
"Educacion/03-inventario-Instituto Tecnico.xlsx","Control de Inventario","Instituto Técnico","Educación","Matrícula | Mensualidad | Curso de Excel | Curso de inglés | Curso de contabilidad | Curso de programación | Certificación | Curso de diseño gráfico"
"Educacion/04-presupuesto-anual-Instituto Tecnico.xlsx","Presupuesto Anual","Instituto Técnico","Educación","Matrícula | Mensualidad | Curso de Excel | Curso de inglés | Curso de contabilidad | Curso de programación | Certificación | Curso de diseño gráfico"
"Educacion/05-flujo-de-caja-Instituto Tecnico.xlsx","Flujo de Caja","Instituto Técnico","Educación","Matrícula | Mensualidad | Curso de Excel | Curso de inglés | Curso de contabilidad | Curso de programación | Certificación | Curso de diseño gráfico"
"Educacion/06-gestion-proyectos-Instituto Tecnico.xlsx","Gestión de Proyectos","Instituto Técnico","Educación","Matrícula | Mensualidad | Curso de Excel | Curso de inglés | Curso de contabilidad | Curso de programación | Certificación | Curso de diseño gráfico"
"Educacion/07-analisis-kpis-Instituto Tecnico.xlsx","Análisis de KPIs","Instituto Técnico","Educación","Matrícula | Mensualidad | Curso de Excel | Curso de inglés | Curso de contabilidad | Curso de programación | Certificación | Curso de diseño gráfico"
"Educacion/08-control-gastos-Instituto Tecnico.xlsx","Control de Gastos","Instituto Técnico","Educación","Matrícula | Mensualidad | Curso de Excel | Curso de inglés | Curso de contabilidad | Curso de programación | Certificación | Curso de diseño gráfico"
"Educacion/09-planilla-personal-Instituto Tecnico.xlsx","Planilla de Personal","Instituto Técnico","Educación","Matrícula | Mensualidad | Curso de Excel | Curso de inglés | Curso de contabilidad | Curso de programación | Certificación | Curso de diseño gráfico"
"Educacion/10-cuentas-por-cobrar-Instituto Tecnico.xlsx","Cuentas por Cobrar","Instituto Técnico","Educación","Matrícula | Mensualidad | Curso de Excel | Curso de inglés | Curso de contabilidad | Curso de programación | Certificación | Curso de diseño gráfico"
"Educacion/11-caja-diaria-Instituto Tecnico.xlsx","Caja Diaria","Instituto Técnico","Educación","Matrícula | Mensualidad | Curso de Excel | Curso de inglés | Curso de contabilidad | Curso de programación | Certificación | Curso de diseño gráfico"
"Educacion/12-compras-proveedores-Instituto Tecnico.xlsx","Compras y Proveedores","Instituto Técnico","Educación","Matrícula | Mensualidad | Curso de Excel | Curso de inglés | Curso de contabilidad | Curso de programación | Certificación | Curso de diseño gráfico"
"Educacion/13-balance-general-Instituto Tecnico.xlsx","Balance General","Instituto Técnico","Educación","Matrícula | Mensualidad | Curso de Excel | Curso de inglés | Curso de contabilidad | Curso de programación | Certificación | Curso de diseño gráfico"
"Educacion/14-estado-resultados-Instituto Tecnico.xlsx","Estado de Resultados","Instituto Técnico","Educación","Matrícula | Mensualidad | Curso de Excel | Curso de inglés | Curso de contabilidad | Curso de programación | Certificación | Curso de diseño gráfico"
"Educacion/15-flujo-efectivo-indirecto-Instituto Tecnico.xlsx","Flujo de Efectivo Indirecto","Instituto Técnico","Educación","Matrícula | Mensualidad | Curso de Excel | Curso de inglés | Curso de contabilidad | Curso de programación | Certificación | Curso de diseño gráfico"
"Educacion/16-conciliacion-bancaria-Instituto Tecnico.xlsx","Conciliación Bancaria","Instituto Técnico","Educación","Matrícula | Mensualidad | Curso de Excel | Curso de inglés | Curso de contabilidad | Curso de programación | Certificación | Curso de diseño gráfico"
"Educacion/17-libro-diario-Instituto Tecnico.xlsx","Libro Diario y Mayor","Instituto Técnico","Educación","Matrícula | Mensualidad | Curso de Excel | Curso de inglés | Curso de contabilidad | Curso de programación | Certificación | Curso de diseño gráfico"
"Educacion/18-ratios-financieros-Instituto Tecnico.xlsx","Ratios Financieros","Instituto Técnico","Educación","Matrícula | Mensualidad | Curso de Excel | Curso de inglés | Curso de contabilidad | Curso de programación | Certificación | Curso de diseño gráfico"
"Educacion/19-control-tributario-Instituto Tecnico.xlsx","Control Tributario","Instituto Técnico","Educación","Matrícula | Mensualidad | Curso de Excel | Curso de inglés | Curso de contabilidad | Curso de programación | Certificación | Curso de diseño gráfico"
"Educacion/20-presupuesto-centros-costo-Instituto Tecnico.xlsx","Presupuesto Centros de Costo","Instituto Técnico","Educación","Matrícula | Mensualidad | Curso de Excel | Curso de inglés | Curso de contabilidad | Curso de programación | Certificación | Curso de diseño gráfico"
"Educacion/21-activos-fijos-Instituto Tecnico.xlsx","Activos Fijos y Depreciación","Instituto Técnico","Educación","Matrícula | Mensualidad | Curso de Excel | Curso de inglés | Curso de contabilidad | Curso de programación | Certificación | Curso de diseño gráfico"
"Educacion/22-punto-equilibrio-Instituto Tecnico.xlsx","Punto de Equilibrio","Instituto Técnico","Educación","Matrícula | Mensualidad | Curso de Excel | Curso de inglés | Curso de contabilidad | Curso de programación | Certificación | Curso de diseño gráfico"
"Educacion/23-estados-comparativos-Instituto Tecnico.xlsx","Estados Comparativos 3 Años","Instituto Técnico","Educación","Matrícula | Mensualidad | Curso de Excel | Curso de inglés | Curso de contabilidad | Curso de programación | Certificación | Curso de diseño gráfico"
"Educacion/24-costeo-ordenes-Instituto Tecnico.xlsx","Costeo porÓrdenes de Trabajo","Instituto Técnico","Educación","Matrícula | Mensualidad | Curso de Excel | Curso de inglés | Curso de contabilidad | Curso de programación | Certificación | Curso de diseño gráfico"
"Educacion/25-calculadora-cts-Instituto Tecnico.xlsx","Calculadora CTS","Instituto Técnico","Educación","Matrícula | Mensualidad | Curso de Excel | Curso de inglés | Curso de contabilidad | Curso de programación | Certificación | Curso de diseño gráfico"
"Educacion/26-gratificaciones-Instituto Tecnico.xlsx","Calculadora Gratificaciones","Instituto Técnico","Educación","Matrícula | Mensualidad | Curso de Excel | Curso de inglés | Curso de contabilidad | Curso de programación | Certificación | Curso de diseño gráfico"
"Educacion/27-amortizacion-Instituto Tecnico.xlsx","Cuadro de Amortización","Instituto Técnico","Educación","Matrícula | Mensualidad | Curso de Excel | Curso de inglés | Curso de contabilidad | Curso de programación | Certificación | Curso de diseño gráfico"
"Educacion/28-vacaciones-Instituto Tecnico.xlsx","Calculadora Vacaciones","Instituto Técnico","Educación","Matrícula | Mensualidad | Curso de Excel | Curso de inglés | Curso de contabilidad | Curso de programación | Certificación | Curso de diseño gráfico"
"Educacion/29-afp-onp-Instituto Tecnico.xlsx","Calculadora AFP/ONP","Instituto Técnico","Educación","Matrícula | Mensualidad | Curso de Excel | Curso de inglés | Curso de contabilidad | Curso de programación | Certificación | Curso de diseño gráfico"
"Educacion/30-nomina-Instituto Tecnico.xlsx","Calculadora Nómina","Instituto Técnico","Educación","Matrícula | Mensualidad | Curso de Excel | Curso de inglés | Curso de contabilidad | Curso de programación | Certificación | Curso de diseño gráfico"
"Educacion/31-roi-Instituto Tecnico.xlsx","Calculadora ROI","Instituto Técnico","Educación","Matrícula | Mensualidad | Curso de Excel | Curso de inglés | Curso de contabilidad | Curso de programación | Certificación | Curso de diseño gráfico"
"Educacion/32-ipc-Instituto Tecnico.xlsx","Calculadora IPC","Instituto Técnico","Educación","Matrícula | Mensualidad | Curso de Excel | Curso de inglés | Curso de contabilidad | Curso de programación | Certificación | Curso de diseño gráfico"
"Educacion/33-endeudamiento-Instituto Tecnico.xlsx","Capacidad Endeudamiento","Instituto Técnico","Educación","Matrícula | Mensualidad | Curso de Excel | Curso de inglés | Curso de contabilidad | Curso de programación | Certificación | Curso de diseño gráfico"
"Educacion/34-proyeccion-flujo-Instituto Tecnico.xlsx","Proyección Flujo de Caja","Instituto Técnico","Educación","Matrícula | Mensualidad | Curso de Excel | Curso de inglés | Curso de contabilidad | Curso de programación | Certificación | Curso de diseño gráfico"
"Educacion/01-dashboard-financiero-Colegio Particular.xlsx","Dashboard Financiero","Colegio Particular","Educación","Matrícula | Pensión mensual | Cuaderno de apuntes | Uniforme | Materiales | Actividades | Tutoría | Refuerzo escolar"
"Educacion/02-control-ventas-Colegio Particular.xlsx","Control de Ventas","Colegio Particular","Educación","Matrícula | Pensión mensual | Cuaderno de apuntes | Uniforme | Materiales | Actividades | Tutoría | Refuerzo escolar"
"Educacion/03-inventario-Colegio Particular.xlsx","Control de Inventario","Colegio Particular","Educación","Matrícula | Pensión mensual | Cuaderno de apuntes | Uniforme | Materiales | Actividades | Tutoría | Refuerzo escolar"
"Educacion/04-presupuesto-anual-Colegio Particular.xlsx","Presupuesto Anual","Colegio Particular","Educación","Matrícula | Pensión mensual | Cuaderno de apuntes | Uniforme | Materiales | Actividades | Tutoría | Refuerzo escolar"
"Educacion/05-flujo-de-caja-Colegio Particular.xlsx","Flujo de Caja","Colegio Particular","Educación","Matrícula | Pensión mensual | Cuaderno de apuntes | Uniforme | Materiales | Actividades | Tutoría | Refuerzo escolar"
"Educacion/06-gestion-proyectos-Colegio Particular.xlsx","Gestión de Proyectos","Colegio Particular","Educación","Matrícula | Pensión mensual | Cuaderno de apuntes | Uniforme | Materiales | Actividades | Tutoría | Refuerzo escolar"
"Educacion/07-analisis-kpis-Colegio Particular.xlsx","Análisis de KPIs","Colegio Particular","Educación","Matrícula | Pensión mensual | Cuaderno de apuntes | Uniforme | Materiales | Actividades | Tutoría | Refuerzo escolar"
"Educacion/08-control-gastos-Colegio Particular.xlsx","Control de Gastos","Colegio Particular","Educación","Matrícula | Pensión mensual | Cuaderno de apuntes | Uniforme | Materiales | Actividades | Tutoría | Refuerzo escolar"
"Educacion/09-planilla-personal-Colegio Particular.xlsx","Planilla de Personal","Colegio Particular","Educación","Matrícula | Pensión mensual | Cuaderno de apuntes | Uniforme | Materiales | Actividades | Tutoría | Refuerzo escolar"
"Educacion/10-cuentas-por-cobrar-Colegio Particular.xlsx","Cuentas por Cobrar","Colegio Particular","Educación","Matrícula | Pensión mensual | Cuaderno de apuntes | Uniforme | Materiales | Actividades | Tutoría | Refuerzo escolar"
"Educacion/11-caja-diaria-Colegio Particular.xlsx","Caja Diaria","Colegio Particular","Educación","Matrícula | Pensión mensual | Cuaderno de apuntes | Uniforme | Materiales | Actividades | Tutoría | Refuerzo escolar"
"Educacion/12-compras-proveedores-Colegio Particular.xlsx","Compras y Proveedores","Colegio Particular","Educación","Matrícula | Pensión mensual | Cuaderno de apuntes | Uniforme | Materiales | Actividades | Tutoría | Refuerzo escolar"
"Educacion/13-balance-general-Colegio Particular.xlsx","Balance General","Colegio Particular","Educación","Matrícula | Pensión mensual | Cuaderno de apuntes | Uniforme | Materiales | Actividades | Tutoría | Refuerzo escolar"
"Educacion/14-estado-resultados-Colegio Particular.xlsx","Estado de Resultados","Colegio Particular","Educación","Matrícula | Pensión mensual | Cuaderno de apuntes | Uniforme | Materiales | Actividades | Tutoría | Refuerzo escolar"
"Educacion/15-flujo-efectivo-indirecto-Colegio Particular.xlsx","Flujo de Efectivo Indirecto","Colegio Particular","Educación","Matrícula | Pensión mensual | Cuaderno de apuntes | Uniforme | Materiales | Actividades | Tutoría | Refuerzo escolar"
"Educacion/16-conciliacion-bancaria-Colegio Particular.xlsx","Conciliación Bancaria","Colegio Particular","Educación","Matrícula | Pensión mensual | Cuaderno de apuntes | Uniforme | Materiales | Actividades | Tutoría | Refuerzo escolar"
"Educacion/17-libro-diario-Colegio Particular.xlsx","Libro Diario y Mayor","Colegio Particular","Educación","Matrícula | Pensión mensual | Cuaderno de apuntes | Uniforme | Materiales | Actividades | Tutoría | Refuerzo escolar"
"Educacion/18-ratios-financieros-Colegio Particular.xlsx","Ratios Financieros","Colegio Particular","Educación","Matrícula | Pensión mensual | Cuaderno de apuntes | Uniforme | Materiales | Actividades | Tutoría | Refuerzo escolar"
"Educacion/19-control-tributario-Colegio Particular.xlsx","Control Tributario","Colegio Particular","Educación","Matrícula | Pensión mensual | Cuaderno de apuntes | Uniforme | Materiales | Actividades | Tutoría | Refuerzo escolar"
"Educacion/20-presupuesto-centros-costo-Colegio Particular.xlsx","Presupuesto Centros de Costo","Colegio Particular","Educación","Matrícula | Pensión mensual | Cuaderno de apuntes | Uniforme | Materiales | Actividades | Tutoría | Refuerzo escolar"
"Educacion/21-activos-fijos-Colegio Particular.xlsx","Activos Fijos y Depreciación","Colegio Particular","Educación","Matrícula | Pensión mensual | Cuaderno de apuntes | Uniforme | Materiales | Actividades | Tutoría | Refuerzo escolar"
"Educacion/22-punto-equilibrio-Colegio Particular.xlsx","Punto de Equilibrio","Colegio Particular","Educación","Matrícula | Pensión mensual | Cuaderno de apuntes | Uniforme | Materiales | Actividades | Tutoría | Refuerzo escolar"
"Educacion/23-estados-comparativos-Colegio Particular.xlsx","Estados Comparativos 3 Años","Colegio Particular","Educación","Matrícula | Pensión mensual | Cuaderno de apuntes | Uniforme | Materiales | Actividades | Tutoría | Refuerzo escolar"
"Educacion/24-costeo-ordenes-Colegio Particular.xlsx","Costeo porÓrdenes de Trabajo","Colegio Particular","Educación","Matrícula | Pensión mensual | Cuaderno de apuntes | Uniforme | Materiales | Actividades | Tutoría | Refuerzo escolar"
"Educacion/25-calculadora-cts-Colegio Particular.xlsx","Calculadora CTS","Colegio Particular","Educación","Matrícula | Pensión mensual | Cuaderno de apuntes | Uniforme | Materiales | Actividades | Tutoría | Refuerzo escolar"
"Educacion/26-gratificaciones-Colegio Particular.xlsx","Calculadora Gratificaciones","Colegio Particular","Educación","Matrícula | Pensión mensual | Cuaderno de apuntes | Uniforme | Materiales | Actividades | Tutoría | Refuerzo escolar"
"Educacion/27-amortizacion-Colegio Particular.xlsx","Cuadro de Amortización","Colegio Particular","Educación","Matrícula | Pensión mensual | Cuaderno de apuntes | Uniforme | Materiales | Actividades | Tutoría | Refuerzo escolar"
"Educacion/28-vacaciones-Colegio Particular.xlsx","Calculadora Vacaciones","Colegio Particular","Educación","Matrícula | Pensión mensual | Cuaderno de apuntes | Uniforme | Materiales | Actividades | Tutoría | Refuerzo escolar"
"Educacion/29-afp-onp-Colegio Particular.xlsx","Calculadora AFP/ONP","Colegio Particular","Educación","Matrícula | Pensión mensual | Cuaderno de apuntes | Uniforme | Materiales | Actividades | Tutoría | Refuerzo escolar"
"Educacion/30-nomina-Colegio Particular.xlsx","Calculadora Nómina","Colegio Particular","Educación","Matrícula | Pensión mensual | Cuaderno de apuntes | Uniforme | Materiales | Actividades | Tutoría | Refuerzo escolar"
"Educacion/31-roi-Colegio Particular.xlsx","Calculadora ROI","Colegio Particular","Educación","Matrícula | Pensión mensual | Cuaderno de apuntes | Uniforme | Materiales | Actividades | Tutoría | Refuerzo escolar"
"Educacion/32-ipc-Colegio Particular.xlsx","Calculadora IPC","Colegio Particular","Educación","Matrícula | Pensión mensual | Cuaderno de apuntes | Uniforme | Materiales | Actividades | Tutoría | Refuerzo escolar"
"Educacion/33-endeudamiento-Colegio Particular.xlsx","Capacidad Endeudamiento","Colegio Particular","Educación","Matrícula | Pensión mensual | Cuaderno de apuntes | Uniforme | Materiales | Actividades | Tutoría | Refuerzo escolar"
"Educacion/34-proyeccion-flujo-Colegio Particular.xlsx","Proyección Flujo de Caja","Colegio Particular","Educación","Matrícula | Pensión mensual | Cuaderno de apuntes | Uniforme | Materiales | Actividades | Tutoría | Refuerzo escolar"
"Educacion/01-dashboard-financiero-Centro de Idiomas.xlsx","Dashboard Financiero","Centro de Idiomas","Educación","Matrícula | Mensualidad inglés | Mensualidad portugués | Curso intensivo | Conversación | Preparación IELTS | Clase particular | Curso de verano"
"Educacion/02-control-ventas-Centro de Idiomas.xlsx","Control de Ventas","Centro de Idiomas","Educación","Matrícula | Mensualidad inglés | Mensualidad portugués | Curso intensivo | Conversación | Preparación IELTS | Clase particular | Curso de verano"
"Educacion/03-inventario-Centro de Idiomas.xlsx","Control de Inventario","Centro de Idiomas","Educación","Matrícula | Mensualidad inglés | Mensualidad portugués | Curso intensivo | Conversación | Preparación IELTS | Clase particular | Curso de verano"
"Educacion/04-presupuesto-anual-Centro de Idiomas.xlsx","Presupuesto Anual","Centro de Idiomas","Educación","Matrícula | Mensualidad inglés | Mensualidad portugués | Curso intensivo | Conversación | Preparación IELTS | Clase particular | Curso de verano"
"Educacion/05-flujo-de-caja-Centro de Idiomas.xlsx","Flujo de Caja","Centro de Idiomas","Educación","Matrícula | Mensualidad inglés | Mensualidad portugués | Curso intensivo | Conversación | Preparación IELTS | Clase particular | Curso de verano"
"Educacion/06-gestion-proyectos-Centro de Idiomas.xlsx","Gestión de Proyectos","Centro de Idiomas","Educación","Matrícula | Mensualidad inglés | Mensualidad portugués | Curso intensivo | Conversación | Preparación IELTS | Clase particular | Curso de verano"
"Educacion/07-analisis-kpis-Centro de Idiomas.xlsx","Análisis de KPIs","Centro de Idiomas","Educación","Matrícula | Mensualidad inglés | Mensualidad portugués | Curso intensivo | Conversación | Preparación IELTS | Clase particular | Curso de verano"
"Educacion/08-control-gastos-Centro de Idiomas.xlsx","Control de Gastos","Centro de Idiomas","Educación","Matrícula | Mensualidad inglés | Mensualidad portugués | Curso intensivo | Conversación | Preparación IELTS | Clase particular | Curso de verano"
"Educacion/09-planilla-personal-Centro de Idiomas.xlsx","Planilla de Personal","Centro de Idiomas","Educación","Matrícula | Mensualidad inglés | Mensualidad portugués | Curso intensivo | Conversación | Preparación IELTS | Clase particular | Curso de verano"
"Educacion/10-cuentas-por-cobrar-Centro de Idiomas.xlsx","Cuentas por Cobrar","Centro de Idiomas","Educación","Matrícula | Mensualidad inglés | Mensualidad portugués | Curso intensivo | Conversación | Preparación IELTS | Clase particular | Curso de verano"
"Educacion/11-caja-diaria-Centro de Idiomas.xlsx","Caja Diaria","Centro de Idiomas","Educación","Matrícula | Mensualidad inglés | Mensualidad portugués | Curso intensivo | Conversación | Preparación IELTS | Clase particular | Curso de verano"
"Educacion/12-compras-proveedores-Centro de Idiomas.xlsx","Compras y Proveedores","Centro de Idiomas","Educación","Matrícula | Mensualidad inglés | Mensualidad portugués | Curso intensivo | Conversación | Preparación IELTS | Clase particular | Curso de verano"
"Educacion/13-balance-general-Centro de Idiomas.xlsx","Balance General","Centro de Idiomas","Educación","Matrícula | Mensualidad inglés | Mensualidad portugués | Curso intensivo | Conversación | Preparación IELTS | Clase particular | Curso de verano"
"Educacion/14-estado-resultados-Centro de Idiomas.xlsx","Estado de Resultados","Centro de Idiomas","Educación","Matrícula | Mensualidad inglés | Mensualidad portugués | Curso intensivo | Conversación | Preparación IELTS | Clase particular | Curso de verano"
"Educacion/15-flujo-efectivo-indirecto-Centro de Idiomas.xlsx","Flujo de Efectivo Indirecto","Centro de Idiomas","Educación","Matrícula | Mensualidad inglés | Mensualidad portugués | Curso intensivo | Conversación | Preparación IELTS | Clase particular | Curso de verano"
"Educacion/16-conciliacion-bancaria-Centro de Idiomas.xlsx","Conciliación Bancaria","Centro de Idiomas","Educación","Matrícula | Mensualidad inglés | Mensualidad portugués | Curso intensivo | Conversación | Preparación IELTS | Clase particular | Curso de verano"
"Educacion/17-libro-diario-Centro de Idiomas.xlsx","Libro Diario y Mayor","Centro de Idiomas","Educación","Matrícula | Mensualidad inglés | Mensualidad portugués | Curso intensivo | Conversación | Preparación IELTS | Clase particular | Curso de verano"
"Educacion/18-ratios-financieros-Centro de Idiomas.xlsx","Ratios Financieros","Centro de Idiomas","Educación","Matrícula | Mensualidad inglés | Mensualidad portugués | Curso intensivo | Conversación | Preparación IELTS | Clase particular | Curso de verano"
"Educacion/19-control-tributario-Centro de Idiomas.xlsx","Control Tributario","Centro de Idiomas","Educación","Matrícula | Mensualidad inglés | Mensualidad portugués | Curso intensivo | Conversación | Preparación IELTS | Clase particular | Curso de verano"
"Educacion/20-presupuesto-centros-costo-Centro de Idiomas.xlsx","Presupuesto Centros de Costo","Centro de Idiomas","Educación","Matrícula | Mensualidad inglés | Mensualidad portugués | Curso intensivo | Conversación | Preparación IELTS | Clase particular | Curso de verano"
"Educacion/21-activos-fijos-Centro de Idiomas.xlsx","Activos Fijos y Depreciación","Centro de Idiomas","Educación","Matrícula | Mensualidad inglés | Mensualidad portugués | Curso intensivo | Conversación | Preparación IELTS | Clase particular | Curso de verano"
"Educacion/22-punto-equilibrio-Centro de Idiomas.xlsx","Punto de Equilibrio","Centro de Idiomas","Educación","Matrícula | Mensualidad inglés | Mensualidad portugués | Curso intensivo | Conversación | Preparación IELTS | Clase particular | Curso de verano"
"Educacion/23-estados-comparativos-Centro de Idiomas.xlsx","Estados Comparativos 3 Años","Centro de Idiomas","Educación","Matrícula | Mensualidad inglés | Mensualidad portugués | Curso intensivo | Conversación | Preparación IELTS | Clase particular | Curso de verano"
"Educacion/24-costeo-ordenes-Centro de Idiomas.xlsx","Costeo porÓrdenes de Trabajo","Centro de Idiomas","Educación","Matrícula | Mensualidad inglés | Mensualidad portugués | Curso intensivo | Conversación | Preparación IELTS | Clase particular | Curso de verano"
"Educacion/25-calculadora-cts-Centro de Idiomas.xlsx","Calculadora CTS","Centro de Idiomas","Educación","Matrícula | Mensualidad inglés | Mensualidad portugués | Curso intensivo | Conversación | Preparación IELTS | Clase particular | Curso de verano"
"Educacion/26-gratificaciones-Centro de Idiomas.xlsx","Calculadora Gratificaciones","Centro de Idiomas","Educación","Matrícula | Mensualidad inglés | Mensualidad portugués | Curso intensivo | Conversación | Preparación IELTS | Clase particular | Curso de verano"
"Educacion/27-amortizacion-Centro de Idiomas.xlsx","Cuadro de Amortización","Centro de Idiomas","Educación","Matrícula | Mensualidad inglés | Mensualidad portugués | Curso intensivo | Conversación | Preparación IELTS | Clase particular | Curso de verano"
"Educacion/28-vacaciones-Centro de Idiomas.xlsx","Calculadora Vacaciones","Centro de Idiomas","Educación","Matrícula | Mensualidad inglés | Mensualidad portugués | Curso intensivo | Conversación | Preparación IELTS | Clase particular | Curso de verano"
"Educacion/29-afp-onp-Centro de Idiomas.xlsx","Calculadora AFP/ONP","Centro de Idiomas","Educación","Matrícula | Mensualidad inglés | Mensualidad portugués | Curso intensivo | Conversación | Preparación IELTS | Clase particular | Curso de verano"
"Educacion/30-nomina-Centro de Idiomas.xlsx","Calculadora Nómina","Centro de Idiomas","Educación","Matrícula | Mensualidad inglés | Mensualidad portugués | Curso intensivo | Conversación | Preparación IELTS | Clase particular | Curso de verano"
"Educacion/31-roi-Centro de Idiomas.xlsx","Calculadora ROI","Centro de Idiomas","Educación","Matrícula | Mensualidad inglés | Mensualidad portugués | Curso intensivo | Conversación | Preparación IELTS | Clase particular | Curso de verano"
"Educacion/32-ipc-Centro de Idiomas.xlsx","Calculadora IPC","Centro de Idiomas","Educación","Matrícula | Mensualidad inglés | Mensualidad portugués | Curso intensivo | Conversación | Preparación IELTS | Clase particular | Curso de verano"
"Educacion/33-endeudamiento-Centro de Idiomas.xlsx","Capacidad Endeudamiento","Centro de Idiomas","Educación","Matrícula | Mensualidad inglés | Mensualidad portugués | Curso intensivo | Conversación | Preparación IELTS | Clase particular | Curso de verano"
"Educacion/34-proyeccion-flujo-Centro de Idiomas.xlsx","Proyección Flujo de Caja","Centro de Idiomas","Educación","Matrícula | Mensualidad inglés | Mensualidad portugués | Curso intensivo | Conversación | Preparación IELTS | Clase particular | Curso de verano"
"Educacion/01-dashboard-financiero-Tutorias Escolares.xlsx","Dashboard Financiero","Tutorías Escolares","Educación","Clase de matemáticas | Clase de comunicación | Clase de química | Clase de física | Refuerzo integral | Preparación de exámenes | Tarea dirigida | Clase virtual"
"Educacion/02-control-ventas-Tutorias Escolares.xlsx","Control de Ventas","Tutorías Escolares","Educación","Clase de matemáticas | Clase de comunicación | Clase de química | Clase de física | Refuerzo integral | Preparación de exámenes | Tarea dirigida | Clase virtual"
"Educacion/03-inventario-Tutorias Escolares.xlsx","Control de Inventario","Tutorías Escolares","Educación","Clase de matemáticas | Clase de comunicación | Clase de química | Clase de física | Refuerzo integral | Preparación de exámenes | Tarea dirigida | Clase virtual"
"Educacion/04-presupuesto-anual-Tutorias Escolares.xlsx","Presupuesto Anual","Tutorías Escolares","Educación","Clase de matemáticas | Clase de comunicación | Clase de química | Clase de física | Refuerzo integral | Preparación de exámenes | Tarea dirigida | Clase virtual"
"Educacion/05-flujo-de-caja-Tutorias Escolares.xlsx","Flujo de Caja","Tutorías Escolares","Educación","Clase de matemáticas | Clase de comunicación | Clase de química | Clase de física | Refuerzo integral | Preparación de exámenes | Tarea dirigida | Clase virtual"
"Educacion/06-gestion-proyectos-Tutorias Escolares.xlsx","Gestión de Proyectos","Tutorías Escolares","Educación","Clase de matemáticas | Clase de comunicación | Clase de química | Clase de física | Refuerzo integral | Preparación de exámenes | Tarea dirigida | Clase virtual"
"Educacion/07-analisis-kpis-Tutorias Escolares.xlsx","Análisis de KPIs","Tutorías Escolares","Educación","Clase de matemáticas | Clase de comunicación | Clase de química | Clase de física | Refuerzo integral | Preparación de exámenes | Tarea dirigida | Clase virtual"
"Educacion/08-control-gastos-Tutorias Escolares.xlsx","Control de Gastos","Tutorías Escolares","Educación","Clase de matemáticas | Clase de comunicación | Clase de química | Clase de física | Refuerzo integral | Preparación de exámenes | Tarea dirigida | Clase virtual"
"Educacion/09-planilla-personal-Tutorias Escolares.xlsx","Planilla de Personal","Tutorías Escolares","Educación","Clase de matemáticas | Clase de comunicación | Clase de química | Clase de física | Refuerzo integral | Preparación de exámenes | Tarea dirigida | Clase virtual"
"Educacion/10-cuentas-por-cobrar-Tutorias Escolares.xlsx","Cuentas por Cobrar","Tutorías Escolares","Educación","Clase de matemáticas | Clase de comunicación | Clase de química | Clase de física | Refuerzo integral | Preparación de exámenes | Tarea dirigida | Clase virtual"
"Educacion/11-caja-diaria-Tutorias Escolares.xlsx","Caja Diaria","Tutorías Escolares","Educación","Clase de matemáticas | Clase de comunicación | Clase de química | Clase de física | Refuerzo integral | Preparación de exámenes | Tarea dirigida | Clase virtual"
"Educacion/12-compras-proveedores-Tutorias Escolares.xlsx","Compras y Proveedores","Tutorías Escolares","Educación","Clase de matemáticas | Clase de comunicación | Clase de química | Clase de física | Refuerzo integral | Preparación de exámenes | Tarea dirigida | Clase virtual"
"Educacion/13-balance-general-Tutorias Escolares.xlsx","Balance General","Tutorías Escolares","Educación","Clase de matemáticas | Clase de comunicación | Clase de química | Clase de física | Refuerzo integral | Preparación de exámenes | Tarea dirigida | Clase virtual"
"Educacion/14-estado-resultados-Tutorias Escolares.xlsx","Estado de Resultados","Tutorías Escolares","Educación","Clase de matemáticas | Clase de comunicación | Clase de química | Clase de física | Refuerzo integral | Preparación de exámenes | Tarea dirigida | Clase virtual"
"Educacion/15-flujo-efectivo-indirecto-Tutorias Escolares.xlsx","Flujo de Efectivo Indirecto","Tutorías Escolares","Educación","Clase de matemáticas | Clase de comunicación | Clase de química | Clase de física | Refuerzo integral | Preparación de exámenes | Tarea dirigida | Clase virtual"
"Educacion/16-conciliacion-bancaria-Tutorias Escolares.xlsx","Conciliación Bancaria","Tutorías Escolares","Educación","Clase de matemáticas | Clase de comunicación | Clase de química | Clase de física | Refuerzo integral | Preparación de exámenes | Tarea dirigida | Clase virtual"
"Educacion/17-libro-diario-Tutorias Escolares.xlsx","Libro Diario y Mayor","Tutorías Escolares","Educación","Clase de matemáticas | Clase de comunicación | Clase de química | Clase de física | Refuerzo integral | Preparación de exámenes | Tarea dirigida | Clase virtual"
"Educacion/18-ratios-financieros-Tutorias Escolares.xlsx","Ratios Financieros","Tutorías Escolares","Educación","Clase de matemáticas | Clase de comunicación | Clase de química | Clase de física | Refuerzo integral | Preparación de exámenes | Tarea dirigida | Clase virtual"
"Educacion/19-control-tributario-Tutorias Escolares.xlsx","Control Tributario","Tutorías Escolares","Educación","Clase de matemáticas | Clase de comunicación | Clase de química | Clase de física | Refuerzo integral | Preparación de exámenes | Tarea dirigida | Clase virtual"
"Educacion/20-presupuesto-centros-costo-Tutorias Escolares.xlsx","Presupuesto Centros de Costo","Tutorías Escolares","Educación","Clase de matemáticas | Clase de comunicación | Clase de química | Clase de física | Refuerzo integral | Preparación de exámenes | Tarea dirigida | Clase virtual"
"Educacion/21-activos-fijos-Tutorias Escolares.xlsx","Activos Fijos y Depreciación","Tutorías Escolares","Educación","Clase de matemáticas | Clase de comunicación | Clase de química | Clase de física | Refuerzo integral | Preparación de exámenes | Tarea dirigida | Clase virtual"
"Educacion/22-punto-equilibrio-Tutorias Escolares.xlsx","Punto de Equilibrio","Tutorías Escolares","Educación","Clase de matemáticas | Clase de comunicación | Clase de química | Clase de física | Refuerzo integral | Preparación de exámenes | Tarea dirigida | Clase virtual"
"Educacion/23-estados-comparativos-Tutorias Escolares.xlsx","Estados Comparativos 3 Años","Tutorías Escolares","Educación","Clase de matemáticas | Clase de comunicación | Clase de química | Clase de física | Refuerzo integral | Preparación de exámenes | Tarea dirigida | Clase virtual"
"Educacion/24-costeo-ordenes-Tutorias Escolares.xlsx","Costeo porÓrdenes de Trabajo","Tutorías Escolares","Educación","Clase de matemáticas | Clase de comunicación | Clase de química | Clase de física | Refuerzo integral | Preparación de exámenes | Tarea dirigida | Clase virtual"
"Educacion/25-calculadora-cts-Tutorias Escolares.xlsx","Calculadora CTS","Tutorías Escolares","Educación","Clase de matemáticas | Clase de comunicación | Clase de química | Clase de física | Refuerzo integral | Preparación de exámenes | Tarea dirigida | Clase virtual"
"Educacion/26-gratificaciones-Tutorias Escolares.xlsx","Calculadora Gratificaciones","Tutorías Escolares","Educación","Clase de matemáticas | Clase de comunicación | Clase de química | Clase de física | Refuerzo integral | Preparación de exámenes | Tarea dirigida | Clase virtual"
"Educacion/27-amortizacion-Tutorias Escolares.xlsx","Cuadro de Amortización","Tutorías Escolares","Educación","Clase de matemáticas | Clase de comunicación | Clase de química | Clase de física | Refuerzo integral | Preparación de exámenes | Tarea dirigida | Clase virtual"
"Educacion/28-vacaciones-Tutorias Escolares.xlsx","Calculadora Vacaciones","Tutorías Escolares","Educación","Clase de matemáticas | Clase de comunicación | Clase de química | Clase de física | Refuerzo integral | Preparación de exámenes | Tarea dirigida | Clase virtual"
"Educacion/29-afp-onp-Tutorias Escolares.xlsx","Calculadora AFP/ONP","Tutorías Escolares","Educación","Clase de matemáticas | Clase de comunicación | Clase de química | Clase de física | Refuerzo integral | Preparación de exámenes | Tarea dirigida | Clase virtual"
"Educacion/30-nomina-Tutorias Escolares.xlsx","Calculadora Nómina","Tutorías Escolares","Educación","Clase de matemáticas | Clase de comunicación | Clase de química | Clase de física | Refuerzo integral | Preparación de exámenes | Tarea dirigida | Clase virtual"
"Educacion/31-roi-Tutorias Escolares.xlsx","Calculadora ROI","Tutorías Escolares","Educación","Clase de matemáticas | Clase de comunicación | Clase de química | Clase de física | Refuerzo integral | Preparación de exámenes | Tarea dirigida | Clase virtual"
"Educacion/32-ipc-Tutorias Escolares.xlsx","Calculadora IPC","Tutorías Escolares","Educación","Clase de matemáticas | Clase de comunicación | Clase de química | Clase de física | Refuerzo integral | Preparación de exámenes | Tarea dirigida | Clase virtual"
"Educacion/33-endeudamiento-Tutorias Escolares.xlsx","Capacidad Endeudamiento","Tutorías Escolares","Educación","Clase de matemáticas | Clase de comunicación | Clase de química | Clase de física | Refuerzo integral | Preparación de exámenes | Tarea dirigida | Clase virtual"
"Educacion/34-proyeccion-flujo-Tutorias Escolares.xlsx","Proyección Flujo de Caja","Tutorías Escolares","Educación","Clase de matemáticas | Clase de comunicación | Clase de química | Clase de física | Refuerzo integral | Preparación de exámenes | Tarea dirigida | Clase virtual"
"Transporte y Logistica/01-dashboard-financiero-Transporte de Carga.xlsx","Dashboard Financiero","Transporte de Carga","Transporte y Logística","Flete Lima-Provincia | Flete local | Alquiler camión hora | Mudanza | Transporte de material | Encomienda | Carga refrigerada | Almacenaje"
"Transporte y Logistica/02-control-ventas-Transporte de Carga.xlsx","Control de Ventas","Transporte de Carga","Transporte y Logística","Flete Lima-Provincia | Flete local | Alquiler camión hora | Mudanza | Transporte de material | Encomienda | Carga refrigerada | Almacenaje"
"Transporte y Logistica/03-inventario-Transporte de Carga.xlsx","Control de Inventario","Transporte de Carga","Transporte y Logística","Flete Lima-Provincia | Flete local | Alquiler camión hora | Mudanza | Transporte de material | Encomienda | Carga refrigerada | Almacenaje"
"Transporte y Logistica/04-presupuesto-anual-Transporte de Carga.xlsx","Presupuesto Anual","Transporte de Carga","Transporte y Logística","Flete Lima-Provincia | Flete local | Alquiler camión hora | Mudanza | Transporte de material | Encomienda | Carga refrigerada | Almacenaje"
"Transporte y Logistica/05-flujo-de-caja-Transporte de Carga.xlsx","Flujo de Caja","Transporte de Carga","Transporte y Logística","Flete Lima-Provincia | Flete local | Alquiler camión hora | Mudanza | Transporte de material | Encomienda | Carga refrigerada | Almacenaje"
"Transporte y Logistica/06-gestion-proyectos-Transporte de Carga.xlsx","Gestión de Proyectos","Transporte de Carga","Transporte y Logística","Flete Lima-Provincia | Flete local | Alquiler camión hora | Mudanza | Transporte de material | Encomienda | Carga refrigerada | Almacenaje"
"Transporte y Logistica/07-analisis-kpis-Transporte de Carga.xlsx","Análisis de KPIs","Transporte de Carga","Transporte y Logística","Flete Lima-Provincia | Flete local | Alquiler camión hora | Mudanza | Transporte de material | Encomienda | Carga refrigerada | Almacenaje"
"Transporte y Logistica/08-control-gastos-Transporte de Carga.xlsx","Control de Gastos","Transporte de Carga","Transporte y Logística","Flete Lima-Provincia | Flete local | Alquiler camión hora | Mudanza | Transporte de material | Encomienda | Carga refrigerada | Almacenaje"
"Transporte y Logistica/09-planilla-personal-Transporte de Carga.xlsx","Planilla de Personal","Transporte de Carga","Transporte y Logística","Flete Lima-Provincia | Flete local | Alquiler camión hora | Mudanza | Transporte de material | Encomienda | Carga refrigerada | Almacenaje"
"Transporte y Logistica/10-cuentas-por-cobrar-Transporte de Carga.xlsx","Cuentas por Cobrar","Transporte de Carga","Transporte y Logística","Flete Lima-Provincia | Flete local | Alquiler camión hora | Mudanza | Transporte de material | Encomienda | Carga refrigerada | Almacenaje"
"Transporte y Logistica/11-caja-diaria-Transporte de Carga.xlsx","Caja Diaria","Transporte de Carga","Transporte y Logística","Flete Lima-Provincia | Flete local | Alquiler camión hora | Mudanza | Transporte de material | Encomienda | Carga refrigerada | Almacenaje"
"Transporte y Logistica/12-compras-proveedores-Transporte de Carga.xlsx","Compras y Proveedores","Transporte de Carga","Transporte y Logística","Flete Lima-Provincia | Flete local | Alquiler camión hora | Mudanza | Transporte de material | Encomienda | Carga refrigerada | Almacenaje"
"Transporte y Logistica/13-balance-general-Transporte de Carga.xlsx","Balance General","Transporte de Carga","Transporte y Logística","Flete Lima-Provincia | Flete local | Alquiler camión hora | Mudanza | Transporte de material | Encomienda | Carga refrigerada | Almacenaje"
"Transporte y Logistica/14-estado-resultados-Transporte de Carga.xlsx","Estado de Resultados","Transporte de Carga","Transporte y Logística","Flete Lima-Provincia | Flete local | Alquiler camión hora | Mudanza | Transporte de material | Encomienda | Carga refrigerada | Almacenaje"
"Transporte y Logistica/15-flujo-efectivo-indirecto-Transporte de Carga.xlsx","Flujo de Efectivo Indirecto","Transporte de Carga","Transporte y Logística","Flete Lima-Provincia | Flete local | Alquiler camión hora | Mudanza | Transporte de material | Encomienda | Carga refrigerada | Almacenaje"
"Transporte y Logistica/16-conciliacion-bancaria-Transporte de Carga.xlsx","Conciliación Bancaria","Transporte de Carga","Transporte y Logística","Flete Lima-Provincia | Flete local | Alquiler camión hora | Mudanza | Transporte de material | Encomienda | Carga refrigerada | Almacenaje"
"Transporte y Logistica/17-libro-diario-Transporte de Carga.xlsx","Libro Diario y Mayor","Transporte de Carga","Transporte y Logística","Flete Lima-Provincia | Flete local | Alquiler camión hora | Mudanza | Transporte de material | Encomienda | Carga refrigerada | Almacenaje"
"Transporte y Logistica/18-ratios-financieros-Transporte de Carga.xlsx","Ratios Financieros","Transporte de Carga","Transporte y Logística","Flete Lima-Provincia | Flete local | Alquiler camión hora | Mudanza | Transporte de material | Encomienda | Carga refrigerada | Almacenaje"
"Transporte y Logistica/19-control-tributario-Transporte de Carga.xlsx","Control Tributario","Transporte de Carga","Transporte y Logística","Flete Lima-Provincia | Flete local | Alquiler camión hora | Mudanza | Transporte de material | Encomienda | Carga refrigerada | Almacenaje"
"Transporte y Logistica/20-presupuesto-centros-costo-Transporte de Carga.xlsx","Presupuesto Centros de Costo","Transporte de Carga","Transporte y Logística","Flete Lima-Provincia | Flete local | Alquiler camión hora | Mudanza | Transporte de material | Encomienda | Carga refrigerada | Almacenaje"
"Transporte y Logistica/21-activos-fijos-Transporte de Carga.xlsx","Activos Fijos y Depreciación","Transporte de Carga","Transporte y Logística","Flete Lima-Provincia | Flete local | Alquiler camión hora | Mudanza | Transporte de material | Encomienda | Carga refrigerada | Almacenaje"
"Transporte y Logistica/22-punto-equilibrio-Transporte de Carga.xlsx","Punto de Equilibrio","Transporte de Carga","Transporte y Logística","Flete Lima-Provincia | Flete local | Alquiler camión hora | Mudanza | Transporte de material | Encomienda | Carga refrigerada | Almacenaje"
"Transporte y Logistica/23-estados-comparativos-Transporte de Carga.xlsx","Estados Comparativos 3 Años","Transporte de Carga","Transporte y Logística","Flete Lima-Provincia | Flete local | Alquiler camión hora | Mudanza | Transporte de material | Encomienda | Carga refrigerada | Almacenaje"
"Transporte y Logistica/24-costeo-ordenes-Transporte de Carga.xlsx","Costeo porÓrdenes de Trabajo","Transporte de Carga","Transporte y Logística","Flete Lima-Provincia | Flete local | Alquiler camión hora | Mudanza | Transporte de material | Encomienda | Carga refrigerada | Almacenaje"
"Transporte y Logistica/25-calculadora-cts-Transporte de Carga.xlsx","Calculadora CTS","Transporte de Carga","Transporte y Logística","Flete Lima-Provincia | Flete local | Alquiler camión hora | Mudanza | Transporte de material | Encomienda | Carga refrigerada | Almacenaje"
"Transporte y Logistica/26-gratificaciones-Transporte de Carga.xlsx","Calculadora Gratificaciones","Transporte de Carga","Transporte y Logística","Flete Lima-Provincia | Flete local | Alquiler camión hora | Mudanza | Transporte de material | Encomienda | Carga refrigerada | Almacenaje"
"Transporte y Logistica/27-amortizacion-Transporte de Carga.xlsx","Cuadro de Amortización","Transporte de Carga","Transporte y Logística","Flete Lima-Provincia | Flete local | Alquiler camión hora | Mudanza | Transporte de material | Encomienda | Carga refrigerada | Almacenaje"
"Transporte y Logistica/28-vacaciones-Transporte de Carga.xlsx","Calculadora Vacaciones","Transporte de Carga","Transporte y Logística","Flete Lima-Provincia | Flete local | Alquiler camión hora | Mudanza | Transporte de material | Encomienda | Carga refrigerada | Almacenaje"
"Transporte y Logistica/29-afp-onp-Transporte de Carga.xlsx","Calculadora AFP/ONP","Transporte de Carga","Transporte y Logística","Flete Lima-Provincia | Flete local | Alquiler camión hora | Mudanza | Transporte de material | Encomienda | Carga refrigerada | Almacenaje"
"Transporte y Logistica/30-nomina-Transporte de Carga.xlsx","Calculadora Nómina","Transporte de Carga","Transporte y Logística","Flete Lima-Provincia | Flete local | Alquiler camión hora | Mudanza | Transporte de material | Encomienda | Carga refrigerada | Almacenaje"
"Transporte y Logistica/31-roi-Transporte de Carga.xlsx","Calculadora ROI","Transporte de Carga","Transporte y Logística","Flete Lima-Provincia | Flete local | Alquiler camión hora | Mudanza | Transporte de material | Encomienda | Carga refrigerada | Almacenaje"
"Transporte y Logistica/32-ipc-Transporte de Carga.xlsx","Calculadora IPC","Transporte de Carga","Transporte y Logística","Flete Lima-Provincia | Flete local | Alquiler camión hora | Mudanza | Transporte de material | Encomienda | Carga refrigerada | Almacenaje"
"Transporte y Logistica/33-endeudamiento-Transporte de Carga.xlsx","Capacidad Endeudamiento","Transporte de Carga","Transporte y Logística","Flete Lima-Provincia | Flete local | Alquiler camión hora | Mudanza | Transporte de material | Encomienda | Carga refrigerada | Almacenaje"
"Transporte y Logistica/34-proyeccion-flujo-Transporte de Carga.xlsx","Proyección Flujo de Caja","Transporte de Carga","Transporte y Logística","Flete Lima-Provincia | Flete local | Alquiler camión hora | Mudanza | Transporte de material | Encomienda | Carga refrigerada | Almacenaje"
"Transporte y Logistica/01-dashboard-financiero-Taxi Particular.xlsx","Dashboard Financiero","Taxi Particular","Transporte y Logística","Carrera local | Carrera al aeropuerto | Servicio por hora | Traslado interprovincial | Servicio a empresas | Taxi escolar | Espera | Envío de documentos"
"Transporte y Logistica/02-control-ventas-Taxi Particular.xlsx","Control de Ventas","Taxi Particular","Transporte y Logística","Carrera local | Carrera al aeropuerto | Servicio por hora | Traslado interprovincial | Servicio a empresas | Taxi escolar | Espera | Envío de documentos"
"Transporte y Logistica/03-inventario-Taxi Particular.xlsx","Control de Inventario","Taxi Particular","Transporte y Logística","Carrera local | Carrera al aeropuerto | Servicio por hora | Traslado interprovincial | Servicio a empresas | Taxi escolar | Espera | Envío de documentos"
"Transporte y Logistica/04-presupuesto-anual-Taxi Particular.xlsx","Presupuesto Anual","Taxi Particular","Transporte y Logística","Carrera local | Carrera al aeropuerto | Servicio por hora | Traslado interprovincial | Servicio a empresas | Taxi escolar | Espera | Envío de documentos"
"Transporte y Logistica/05-flujo-de-caja-Taxi Particular.xlsx","Flujo de Caja","Taxi Particular","Transporte y Logística","Carrera local | Carrera al aeropuerto | Servicio por hora | Traslado interprovincial | Servicio a empresas | Taxi escolar | Espera | Envío de documentos"
"Transporte y Logistica/06-gestion-proyectos-Taxi Particular.xlsx","Gestión de Proyectos","Taxi Particular","Transporte y Logística","Carrera local | Carrera al aeropuerto | Servicio por hora | Traslado interprovincial | Servicio a empresas | Taxi escolar | Espera | Envío de documentos"
"Transporte y Logistica/07-analisis-kpis-Taxi Particular.xlsx","Análisis de KPIs","Taxi Particular","Transporte y Logística","Carrera local | Carrera al aeropuerto | Servicio por hora | Traslado interprovincial | Servicio a empresas | Taxi escolar | Espera | Envío de documentos"
"Transporte y Logistica/08-control-gastos-Taxi Particular.xlsx","Control de Gastos","Taxi Particular","Transporte y Logística","Carrera local | Carrera al aeropuerto | Servicio por hora | Traslado interprovincial | Servicio a empresas | Taxi escolar | Espera | Envío de documentos"
"Transporte y Logistica/09-planilla-personal-Taxi Particular.xlsx","Planilla de Personal","Taxi Particular","Transporte y Logística","Carrera local | Carrera al aeropuerto | Servicio por hora | Traslado interprovincial | Servicio a empresas | Taxi escolar | Espera | Envío de documentos"
"Transporte y Logistica/10-cuentas-por-cobrar-Taxi Particular.xlsx","Cuentas por Cobrar","Taxi Particular","Transporte y Logística","Carrera local | Carrera al aeropuerto | Servicio por hora | Traslado interprovincial | Servicio a empresas | Taxi escolar | Espera | Envío de documentos"
"Transporte y Logistica/11-caja-diaria-Taxi Particular.xlsx","Caja Diaria","Taxi Particular","Transporte y Logística","Carrera local | Carrera al aeropuerto | Servicio por hora | Traslado interprovincial | Servicio a empresas | Taxi escolar | Espera | Envío de documentos"
"Transporte y Logistica/12-compras-proveedores-Taxi Particular.xlsx","Compras y Proveedores","Taxi Particular","Transporte y Logística","Carrera local | Carrera al aeropuerto | Servicio por hora | Traslado interprovincial | Servicio a empresas | Taxi escolar | Espera | Envío de documentos"
"Transporte y Logistica/13-balance-general-Taxi Particular.xlsx","Balance General","Taxi Particular","Transporte y Logística","Carrera local | Carrera al aeropuerto | Servicio por hora | Traslado interprovincial | Servicio a empresas | Taxi escolar | Espera | Envío de documentos"
"Transporte y Logistica/14-estado-resultados-Taxi Particular.xlsx","Estado de Resultados","Taxi Particular","Transporte y Logística","Carrera local | Carrera al aeropuerto | Servicio por hora | Traslado interprovincial | Servicio a empresas | Taxi escolar | Espera | Envío de documentos"
"Transporte y Logistica/15-flujo-efectivo-indirecto-Taxi Particular.xlsx","Flujo de Efectivo Indirecto","Taxi Particular","Transporte y Logística","Carrera local | Carrera al aeropuerto | Servicio por hora | Traslado interprovincial | Servicio a empresas | Taxi escolar | Espera | Envío de documentos"
"Transporte y Logistica/16-conciliacion-bancaria-Taxi Particular.xlsx","Conciliación Bancaria","Taxi Particular","Transporte y Logística","Carrera local | Carrera al aeropuerto | Servicio por hora | Traslado interprovincial | Servicio a empresas | Taxi escolar | Espera | Envío de documentos"
"Transporte y Logistica/17-libro-diario-Taxi Particular.xlsx","Libro Diario y Mayor","Taxi Particular","Transporte y Logística","Carrera local | Carrera al aeropuerto | Servicio por hora | Traslado interprovincial | Servicio a empresas | Taxi escolar | Espera | Envío de documentos"
"Transporte y Logistica/18-ratios-financieros-Taxi Particular.xlsx","Ratios Financieros","Taxi Particular","Transporte y Logística","Carrera local | Carrera al aeropuerto | Servicio por hora | Traslado interprovincial | Servicio a empresas | Taxi escolar | Espera | Envío de documentos"
"Transporte y Logistica/19-control-tributario-Taxi Particular.xlsx","Control Tributario","Taxi Particular","Transporte y Logística","Carrera local | Carrera al aeropuerto | Servicio por hora | Traslado interprovincial | Servicio a empresas | Taxi escolar | Espera | Envío de documentos"
"Transporte y Logistica/20-presupuesto-centros-costo-Taxi Particular.xlsx","Presupuesto Centros de Costo","Taxi Particular","Transporte y Logística","Carrera local | Carrera al aeropuerto | Servicio por hora | Traslado interprovincial | Servicio a empresas | Taxi escolar | Espera | Envío de documentos"
"Transporte y Logistica/21-activos-fijos-Taxi Particular.xlsx","Activos Fijos y Depreciación","Taxi Particular","Transporte y Logística","Carrera local | Carrera al aeropuerto | Servicio por hora | Traslado interprovincial | Servicio a empresas | Taxi escolar | Espera | Envío de documentos"
"Transporte y Logistica/22-punto-equilibrio-Taxi Particular.xlsx","Punto de Equilibrio","Taxi Particular","Transporte y Logística","Carrera local | Carrera al aeropuerto | Servicio por hora | Traslado interprovincial | Servicio a empresas | Taxi escolar | Espera | Envío de documentos"
"Transporte y Logistica/23-estados-comparativos-Taxi Particular.xlsx","Estados Comparativos 3 Años","Taxi Particular","Transporte y Logística","Carrera local | Carrera al aeropuerto | Servicio por hora | Traslado interprovincial | Servicio a empresas | Taxi escolar | Espera | Envío de documentos"
"Transporte y Logistica/24-costeo-ordenes-Taxi Particular.xlsx","Costeo porÓrdenes de Trabajo","Taxi Particular","Transporte y Logística","Carrera local | Carrera al aeropuerto | Servicio por hora | Traslado interprovincial | Servicio a empresas | Taxi escolar | Espera | Envío de documentos"
"Transporte y Logistica/25-calculadora-cts-Taxi Particular.xlsx","Calculadora CTS","Taxi Particular","Transporte y Logística","Carrera local | Carrera al aeropuerto | Servicio por hora | Traslado interprovincial | Servicio a empresas | Taxi escolar | Espera | Envío de documentos"
"Transporte y Logistica/26-gratificaciones-Taxi Particular.xlsx","Calculadora Gratificaciones","Taxi Particular","Transporte y Logística","Carrera local | Carrera al aeropuerto | Servicio por hora | Traslado interprovincial | Servicio a empresas | Taxi escolar | Espera | Envío de documentos"
"Transporte y Logistica/27-amortizacion-Taxi Particular.xlsx","Cuadro de Amortización","Taxi Particular","Transporte y Logística","Carrera local | Carrera al aeropuerto | Servicio por hora | Traslado interprovincial | Servicio a empresas | Taxi escolar | Espera | Envío de documentos"
"Transporte y Logistica/28-vacaciones-Taxi Particular.xlsx","Calculadora Vacaciones","Taxi Particular","Transporte y Logística","Carrera local | Carrera al aeropuerto | Servicio por hora | Traslado interprovincial | Servicio a empresas | Taxi escolar | Espera | Envío de documentos"
"Transporte y Logistica/29-afp-onp-Taxi Particular.xlsx","Calculadora AFP/ONP","Taxi Particular","Transporte y Logística","Carrera local | Carrera al aeropuerto | Servicio por hora | Traslado interprovincial | Servicio a empresas | Taxi escolar | Espera | Envío de documentos"
"Transporte y Logistica/30-nomina-Taxi Particular.xlsx","Calculadora Nómina","Taxi Particular","Transporte y Logística","Carrera local | Carrera al aeropuerto | Servicio por hora | Traslado interprovincial | Servicio a empresas | Taxi escolar | Espera | Envío de documentos"
"Transporte y Logistica/31-roi-Taxi Particular.xlsx","Calculadora ROI","Taxi Particular","Transporte y Logística","Carrera local | Carrera al aeropuerto | Servicio por hora | Traslado interprovincial | Servicio a empresas | Taxi escolar | Espera | Envío de documentos"
"Transporte y Logistica/32-ipc-Taxi Particular.xlsx","Calculadora IPC","Taxi Particular","Transporte y Logística","Carrera local | Carrera al aeropuerto | Servicio por hora | Traslado interprovincial | Servicio a empresas | Taxi escolar | Espera | Envío de documentos"
"Transporte y Logistica/33-endeudamiento-Taxi Particular.xlsx","Capacidad Endeudamiento","Taxi Particular","Transporte y Logística","Carrera local | Carrera al aeropuerto | Servicio por hora | Traslado interprovincial | Servicio a empresas | Taxi escolar | Espera | Envío de documentos"
"Transporte y Logistica/34-proyeccion-flujo-Taxi Particular.xlsx","Proyección Flujo de Caja","Taxi Particular","Transporte y Logística","Carrera local | Carrera al aeropuerto | Servicio por hora | Traslado interprovincial | Servicio a empresas | Taxi escolar | Espera | Envío de documentos"
"Transporte y Logistica/01-dashboard-financiero-Mototaxi.xlsx","Dashboard Financiero","Mototaxi","Transporte y Logística","Carrera corta | Carrera larga | Servicio escolar | Flete pequeño | Delivery de comida | Recado | Servicio nocturno | Turismo local"
"Transporte y Logistica/02-control-ventas-Mototaxi.xlsx","Control de Ventas","Mototaxi","Transporte y Logística","Carrera corta | Carrera larga | Servicio escolar | Flete pequeño | Delivery de comida | Recado | Servicio nocturno | Turismo local"
"Transporte y Logistica/03-inventario-Mototaxi.xlsx","Control de Inventario","Mototaxi","Transporte y Logística","Carrera corta | Carrera larga | Servicio escolar | Flete pequeño | Delivery de comida | Recado | Servicio nocturno | Turismo local"
"Transporte y Logistica/04-presupuesto-anual-Mototaxi.xlsx","Presupuesto Anual","Mototaxi","Transporte y Logística","Carrera corta | Carrera larga | Servicio escolar | Flete pequeño | Delivery de comida | Recado | Servicio nocturno | Turismo local"
"Transporte y Logistica/05-flujo-de-caja-Mototaxi.xlsx","Flujo de Caja","Mototaxi","Transporte y Logística","Carrera corta | Carrera larga | Servicio escolar | Flete pequeño | Delivery de comida | Recado | Servicio nocturno | Turismo local"
"Transporte y Logistica/06-gestion-proyectos-Mototaxi.xlsx","Gestión de Proyectos","Mototaxi","Transporte y Logística","Carrera corta | Carrera larga | Servicio escolar | Flete pequeño | Delivery de comida | Recado | Servicio nocturno | Turismo local"
"Transporte y Logistica/07-analisis-kpis-Mototaxi.xlsx","Análisis de KPIs","Mototaxi","Transporte y Logística","Carrera corta | Carrera larga | Servicio escolar | Flete pequeño | Delivery de comida | Recado | Servicio nocturno | Turismo local"
"Transporte y Logistica/08-control-gastos-Mototaxi.xlsx","Control de Gastos","Mototaxi","Transporte y Logística","Carrera corta | Carrera larga | Servicio escolar | Flete pequeño | Delivery de comida | Recado | Servicio nocturno | Turismo local"
"Transporte y Logistica/09-planilla-personal-Mototaxi.xlsx","Planilla de Personal","Mototaxi","Transporte y Logística","Carrera corta | Carrera larga | Servicio escolar | Flete pequeño | Delivery de comida | Recado | Servicio nocturno | Turismo local"
"Transporte y Logistica/10-cuentas-por-cobrar-Mototaxi.xlsx","Cuentas por Cobrar","Mototaxi","Transporte y Logística","Carrera corta | Carrera larga | Servicio escolar | Flete pequeño | Delivery de comida | Recado | Servicio nocturno | Turismo local"
"Transporte y Logistica/11-caja-diaria-Mototaxi.xlsx","Caja Diaria","Mototaxi","Transporte y Logística","Carrera corta | Carrera larga | Servicio escolar | Flete pequeño | Delivery de comida | Recado | Servicio nocturno | Turismo local"
"Transporte y Logistica/12-compras-proveedores-Mototaxi.xlsx","Compras y Proveedores","Mototaxi","Transporte y Logística","Carrera corta | Carrera larga | Servicio escolar | Flete pequeño | Delivery de comida | Recado | Servicio nocturno | Turismo local"
"Transporte y Logistica/13-balance-general-Mototaxi.xlsx","Balance General","Mototaxi","Transporte y Logística","Carrera corta | Carrera larga | Servicio escolar | Flete pequeño | Delivery de comida | Recado | Servicio nocturno | Turismo local"
"Transporte y Logistica/14-estado-resultados-Mototaxi.xlsx","Estado de Resultados","Mototaxi","Transporte y Logística","Carrera corta | Carrera larga | Servicio escolar | Flete pequeño | Delivery de comida | Recado | Servicio nocturno | Turismo local"
"Transporte y Logistica/15-flujo-efectivo-indirecto-Mototaxi.xlsx","Flujo de Efectivo Indirecto","Mototaxi","Transporte y Logística","Carrera corta | Carrera larga | Servicio escolar | Flete pequeño | Delivery de comida | Recado | Servicio nocturno | Turismo local"
"Transporte y Logistica/16-conciliacion-bancaria-Mototaxi.xlsx","Conciliación Bancaria","Mototaxi","Transporte y Logística","Carrera corta | Carrera larga | Servicio escolar | Flete pequeño | Delivery de comida | Recado | Servicio nocturno | Turismo local"
"Transporte y Logistica/17-libro-diario-Mototaxi.xlsx","Libro Diario y Mayor","Mototaxi","Transporte y Logística","Carrera corta | Carrera larga | Servicio escolar | Flete pequeño | Delivery de comida | Recado | Servicio nocturno | Turismo local"
"Transporte y Logistica/18-ratios-financieros-Mototaxi.xlsx","Ratios Financieros","Mototaxi","Transporte y Logística","Carrera corta | Carrera larga | Servicio escolar | Flete pequeño | Delivery de comida | Recado | Servicio nocturno | Turismo local"
"Transporte y Logistica/19-control-tributario-Mototaxi.xlsx","Control Tributario","Mototaxi","Transporte y Logística","Carrera corta | Carrera larga | Servicio escolar | Flete pequeño | Delivery de comida | Recado | Servicio nocturno | Turismo local"
"Transporte y Logistica/20-presupuesto-centros-costo-Mototaxi.xlsx","Presupuesto Centros de Costo","Mototaxi","Transporte y Logística","Carrera corta | Carrera larga | Servicio escolar | Flete pequeño | Delivery de comida | Recado | Servicio nocturno | Turismo local"
"Transporte y Logistica/21-activos-fijos-Mototaxi.xlsx","Activos Fijos y Depreciación","Mototaxi","Transporte y Logística","Carrera corta | Carrera larga | Servicio escolar | Flete pequeño | Delivery de comida | Recado | Servicio nocturno | Turismo local"
"Transporte y Logistica/22-punto-equilibrio-Mototaxi.xlsx","Punto de Equilibrio","Mototaxi","Transporte y Logística","Carrera corta | Carrera larga | Servicio escolar | Flete pequeño | Delivery de comida | Recado | Servicio nocturno | Turismo local"
"Transporte y Logistica/23-estados-comparativos-Mototaxi.xlsx","Estados Comparativos 3 Años","Mototaxi","Transporte y Logística","Carrera corta | Carrera larga | Servicio escolar | Flete pequeño | Delivery de comida | Recado | Servicio nocturno | Turismo local"
"Transporte y Logistica/24-costeo-ordenes-Mototaxi.xlsx","Costeo porÓrdenes de Trabajo","Mototaxi","Transporte y Logística","Carrera corta | Carrera larga | Servicio escolar | Flete pequeño | Delivery de comida | Recado | Servicio nocturno | Turismo local"
"Transporte y Logistica/25-calculadora-cts-Mototaxi.xlsx","Calculadora CTS","Mototaxi","Transporte y Logística","Carrera corta | Carrera larga | Servicio escolar | Flete pequeño | Delivery de comida | Recado | Servicio nocturno | Turismo local"
"Transporte y Logistica/26-gratificaciones-Mototaxi.xlsx","Calculadora Gratificaciones","Mototaxi","Transporte y Logística","Carrera corta | Carrera larga | Servicio escolar | Flete pequeño | Delivery de comida | Recado | Servicio nocturno | Turismo local"
"Transporte y Logistica/27-amortizacion-Mototaxi.xlsx","Cuadro de Amortización","Mototaxi","Transporte y Logística","Carrera corta | Carrera larga | Servicio escolar | Flete pequeño | Delivery de comida | Recado | Servicio nocturno | Turismo local"
"Transporte y Logistica/28-vacaciones-Mototaxi.xlsx","Calculadora Vacaciones","Mototaxi","Transporte y Logística","Carrera corta | Carrera larga | Servicio escolar | Flete pequeño | Delivery de comida | Recado | Servicio nocturno | Turismo local"
"Transporte y Logistica/29-afp-onp-Mototaxi.xlsx","Calculadora AFP/ONP","Mototaxi","Transporte y Logística","Carrera corta | Carrera larga | Servicio escolar | Flete pequeño | Delivery de comida | Recado | Servicio nocturno | Turismo local"
"Transporte y Logistica/30-nomina-Mototaxi.xlsx","Calculadora Nómina","Mototaxi","Transporte y Logística","Carrera corta | Carrera larga | Servicio escolar | Flete pequeño | Delivery de comida | Recado | Servicio nocturno | Turismo local"
"Transporte y Logistica/31-roi-Mototaxi.xlsx","Calculadora ROI","Mototaxi","Transporte y Logística","Carrera corta | Carrera larga | Servicio escolar | Flete pequeño | Delivery de comida | Recado | Servicio nocturno | Turismo local"
"Transporte y Logistica/32-ipc-Mototaxi.xlsx","Calculadora IPC","Mototaxi","Transporte y Logística","Carrera corta | Carrera larga | Servicio escolar | Flete pequeño | Delivery de comida | Recado | Servicio nocturno | Turismo local"
"Transporte y Logistica/33-endeudamiento-Mototaxi.xlsx","Capacidad Endeudamiento","Mototaxi","Transporte y Logística","Carrera corta | Carrera larga | Servicio escolar | Flete pequeño | Delivery de comida | Recado | Servicio nocturno | Turismo local"
"Transporte y Logistica/34-proyeccion-flujo-Mototaxi.xlsx","Proyección Flujo de Caja","Mototaxi","Transporte y Logística","Carrera corta | Carrera larga | Servicio escolar | Flete pequeño | Delivery de comida | Recado | Servicio nocturno | Turismo local"
"Transporte y Logistica/01-dashboard-financiero-Agencia de Viajes.xlsx","Dashboard Financiero","Agencia de Viajes","Transporte y Logística","Pasaje Lima-Cusco | Pasaje Lima-Arequipa | Tour Valle Sagrado | Tour Paracas | Tour Ica | Paquete Machu Picchu | Tour Arequipa | Tour Huaraz"
"Transporte y Logistica/02-control-ventas-Agencia de Viajes.xlsx","Control de Ventas","Agencia de Viajes","Transporte y Logística","Pasaje Lima-Cusco | Pasaje Lima-Arequipa | Tour Valle Sagrado | Tour Paracas | Tour Ica | Paquete Machu Picchu | Tour Arequipa | Tour Huaraz"
"Transporte y Logistica/03-inventario-Agencia de Viajes.xlsx","Control de Inventario","Agencia de Viajes","Transporte y Logística","Pasaje Lima-Cusco | Pasaje Lima-Arequipa | Tour Valle Sagrado | Tour Paracas | Tour Ica | Paquete Machu Picchu | Tour Arequipa | Tour Huaraz"
"Transporte y Logistica/04-presupuesto-anual-Agencia de Viajes.xlsx","Presupuesto Anual","Agencia de Viajes","Transporte y Logística","Pasaje Lima-Cusco | Pasaje Lima-Arequipa | Tour Valle Sagrado | Tour Paracas | Tour Ica | Paquete Machu Picchu | Tour Arequipa | Tour Huaraz"
"Transporte y Logistica/05-flujo-de-caja-Agencia de Viajes.xlsx","Flujo de Caja","Agencia de Viajes","Transporte y Logística","Pasaje Lima-Cusco | Pasaje Lima-Arequipa | Tour Valle Sagrado | Tour Paracas | Tour Ica | Paquete Machu Picchu | Tour Arequipa | Tour Huaraz"
"Transporte y Logistica/06-gestion-proyectos-Agencia de Viajes.xlsx","Gestión de Proyectos","Agencia de Viajes","Transporte y Logística","Pasaje Lima-Cusco | Pasaje Lima-Arequipa | Tour Valle Sagrado | Tour Paracas | Tour Ica | Paquete Machu Picchu | Tour Arequipa | Tour Huaraz"
"Transporte y Logistica/07-analisis-kpis-Agencia de Viajes.xlsx","Análisis de KPIs","Agencia de Viajes","Transporte y Logística","Pasaje Lima-Cusco | Pasaje Lima-Arequipa | Tour Valle Sagrado | Tour Paracas | Tour Ica | Paquete Machu Picchu | Tour Arequipa | Tour Huaraz"
"Transporte y Logistica/08-control-gastos-Agencia de Viajes.xlsx","Control de Gastos","Agencia de Viajes","Transporte y Logística","Pasaje Lima-Cusco | Pasaje Lima-Arequipa | Tour Valle Sagrado | Tour Paracas | Tour Ica | Paquete Machu Picchu | Tour Arequipa | Tour Huaraz"
"Transporte y Logistica/09-planilla-personal-Agencia de Viajes.xlsx","Planilla de Personal","Agencia de Viajes","Transporte y Logística","Pasaje Lima-Cusco | Pasaje Lima-Arequipa | Tour Valle Sagrado | Tour Paracas | Tour Ica | Paquete Machu Picchu | Tour Arequipa | Tour Huaraz"
"Transporte y Logistica/10-cuentas-por-cobrar-Agencia de Viajes.xlsx","Cuentas por Cobrar","Agencia de Viajes","Transporte y Logística","Pasaje Lima-Cusco | Pasaje Lima-Arequipa | Tour Valle Sagrado | Tour Paracas | Tour Ica | Paquete Machu Picchu | Tour Arequipa | Tour Huaraz"
"Transporte y Logistica/11-caja-diaria-Agencia de Viajes.xlsx","Caja Diaria","Agencia de Viajes","Transporte y Logística","Pasaje Lima-Cusco | Pasaje Lima-Arequipa | Tour Valle Sagrado | Tour Paracas | Tour Ica | Paquete Machu Picchu | Tour Arequipa | Tour Huaraz"
"Transporte y Logistica/12-compras-proveedores-Agencia de Viajes.xlsx","Compras y Proveedores","Agencia de Viajes","Transporte y Logística","Pasaje Lima-Cusco | Pasaje Lima-Arequipa | Tour Valle Sagrado | Tour Paracas | Tour Ica | Paquete Machu Picchu | Tour Arequipa | Tour Huaraz"
"Transporte y Logistica/13-balance-general-Agencia de Viajes.xlsx","Balance General","Agencia de Viajes","Transporte y Logística","Pasaje Lima-Cusco | Pasaje Lima-Arequipa | Tour Valle Sagrado | Tour Paracas | Tour Ica | Paquete Machu Picchu | Tour Arequipa | Tour Huaraz"
"Transporte y Logistica/14-estado-resultados-Agencia de Viajes.xlsx","Estado de Resultados","Agencia de Viajes","Transporte y Logística","Pasaje Lima-Cusco | Pasaje Lima-Arequipa | Tour Valle Sagrado | Tour Paracas | Tour Ica | Paquete Machu Picchu | Tour Arequipa | Tour Huaraz"
"Transporte y Logistica/15-flujo-efectivo-indirecto-Agencia de Viajes.xlsx","Flujo de Efectivo Indirecto","Agencia de Viajes","Transporte y Logística","Pasaje Lima-Cusco | Pasaje Lima-Arequipa | Tour Valle Sagrado | Tour Paracas | Tour Ica | Paquete Machu Picchu | Tour Arequipa | Tour Huaraz"
"Transporte y Logistica/16-conciliacion-bancaria-Agencia de Viajes.xlsx","Conciliación Bancaria","Agencia de Viajes","Transporte y Logística","Pasaje Lima-Cusco | Pasaje Lima-Arequipa | Tour Valle Sagrado | Tour Paracas | Tour Ica | Paquete Machu Picchu | Tour Arequipa | Tour Huaraz"
"Transporte y Logistica/17-libro-diario-Agencia de Viajes.xlsx","Libro Diario y Mayor","Agencia de Viajes","Transporte y Logística","Pasaje Lima-Cusco | Pasaje Lima-Arequipa | Tour Valle Sagrado | Tour Paracas | Tour Ica | Paquete Machu Picchu | Tour Arequipa | Tour Huaraz"
"Transporte y Logistica/18-ratios-financieros-Agencia de Viajes.xlsx","Ratios Financieros","Agencia de Viajes","Transporte y Logística","Pasaje Lima-Cusco | Pasaje Lima-Arequipa | Tour Valle Sagrado | Tour Paracas | Tour Ica | Paquete Machu Picchu | Tour Arequipa | Tour Huaraz"
"Transporte y Logistica/19-control-tributario-Agencia de Viajes.xlsx","Control Tributario","Agencia de Viajes","Transporte y Logística","Pasaje Lima-Cusco | Pasaje Lima-Arequipa | Tour Valle Sagrado | Tour Paracas | Tour Ica | Paquete Machu Picchu | Tour Arequipa | Tour Huaraz"
"Transporte y Logistica/20-presupuesto-centros-costo-Agencia de Viajes.xlsx","Presupuesto Centros de Costo","Agencia de Viajes","Transporte y Logística","Pasaje Lima-Cusco | Pasaje Lima-Arequipa | Tour Valle Sagrado | Tour Paracas | Tour Ica | Paquete Machu Picchu | Tour Arequipa | Tour Huaraz"
"Transporte y Logistica/21-activos-fijos-Agencia de Viajes.xlsx","Activos Fijos y Depreciación","Agencia de Viajes","Transporte y Logística","Pasaje Lima-Cusco | Pasaje Lima-Arequipa | Tour Valle Sagrado | Tour Paracas | Tour Ica | Paquete Machu Picchu | Tour Arequipa | Tour Huaraz"
"Transporte y Logistica/22-punto-equilibrio-Agencia de Viajes.xlsx","Punto de Equilibrio","Agencia de Viajes","Transporte y Logística","Pasaje Lima-Cusco | Pasaje Lima-Arequipa | Tour Valle Sagrado | Tour Paracas | Tour Ica | Paquete Machu Picchu | Tour Arequipa | Tour Huaraz"
"Transporte y Logistica/23-estados-comparativos-Agencia de Viajes.xlsx","Estados Comparativos 3 Años","Agencia de Viajes","Transporte y Logística","Pasaje Lima-Cusco | Pasaje Lima-Arequipa | Tour Valle Sagrado | Tour Paracas | Tour Ica | Paquete Machu Picchu | Tour Arequipa | Tour Huaraz"
"Transporte y Logistica/24-costeo-ordenes-Agencia de Viajes.xlsx","Costeo porÓrdenes de Trabajo","Agencia de Viajes","Transporte y Logística","Pasaje Lima-Cusco | Pasaje Lima-Arequipa | Tour Valle Sagrado | Tour Paracas | Tour Ica | Paquete Machu Picchu | Tour Arequipa | Tour Huaraz"
"Transporte y Logistica/25-calculadora-cts-Agencia de Viajes.xlsx","Calculadora CTS","Agencia de Viajes","Transporte y Logística","Pasaje Lima-Cusco | Pasaje Lima-Arequipa | Tour Valle Sagrado | Tour Paracas | Tour Ica | Paquete Machu Picchu | Tour Arequipa | Tour Huaraz"
"Transporte y Logistica/26-gratificaciones-Agencia de Viajes.xlsx","Calculadora Gratificaciones","Agencia de Viajes","Transporte y Logística","Pasaje Lima-Cusco | Pasaje Lima-Arequipa | Tour Valle Sagrado | Tour Paracas | Tour Ica | Paquete Machu Picchu | Tour Arequipa | Tour Huaraz"
"Transporte y Logistica/27-amortizacion-Agencia de Viajes.xlsx","Cuadro de Amortización","Agencia de Viajes","Transporte y Logística","Pasaje Lima-Cusco | Pasaje Lima-Arequipa | Tour Valle Sagrado | Tour Paracas | Tour Ica | Paquete Machu Picchu | Tour Arequipa | Tour Huaraz"
"Transporte y Logistica/28-vacaciones-Agencia de Viajes.xlsx","Calculadora Vacaciones","Agencia de Viajes","Transporte y Logística","Pasaje Lima-Cusco | Pasaje Lima-Arequipa | Tour Valle Sagrado | Tour Paracas | Tour Ica | Paquete Machu Picchu | Tour Arequipa | Tour Huaraz"
"Transporte y Logistica/29-afp-onp-Agencia de Viajes.xlsx","Calculadora AFP/ONP","Agencia de Viajes","Transporte y Logística","Pasaje Lima-Cusco | Pasaje Lima-Arequipa | Tour Valle Sagrado | Tour Paracas | Tour Ica | Paquete Machu Picchu | Tour Arequipa | Tour Huaraz"
"Transporte y Logistica/30-nomina-Agencia de Viajes.xlsx","Calculadora Nómina","Agencia de Viajes","Transporte y Logística","Pasaje Lima-Cusco | Pasaje Lima-Arequipa | Tour Valle Sagrado | Tour Paracas | Tour Ica | Paquete Machu Picchu | Tour Arequipa | Tour Huaraz"
"Transporte y Logistica/31-roi-Agencia de Viajes.xlsx","Calculadora ROI","Agencia de Viajes","Transporte y Logística","Pasaje Lima-Cusco | Pasaje Lima-Arequipa | Tour Valle Sagrado | Tour Paracas | Tour Ica | Paquete Machu Picchu | Tour Arequipa | Tour Huaraz"
"Transporte y Logistica/32-ipc-Agencia de Viajes.xlsx","Calculadora IPC","Agencia de Viajes","Transporte y Logística","Pasaje Lima-Cusco | Pasaje Lima-Arequipa | Tour Valle Sagrado | Tour Paracas | Tour Ica | Paquete Machu Picchu | Tour Arequipa | Tour Huaraz"
"Transporte y Logistica/33-endeudamiento-Agencia de Viajes.xlsx","Capacidad Endeudamiento","Agencia de Viajes","Transporte y Logística","Pasaje Lima-Cusco | Pasaje Lima-Arequipa | Tour Valle Sagrado | Tour Paracas | Tour Ica | Paquete Machu Picchu | Tour Arequipa | Tour Huaraz"
"Transporte y Logistica/34-proyeccion-flujo-Agencia de Viajes.xlsx","Proyección Flujo de Caja","Agencia de Viajes","Transporte y Logística","Pasaje Lima-Cusco | Pasaje Lima-Arequipa | Tour Valle Sagrado | Tour Paracas | Tour Ica | Paquete Machu Picchu | Tour Arequipa | Tour Huaraz"
"Transporte y Logistica/01-dashboard-financiero-Hospedaje y Hostal.xlsx","Dashboard Financiero","Hospedaje y Hostal","Transporte y Logística","Habitación simple | Habitación doble | Habitación matrimonial | Habitación triple | Hospedaje por horas | Estancia semanal | Estancia mensual | Desayuno"
"Transporte y Logistica/02-control-ventas-Hospedaje y Hostal.xlsx","Control de Ventas","Hospedaje y Hostal","Transporte y Logística","Habitación simple | Habitación doble | Habitación matrimonial | Habitación triple | Hospedaje por horas | Estancia semanal | Estancia mensual | Desayuno"
"Transporte y Logistica/03-inventario-Hospedaje y Hostal.xlsx","Control de Inventario","Hospedaje y Hostal","Transporte y Logística","Habitación simple | Habitación doble | Habitación matrimonial | Habitación triple | Hospedaje por horas | Estancia semanal | Estancia mensual | Desayuno"
"Transporte y Logistica/04-presupuesto-anual-Hospedaje y Hostal.xlsx","Presupuesto Anual","Hospedaje y Hostal","Transporte y Logística","Habitación simple | Habitación doble | Habitación matrimonial | Habitación triple | Hospedaje por horas | Estancia semanal | Estancia mensual | Desayuno"
"Transporte y Logistica/05-flujo-de-caja-Hospedaje y Hostal.xlsx","Flujo de Caja","Hospedaje y Hostal","Transporte y Logística","Habitación simple | Habitación doble | Habitación matrimonial | Habitación triple | Hospedaje por horas | Estancia semanal | Estancia mensual | Desayuno"
"Transporte y Logistica/06-gestion-proyectos-Hospedaje y Hostal.xlsx","Gestión de Proyectos","Hospedaje y Hostal","Transporte y Logística","Habitación simple | Habitación doble | Habitación matrimonial | Habitación triple | Hospedaje por horas | Estancia semanal | Estancia mensual | Desayuno"
"Transporte y Logistica/07-analisis-kpis-Hospedaje y Hostal.xlsx","Análisis de KPIs","Hospedaje y Hostal","Transporte y Logística","Habitación simple | Habitación doble | Habitación matrimonial | Habitación triple | Hospedaje por horas | Estancia semanal | Estancia mensual | Desayuno"
"Transporte y Logistica/08-control-gastos-Hospedaje y Hostal.xlsx","Control de Gastos","Hospedaje y Hostal","Transporte y Logística","Habitación simple | Habitación doble | Habitación matrimonial | Habitación triple | Hospedaje por horas | Estancia semanal | Estancia mensual | Desayuno"
"Transporte y Logistica/09-planilla-personal-Hospedaje y Hostal.xlsx","Planilla de Personal","Hospedaje y Hostal","Transporte y Logística","Habitación simple | Habitación doble | Habitación matrimonial | Habitación triple | Hospedaje por horas | Estancia semanal | Estancia mensual | Desayuno"
"Transporte y Logistica/10-cuentas-por-cobrar-Hospedaje y Hostal.xlsx","Cuentas por Cobrar","Hospedaje y Hostal","Transporte y Logística","Habitación simple | Habitación doble | Habitación matrimonial | Habitación triple | Hospedaje por horas | Estancia semanal | Estancia mensual | Desayuno"
"Transporte y Logistica/11-caja-diaria-Hospedaje y Hostal.xlsx","Caja Diaria","Hospedaje y Hostal","Transporte y Logística","Habitación simple | Habitación doble | Habitación matrimonial | Habitación triple | Hospedaje por horas | Estancia semanal | Estancia mensual | Desayuno"
"Transporte y Logistica/12-compras-proveedores-Hospedaje y Hostal.xlsx","Compras y Proveedores","Hospedaje y Hostal","Transporte y Logística","Habitación simple | Habitación doble | Habitación matrimonial | Habitación triple | Hospedaje por horas | Estancia semanal | Estancia mensual | Desayuno"
"Transporte y Logistica/13-balance-general-Hospedaje y Hostal.xlsx","Balance General","Hospedaje y Hostal","Transporte y Logística","Habitación simple | Habitación doble | Habitación matrimonial | Habitación triple | Hospedaje por horas | Estancia semanal | Estancia mensual | Desayuno"
"Transporte y Logistica/14-estado-resultados-Hospedaje y Hostal.xlsx","Estado de Resultados","Hospedaje y Hostal","Transporte y Logística","Habitación simple | Habitación doble | Habitación matrimonial | Habitación triple | Hospedaje por horas | Estancia semanal | Estancia mensual | Desayuno"
"Transporte y Logistica/15-flujo-efectivo-indirecto-Hospedaje y Hostal.xlsx","Flujo de Efectivo Indirecto","Hospedaje y Hostal","Transporte y Logística","Habitación simple | Habitación doble | Habitación matrimonial | Habitación triple | Hospedaje por horas | Estancia semanal | Estancia mensual | Desayuno"
"Transporte y Logistica/16-conciliacion-bancaria-Hospedaje y Hostal.xlsx","Conciliación Bancaria","Hospedaje y Hostal","Transporte y Logística","Habitación simple | Habitación doble | Habitación matrimonial | Habitación triple | Hospedaje por horas | Estancia semanal | Estancia mensual | Desayuno"
"Transporte y Logistica/17-libro-diario-Hospedaje y Hostal.xlsx","Libro Diario y Mayor","Hospedaje y Hostal","Transporte y Logística","Habitación simple | Habitación doble | Habitación matrimonial | Habitación triple | Hospedaje por horas | Estancia semanal | Estancia mensual | Desayuno"
"Transporte y Logistica/18-ratios-financieros-Hospedaje y Hostal.xlsx","Ratios Financieros","Hospedaje y Hostal","Transporte y Logística","Habitación simple | Habitación doble | Habitación matrimonial | Habitación triple | Hospedaje por horas | Estancia semanal | Estancia mensual | Desayuno"
"Transporte y Logistica/19-control-tributario-Hospedaje y Hostal.xlsx","Control Tributario","Hospedaje y Hostal","Transporte y Logística","Habitación simple | Habitación doble | Habitación matrimonial | Habitación triple | Hospedaje por horas | Estancia semanal | Estancia mensual | Desayuno"
"Transporte y Logistica/20-presupuesto-centros-costo-Hospedaje y Hostal.xlsx","Presupuesto Centros de Costo","Hospedaje y Hostal","Transporte y Logística","Habitación simple | Habitación doble | Habitación matrimonial | Habitación triple | Hospedaje por horas | Estancia semanal | Estancia mensual | Desayuno"
"Transporte y Logistica/21-activos-fijos-Hospedaje y Hostal.xlsx","Activos Fijos y Depreciación","Hospedaje y Hostal","Transporte y Logística","Habitación simple | Habitación doble | Habitación matrimonial | Habitación triple | Hospedaje por horas | Estancia semanal | Estancia mensual | Desayuno"
"Transporte y Logistica/22-punto-equilibrio-Hospedaje y Hostal.xlsx","Punto de Equilibrio","Hospedaje y Hostal","Transporte y Logística","Habitación simple | Habitación doble | Habitación matrimonial | Habitación triple | Hospedaje por horas | Estancia semanal | Estancia mensual | Desayuno"
"Transporte y Logistica/23-estados-comparativos-Hospedaje y Hostal.xlsx","Estados Comparativos 3 Años","Hospedaje y Hostal","Transporte y Logística","Habitación simple | Habitación doble | Habitación matrimonial | Habitación triple | Hospedaje por horas | Estancia semanal | Estancia mensual | Desayuno"
"Transporte y Logistica/24-costeo-ordenes-Hospedaje y Hostal.xlsx","Costeo porÓrdenes de Trabajo","Hospedaje y Hostal","Transporte y Logística","Habitación simple | Habitación doble | Habitación matrimonial | Habitación triple | Hospedaje por horas | Estancia semanal | Estancia mensual | Desayuno"
"Transporte y Logistica/25-calculadora-cts-Hospedaje y Hostal.xlsx","Calculadora CTS","Hospedaje y Hostal","Transporte y Logística","Habitación simple | Habitación doble | Habitación matrimonial | Habitación triple | Hospedaje por horas | Estancia semanal | Estancia mensual | Desayuno"
"Transporte y Logistica/26-gratificaciones-Hospedaje y Hostal.xlsx","Calculadora Gratificaciones","Hospedaje y Hostal","Transporte y Logística","Habitación simple | Habitación doble | Habitación matrimonial | Habitación triple | Hospedaje por horas | Estancia semanal | Estancia mensual | Desayuno"
"Transporte y Logistica/27-amortizacion-Hospedaje y Hostal.xlsx","Cuadro de Amortización","Hospedaje y Hostal","Transporte y Logística","Habitación simple | Habitación doble | Habitación matrimonial | Habitación triple | Hospedaje por horas | Estancia semanal | Estancia mensual | Desayuno"
"Transporte y Logistica/28-vacaciones-Hospedaje y Hostal.xlsx","Calculadora Vacaciones","Hospedaje y Hostal","Transporte y Logística","Habitación simple | Habitación doble | Habitación matrimonial | Habitación triple | Hospedaje por horas | Estancia semanal | Estancia mensual | Desayuno"
"Transporte y Logistica/29-afp-onp-Hospedaje y Hostal.xlsx","Calculadora AFP/ONP","Hospedaje y Hostal","Transporte y Logística","Habitación simple | Habitación doble | Habitación matrimonial | Habitación triple | Hospedaje por horas | Estancia semanal | Estancia mensual | Desayuno"
"Transporte y Logistica/30-nomina-Hospedaje y Hostal.xlsx","Calculadora Nómina","Hospedaje y Hostal","Transporte y Logística","Habitación simple | Habitación doble | Habitación matrimonial | Habitación triple | Hospedaje por horas | Estancia semanal | Estancia mensual | Desayuno"
"Transporte y Logistica/31-roi-Hospedaje y Hostal.xlsx","Calculadora ROI","Hospedaje y Hostal","Transporte y Logística","Habitación simple | Habitación doble | Habitación matrimonial | Habitación triple | Hospedaje por horas | Estancia semanal | Estancia mensual | Desayuno"
"Transporte y Logistica/32-ipc-Hospedaje y Hostal.xlsx","Calculadora IPC","Hospedaje y Hostal","Transporte y Logística","Habitación simple | Habitación doble | Habitación matrimonial | Habitación triple | Hospedaje por horas | Estancia semanal | Estancia mensual | Desayuno"
"Transporte y Logistica/33-endeudamiento-Hospedaje y Hostal.xlsx","Capacidad Endeudamiento","Hospedaje y Hostal","Transporte y Logística","Habitación simple | Habitación doble | Habitación matrimonial | Habitación triple | Hospedaje por horas | Estancia semanal | Estancia mensual | Desayuno"
"Transporte y Logistica/34-proyeccion-flujo-Hospedaje y Hostal.xlsx","Proyección Flujo de Caja","Hospedaje y Hostal","Transporte y Logística","Habitación simple | Habitación doble | Habitación matrimonial | Habitación triple | Hospedaje por horas | Estancia semanal | Estancia mensual | Desayuno"
"Transporte y Logistica/01-dashboard-financiero-Alquiler de Autos.xlsx","Dashboard Financiero","Alquiler de Autos","Transporte y Logística","Alquiler auto económico | Alquiler SUV | Alquiler van | Con chofer por día | Kilómetro extra | Seguro | Alquiler mensual | Traslado aeropuerto"
"Transporte y Logistica/02-control-ventas-Alquiler de Autos.xlsx","Control de Ventas","Alquiler de Autos","Transporte y Logística","Alquiler auto económico | Alquiler SUV | Alquiler van | Con chofer por día | Kilómetro extra | Seguro | Alquiler mensual | Traslado aeropuerto"
"Transporte y Logistica/03-inventario-Alquiler de Autos.xlsx","Control de Inventario","Alquiler de Autos","Transporte y Logística","Alquiler auto económico | Alquiler SUV | Alquiler van | Con chofer por día | Kilómetro extra | Seguro | Alquiler mensual | Traslado aeropuerto"
"Transporte y Logistica/04-presupuesto-anual-Alquiler de Autos.xlsx","Presupuesto Anual","Alquiler de Autos","Transporte y Logística","Alquiler auto económico | Alquiler SUV | Alquiler van | Con chofer por día | Kilómetro extra | Seguro | Alquiler mensual | Traslado aeropuerto"
"Transporte y Logistica/05-flujo-de-caja-Alquiler de Autos.xlsx","Flujo de Caja","Alquiler de Autos","Transporte y Logística","Alquiler auto económico | Alquiler SUV | Alquiler van | Con chofer por día | Kilómetro extra | Seguro | Alquiler mensual | Traslado aeropuerto"
"Transporte y Logistica/06-gestion-proyectos-Alquiler de Autos.xlsx","Gestión de Proyectos","Alquiler de Autos","Transporte y Logística","Alquiler auto económico | Alquiler SUV | Alquiler van | Con chofer por día | Kilómetro extra | Seguro | Alquiler mensual | Traslado aeropuerto"
"Transporte y Logistica/07-analisis-kpis-Alquiler de Autos.xlsx","Análisis de KPIs","Alquiler de Autos","Transporte y Logística","Alquiler auto económico | Alquiler SUV | Alquiler van | Con chofer por día | Kilómetro extra | Seguro | Alquiler mensual | Traslado aeropuerto"
"Transporte y Logistica/08-control-gastos-Alquiler de Autos.xlsx","Control de Gastos","Alquiler de Autos","Transporte y Logística","Alquiler auto económico | Alquiler SUV | Alquiler van | Con chofer por día | Kilómetro extra | Seguro | Alquiler mensual | Traslado aeropuerto"
"Transporte y Logistica/09-planilla-personal-Alquiler de Autos.xlsx","Planilla de Personal","Alquiler de Autos","Transporte y Logística","Alquiler auto económico | Alquiler SUV | Alquiler van | Con chofer por día | Kilómetro extra | Seguro | Alquiler mensual | Traslado aeropuerto"
"Transporte y Logistica/10-cuentas-por-cobrar-Alquiler de Autos.xlsx","Cuentas por Cobrar","Alquiler de Autos","Transporte y Logística","Alquiler auto económico | Alquiler SUV | Alquiler van | Con chofer por día | Kilómetro extra | Seguro | Alquiler mensual | Traslado aeropuerto"
"Transporte y Logistica/11-caja-diaria-Alquiler de Autos.xlsx","Caja Diaria","Alquiler de Autos","Transporte y Logística","Alquiler auto económico | Alquiler SUV | Alquiler van | Con chofer por día | Kilómetro extra | Seguro | Alquiler mensual | Traslado aeropuerto"
"Transporte y Logistica/12-compras-proveedores-Alquiler de Autos.xlsx","Compras y Proveedores","Alquiler de Autos","Transporte y Logística","Alquiler auto económico | Alquiler SUV | Alquiler van | Con chofer por día | Kilómetro extra | Seguro | Alquiler mensual | Traslado aeropuerto"
"Transporte y Logistica/13-balance-general-Alquiler de Autos.xlsx","Balance General","Alquiler de Autos","Transporte y Logística","Alquiler auto económico | Alquiler SUV | Alquiler van | Con chofer por día | Kilómetro extra | Seguro | Alquiler mensual | Traslado aeropuerto"
"Transporte y Logistica/14-estado-resultados-Alquiler de Autos.xlsx","Estado de Resultados","Alquiler de Autos","Transporte y Logística","Alquiler auto económico | Alquiler SUV | Alquiler van | Con chofer por día | Kilómetro extra | Seguro | Alquiler mensual | Traslado aeropuerto"
"Transporte y Logistica/15-flujo-efectivo-indirecto-Alquiler de Autos.xlsx","Flujo de Efectivo Indirecto","Alquiler de Autos","Transporte y Logística","Alquiler auto económico | Alquiler SUV | Alquiler van | Con chofer por día | Kilómetro extra | Seguro | Alquiler mensual | Traslado aeropuerto"
"Transporte y Logistica/16-conciliacion-bancaria-Alquiler de Autos.xlsx","Conciliación Bancaria","Alquiler de Autos","Transporte y Logística","Alquiler auto económico | Alquiler SUV | Alquiler van | Con chofer por día | Kilómetro extra | Seguro | Alquiler mensual | Traslado aeropuerto"
"Transporte y Logistica/17-libro-diario-Alquiler de Autos.xlsx","Libro Diario y Mayor","Alquiler de Autos","Transporte y Logística","Alquiler auto económico | Alquiler SUV | Alquiler van | Con chofer por día | Kilómetro extra | Seguro | Alquiler mensual | Traslado aeropuerto"
"Transporte y Logistica/18-ratios-financieros-Alquiler de Autos.xlsx","Ratios Financieros","Alquiler de Autos","Transporte y Logística","Alquiler auto económico | Alquiler SUV | Alquiler van | Con chofer por día | Kilómetro extra | Seguro | Alquiler mensual | Traslado aeropuerto"
"Transporte y Logistica/19-control-tributario-Alquiler de Autos.xlsx","Control Tributario","Alquiler de Autos","Transporte y Logística","Alquiler auto económico | Alquiler SUV | Alquiler van | Con chofer por día | Kilómetro extra | Seguro | Alquiler mensual | Traslado aeropuerto"
"Transporte y Logistica/20-presupuesto-centros-costo-Alquiler de Autos.xlsx","Presupuesto Centros de Costo","Alquiler de Autos","Transporte y Logística","Alquiler auto económico | Alquiler SUV | Alquiler van | Con chofer por día | Kilómetro extra | Seguro | Alquiler mensual | Traslado aeropuerto"
"Transporte y Logistica/21-activos-fijos-Alquiler de Autos.xlsx","Activos Fijos y Depreciación","Alquiler de Autos","Transporte y Logística","Alquiler auto económico | Alquiler SUV | Alquiler van | Con chofer por día | Kilómetro extra | Seguro | Alquiler mensual | Traslado aeropuerto"
"Transporte y Logistica/22-punto-equilibrio-Alquiler de Autos.xlsx","Punto de Equilibrio","Alquiler de Autos","Transporte y Logística","Alquiler auto económico | Alquiler SUV | Alquiler van | Con chofer por día | Kilómetro extra | Seguro | Alquiler mensual | Traslado aeropuerto"
"Transporte y Logistica/23-estados-comparativos-Alquiler de Autos.xlsx","Estados Comparativos 3 Años","Alquiler de Autos","Transporte y Logística","Alquiler auto económico | Alquiler SUV | Alquiler van | Con chofer por día | Kilómetro extra | Seguro | Alquiler mensual | Traslado aeropuerto"
"Transporte y Logistica/24-costeo-ordenes-Alquiler de Autos.xlsx","Costeo porÓrdenes de Trabajo","Alquiler de Autos","Transporte y Logística","Alquiler auto económico | Alquiler SUV | Alquiler van | Con chofer por día | Kilómetro extra | Seguro | Alquiler mensual | Traslado aeropuerto"
"Transporte y Logistica/25-calculadora-cts-Alquiler de Autos.xlsx","Calculadora CTS","Alquiler de Autos","Transporte y Logística","Alquiler auto económico | Alquiler SUV | Alquiler van | Con chofer por día | Kilómetro extra | Seguro | Alquiler mensual | Traslado aeropuerto"
"Transporte y Logistica/26-gratificaciones-Alquiler de Autos.xlsx","Calculadora Gratificaciones","Alquiler de Autos","Transporte y Logística","Alquiler auto económico | Alquiler SUV | Alquiler van | Con chofer por día | Kilómetro extra | Seguro | Alquiler mensual | Traslado aeropuerto"
"Transporte y Logistica/27-amortizacion-Alquiler de Autos.xlsx","Cuadro de Amortización","Alquiler de Autos","Transporte y Logística","Alquiler auto económico | Alquiler SUV | Alquiler van | Con chofer por día | Kilómetro extra | Seguro | Alquiler mensual | Traslado aeropuerto"
"Transporte y Logistica/28-vacaciones-Alquiler de Autos.xlsx","Calculadora Vacaciones","Alquiler de Autos","Transporte y Logística","Alquiler auto económico | Alquiler SUV | Alquiler van | Con chofer por día | Kilómetro extra | Seguro | Alquiler mensual | Traslado aeropuerto"
"Transporte y Logistica/29-afp-onp-Alquiler de Autos.xlsx","Calculadora AFP/ONP","Alquiler de Autos","Transporte y Logística","Alquiler auto económico | Alquiler SUV | Alquiler van | Con chofer por día | Kilómetro extra | Seguro | Alquiler mensual | Traslado aeropuerto"
"Transporte y Logistica/30-nomina-Alquiler de Autos.xlsx","Calculadora Nómina","Alquiler de Autos","Transporte y Logística","Alquiler auto económico | Alquiler SUV | Alquiler van | Con chofer por día | Kilómetro extra | Seguro | Alquiler mensual | Traslado aeropuerto"
"Transporte y Logistica/31-roi-Alquiler de Autos.xlsx","Calculadora ROI","Alquiler de Autos","Transporte y Logística","Alquiler auto económico | Alquiler SUV | Alquiler van | Con chofer por día | Kilómetro extra | Seguro | Alquiler mensual | Traslado aeropuerto"
"Transporte y Logistica/32-ipc-Alquiler de Autos.xlsx","Calculadora IPC","Alquiler de Autos","Transporte y Logística","Alquiler auto económico | Alquiler SUV | Alquiler van | Con chofer por día | Kilómetro extra | Seguro | Alquiler mensual | Traslado aeropuerto"
"Transporte y Logistica/33-endeudamiento-Alquiler de Autos.xlsx","Capacidad Endeudamiento","Alquiler de Autos","Transporte y Logística","Alquiler auto económico | Alquiler SUV | Alquiler van | Con chofer por día | Kilómetro extra | Seguro | Alquiler mensual | Traslado aeropuerto"
"Transporte y Logistica/34-proyeccion-flujo-Alquiler de Autos.xlsx","Proyección Flujo de Caja","Alquiler de Autos","Transporte y Logística","Alquiler auto económico | Alquiler SUV | Alquiler van | Con chofer por día | Kilómetro extra | Seguro | Alquiler mensual | Traslado aeropuerto"
"Transporte y Logistica/01-dashboard-financiero-Courier y Encomiendas.xlsx","Dashboard Financiero","Courier y Encomiendas","Transporte y Logística","Envío local | Envío provincial | Envío documentación | Envío paquete 5kg | Envío express | Recolección a domicilio | Envío masivo | Pago contra entrega"
"Transporte y Logistica/02-control-ventas-Courier y Encomiendas.xlsx","Control de Ventas","Courier y Encomiendas","Transporte y Logística","Envío local | Envío provincial | Envío documentación | Envío paquete 5kg | Envío express | Recolección a domicilio | Envío masivo | Pago contra entrega"
"Transporte y Logistica/03-inventario-Courier y Encomiendas.xlsx","Control de Inventario","Courier y Encomiendas","Transporte y Logística","Envío local | Envío provincial | Envío documentación | Envío paquete 5kg | Envío express | Recolección a domicilio | Envío masivo | Pago contra entrega"
"Transporte y Logistica/04-presupuesto-anual-Courier y Encomiendas.xlsx","Presupuesto Anual","Courier y Encomiendas","Transporte y Logística","Envío local | Envío provincial | Envío documentación | Envío paquete 5kg | Envío express | Recolección a domicilio | Envío masivo | Pago contra entrega"
"Transporte y Logistica/05-flujo-de-caja-Courier y Encomiendas.xlsx","Flujo de Caja","Courier y Encomiendas","Transporte y Logística","Envío local | Envío provincial | Envío documentación | Envío paquete 5kg | Envío express | Recolección a domicilio | Envío masivo | Pago contra entrega"
"Transporte y Logistica/06-gestion-proyectos-Courier y Encomiendas.xlsx","Gestión de Proyectos","Courier y Encomiendas","Transporte y Logística","Envío local | Envío provincial | Envío documentación | Envío paquete 5kg | Envío express | Recolección a domicilio | Envío masivo | Pago contra entrega"
"Transporte y Logistica/07-analisis-kpis-Courier y Encomiendas.xlsx","Análisis de KPIs","Courier y Encomiendas","Transporte y Logística","Envío local | Envío provincial | Envío documentación | Envío paquete 5kg | Envío express | Recolección a domicilio | Envío masivo | Pago contra entrega"
"Transporte y Logistica/08-control-gastos-Courier y Encomiendas.xlsx","Control de Gastos","Courier y Encomiendas","Transporte y Logística","Envío local | Envío provincial | Envío documentación | Envío paquete 5kg | Envío express | Recolección a domicilio | Envío masivo | Pago contra entrega"
"Transporte y Logistica/09-planilla-personal-Courier y Encomiendas.xlsx","Planilla de Personal","Courier y Encomiendas","Transporte y Logística","Envío local | Envío provincial | Envío documentación | Envío paquete 5kg | Envío express | Recolección a domicilio | Envío masivo | Pago contra entrega"
"Transporte y Logistica/10-cuentas-por-cobrar-Courier y Encomiendas.xlsx","Cuentas por Cobrar","Courier y Encomiendas","Transporte y Logística","Envío local | Envío provincial | Envío documentación | Envío paquete 5kg | Envío express | Recolección a domicilio | Envío masivo | Pago contra entrega"
"Transporte y Logistica/11-caja-diaria-Courier y Encomiendas.xlsx","Caja Diaria","Courier y Encomiendas","Transporte y Logística","Envío local | Envío provincial | Envío documentación | Envío paquete 5kg | Envío express | Recolección a domicilio | Envío masivo | Pago contra entrega"
"Transporte y Logistica/12-compras-proveedores-Courier y Encomiendas.xlsx","Compras y Proveedores","Courier y Encomiendas","Transporte y Logística","Envío local | Envío provincial | Envío documentación | Envío paquete 5kg | Envío express | Recolección a domicilio | Envío masivo | Pago contra entrega"
"Transporte y Logistica/13-balance-general-Courier y Encomiendas.xlsx","Balance General","Courier y Encomiendas","Transporte y Logística","Envío local | Envío provincial | Envío documentación | Envío paquete 5kg | Envío express | Recolección a domicilio | Envío masivo | Pago contra entrega"
"Transporte y Logistica/14-estado-resultados-Courier y Encomiendas.xlsx","Estado de Resultados","Courier y Encomiendas","Transporte y Logística","Envío local | Envío provincial | Envío documentación | Envío paquete 5kg | Envío express | Recolección a domicilio | Envío masivo | Pago contra entrega"
"Transporte y Logistica/15-flujo-efectivo-indirecto-Courier y Encomiendas.xlsx","Flujo de Efectivo Indirecto","Courier y Encomiendas","Transporte y Logística","Envío local | Envío provincial | Envío documentación | Envío paquete 5kg | Envío express | Recolección a domicilio | Envío masivo | Pago contra entrega"
"Transporte y Logistica/16-conciliacion-bancaria-Courier y Encomiendas.xlsx","Conciliación Bancaria","Courier y Encomiendas","Transporte y Logística","Envío local | Envío provincial | Envío documentación | Envío paquete 5kg | Envío express | Recolección a domicilio | Envío masivo | Pago contra entrega"
"Transporte y Logistica/17-libro-diario-Courier y Encomiendas.xlsx","Libro Diario y Mayor","Courier y Encomiendas","Transporte y Logística","Envío local | Envío provincial | Envío documentación | Envío paquete 5kg | Envío express | Recolección a domicilio | Envío masivo | Pago contra entrega"
"Transporte y Logistica/18-ratios-financieros-Courier y Encomiendas.xlsx","Ratios Financieros","Courier y Encomiendas","Transporte y Logística","Envío local | Envío provincial | Envío documentación | Envío paquete 5kg | Envío express | Recolección a domicilio | Envío masivo | Pago contra entrega"
"Transporte y Logistica/19-control-tributario-Courier y Encomiendas.xlsx","Control Tributario","Courier y Encomiendas","Transporte y Logística","Envío local | Envío provincial | Envío documentación | Envío paquete 5kg | Envío express | Recolección a domicilio | Envío masivo | Pago contra entrega"
"Transporte y Logistica/20-presupuesto-centros-costo-Courier y Encomiendas.xlsx","Presupuesto Centros de Costo","Courier y Encomiendas","Transporte y Logística","Envío local | Envío provincial | Envío documentación | Envío paquete 5kg | Envío express | Recolección a domicilio | Envío masivo | Pago contra entrega"
"Transporte y Logistica/21-activos-fijos-Courier y Encomiendas.xlsx","Activos Fijos y Depreciación","Courier y Encomiendas","Transporte y Logística","Envío local | Envío provincial | Envío documentación | Envío paquete 5kg | Envío express | Recolección a domicilio | Envío masivo | Pago contra entrega"
"Transporte y Logistica/22-punto-equilibrio-Courier y Encomiendas.xlsx","Punto de Equilibrio","Courier y Encomiendas","Transporte y Logística","Envío local | Envío provincial | Envío documentación | Envío paquete 5kg | Envío express | Recolección a domicilio | Envío masivo | Pago contra entrega"
"Transporte y Logistica/23-estados-comparativos-Courier y Encomiendas.xlsx","Estados Comparativos 3 Años","Courier y Encomiendas","Transporte y Logística","Envío local | Envío provincial | Envío documentación | Envío paquete 5kg | Envío express | Recolección a domicilio | Envío masivo | Pago contra entrega"
"Transporte y Logistica/24-costeo-ordenes-Courier y Encomiendas.xlsx","Costeo porÓrdenes de Trabajo","Courier y Encomiendas","Transporte y Logística","Envío local | Envío provincial | Envío documentación | Envío paquete 5kg | Envío express | Recolección a domicilio | Envío masivo | Pago contra entrega"
"Transporte y Logistica/25-calculadora-cts-Courier y Encomiendas.xlsx","Calculadora CTS","Courier y Encomiendas","Transporte y Logística","Envío local | Envío provincial | Envío documentación | Envío paquete 5kg | Envío express | Recolección a domicilio | Envío masivo | Pago contra entrega"
"Transporte y Logistica/26-gratificaciones-Courier y Encomiendas.xlsx","Calculadora Gratificaciones","Courier y Encomiendas","Transporte y Logística","Envío local | Envío provincial | Envío documentación | Envío paquete 5kg | Envío express | Recolección a domicilio | Envío masivo | Pago contra entrega"
"Transporte y Logistica/27-amortizacion-Courier y Encomiendas.xlsx","Cuadro de Amortización","Courier y Encomiendas","Transporte y Logística","Envío local | Envío provincial | Envío documentación | Envío paquete 5kg | Envío express | Recolección a domicilio | Envío masivo | Pago contra entrega"
"Transporte y Logistica/28-vacaciones-Courier y Encomiendas.xlsx","Calculadora Vacaciones","Courier y Encomiendas","Transporte y Logística","Envío local | Envío provincial | Envío documentación | Envío paquete 5kg | Envío express | Recolección a domicilio | Envío masivo | Pago contra entrega"
"Transporte y Logistica/29-afp-onp-Courier y Encomiendas.xlsx","Calculadora AFP/ONP","Courier y Encomiendas","Transporte y Logística","Envío local | Envío provincial | Envío documentación | Envío paquete 5kg | Envío express | Recolección a domicilio | Envío masivo | Pago contra entrega"
"Transporte y Logistica/30-nomina-Courier y Encomiendas.xlsx","Calculadora Nómina","Courier y Encomiendas","Transporte y Logística","Envío local | Envío provincial | Envío documentación | Envío paquete 5kg | Envío express | Recolección a domicilio | Envío masivo | Pago contra entrega"
"Transporte y Logistica/31-roi-Courier y Encomiendas.xlsx","Calculadora ROI","Courier y Encomiendas","Transporte y Logística","Envío local | Envío provincial | Envío documentación | Envío paquete 5kg | Envío express | Recolección a domicilio | Envío masivo | Pago contra entrega"
"Transporte y Logistica/32-ipc-Courier y Encomiendas.xlsx","Calculadora IPC","Courier y Encomiendas","Transporte y Logística","Envío local | Envío provincial | Envío documentación | Envío paquete 5kg | Envío express | Recolección a domicilio | Envío masivo | Pago contra entrega"
"Transporte y Logistica/33-endeudamiento-Courier y Encomiendas.xlsx","Capacidad Endeudamiento","Courier y Encomiendas","Transporte y Logística","Envío local | Envío provincial | Envío documentación | Envío paquete 5kg | Envío express | Recolección a domicilio | Envío masivo | Pago contra entrega"
"Transporte y Logistica/34-proyeccion-flujo-Courier y Encomiendas.xlsx","Proyección Flujo de Caja","Courier y Encomiendas","Transporte y Logística","Envío local | Envío provincial | Envío documentación | Envío paquete 5kg | Envío express | Recolección a domicilio | Envío masivo | Pago contra entrega"
"Construccion e Industria/01-dashboard-financiero-Constructora.xlsx","Dashboard Financiero","Constructora","Construcción e Industria","Obra civil | Acabados | Estructura | Instalaciones sanitarias | Instalaciones eléctricas | Arquitectura | Supervisión | Metrados"
"Construccion e Industria/02-control-ventas-Constructora.xlsx","Control de Ventas","Constructora","Construcción e Industria","Obra civil | Acabados | Estructura | Instalaciones sanitarias | Instalaciones eléctricas | Arquitectura | Supervisión | Metrados"
"Construccion e Industria/03-inventario-Constructora.xlsx","Control de Inventario","Constructora","Construcción e Industria","Obra civil | Acabados | Estructura | Instalaciones sanitarias | Instalaciones eléctricas | Arquitectura | Supervisión | Metrados"
"Construccion e Industria/04-presupuesto-anual-Constructora.xlsx","Presupuesto Anual","Constructora","Construcción e Industria","Obra civil | Acabados | Estructura | Instalaciones sanitarias | Instalaciones eléctricas | Arquitectura | Supervisión | Metrados"
"Construccion e Industria/05-flujo-de-caja-Constructora.xlsx","Flujo de Caja","Constructora","Construcción e Industria","Obra civil | Acabados | Estructura | Instalaciones sanitarias | Instalaciones eléctricas | Arquitectura | Supervisión | Metrados"
"Construccion e Industria/06-gestion-proyectos-Constructora.xlsx","Gestión de Proyectos","Constructora","Construcción e Industria","Obra civil | Acabados | Estructura | Instalaciones sanitarias | Instalaciones eléctricas | Arquitectura | Supervisión | Metrados"
"Construccion e Industria/07-analisis-kpis-Constructora.xlsx","Análisis de KPIs","Constructora","Construcción e Industria","Obra civil | Acabados | Estructura | Instalaciones sanitarias | Instalaciones eléctricas | Arquitectura | Supervisión | Metrados"
"Construccion e Industria/08-control-gastos-Constructora.xlsx","Control de Gastos","Constructora","Construcción e Industria","Obra civil | Acabados | Estructura | Instalaciones sanitarias | Instalaciones eléctricas | Arquitectura | Supervisión | Metrados"
"Construccion e Industria/09-planilla-personal-Constructora.xlsx","Planilla de Personal","Constructora","Construcción e Industria","Obra civil | Acabados | Estructura | Instalaciones sanitarias | Instalaciones eléctricas | Arquitectura | Supervisión | Metrados"
"Construccion e Industria/10-cuentas-por-cobrar-Constructora.xlsx","Cuentas por Cobrar","Constructora","Construcción e Industria","Obra civil | Acabados | Estructura | Instalaciones sanitarias | Instalaciones eléctricas | Arquitectura | Supervisión | Metrados"
"Construccion e Industria/11-caja-diaria-Constructora.xlsx","Caja Diaria","Constructora","Construcción e Industria","Obra civil | Acabados | Estructura | Instalaciones sanitarias | Instalaciones eléctricas | Arquitectura | Supervisión | Metrados"
"Construccion e Industria/12-compras-proveedores-Constructora.xlsx","Compras y Proveedores","Constructora","Construcción e Industria","Obra civil | Acabados | Estructura | Instalaciones sanitarias | Instalaciones eléctricas | Arquitectura | Supervisión | Metrados"
"Construccion e Industria/13-balance-general-Constructora.xlsx","Balance General","Constructora","Construcción e Industria","Obra civil | Acabados | Estructura | Instalaciones sanitarias | Instalaciones eléctricas | Arquitectura | Supervisión | Metrados"
"Construccion e Industria/14-estado-resultados-Constructora.xlsx","Estado de Resultados","Constructora","Construcción e Industria","Obra civil | Acabados | Estructura | Instalaciones sanitarias | Instalaciones eléctricas | Arquitectura | Supervisión | Metrados"
"Construccion e Industria/15-flujo-efectivo-indirecto-Constructora.xlsx","Flujo de Efectivo Indirecto","Constructora","Construcción e Industria","Obra civil | Acabados | Estructura | Instalaciones sanitarias | Instalaciones eléctricas | Arquitectura | Supervisión | Metrados"
"Construccion e Industria/16-conciliacion-bancaria-Constructora.xlsx","Conciliación Bancaria","Constructora","Construcción e Industria","Obra civil | Acabados | Estructura | Instalaciones sanitarias | Instalaciones eléctricas | Arquitectura | Supervisión | Metrados"
"Construccion e Industria/17-libro-diario-Constructora.xlsx","Libro Diario y Mayor","Constructora","Construcción e Industria","Obra civil | Acabados | Estructura | Instalaciones sanitarias | Instalaciones eléctricas | Arquitectura | Supervisión | Metrados"
"Construccion e Industria/18-ratios-financieros-Constructora.xlsx","Ratios Financieros","Constructora","Construcción e Industria","Obra civil | Acabados | Estructura | Instalaciones sanitarias | Instalaciones eléctricas | Arquitectura | Supervisión | Metrados"
"Construccion e Industria/19-control-tributario-Constructora.xlsx","Control Tributario","Constructora","Construcción e Industria","Obra civil | Acabados | Estructura | Instalaciones sanitarias | Instalaciones eléctricas | Arquitectura | Supervisión | Metrados"
"Construccion e Industria/20-presupuesto-centros-costo-Constructora.xlsx","Presupuesto Centros de Costo","Constructora","Construcción e Industria","Obra civil | Acabados | Estructura | Instalaciones sanitarias | Instalaciones eléctricas | Arquitectura | Supervisión | Metrados"
"Construccion e Industria/21-activos-fijos-Constructora.xlsx","Activos Fijos y Depreciación","Constructora","Construcción e Industria","Obra civil | Acabados | Estructura | Instalaciones sanitarias | Instalaciones eléctricas | Arquitectura | Supervisión | Metrados"
"Construccion e Industria/22-punto-equilibrio-Constructora.xlsx","Punto de Equilibrio","Constructora","Construcción e Industria","Obra civil | Acabados | Estructura | Instalaciones sanitarias | Instalaciones eléctricas | Arquitectura | Supervisión | Metrados"
"Construccion e Industria/23-estados-comparativos-Constructora.xlsx","Estados Comparativos 3 Años","Constructora","Construcción e Industria","Obra civil | Acabados | Estructura | Instalaciones sanitarias | Instalaciones eléctricas | Arquitectura | Supervisión | Metrados"
"Construccion e Industria/24-costeo-ordenes-Constructora.xlsx","Costeo porÓrdenes de Trabajo","Constructora","Construcción e Industria","Obra civil | Acabados | Estructura | Instalaciones sanitarias | Instalaciones eléctricas | Arquitectura | Supervisión | Metrados"
"Construccion e Industria/25-calculadora-cts-Constructora.xlsx","Calculadora CTS","Constructora","Construcción e Industria","Obra civil | Acabados | Estructura | Instalaciones sanitarias | Instalaciones eléctricas | Arquitectura | Supervisión | Metrados"
"Construccion e Industria/26-gratificaciones-Constructora.xlsx","Calculadora Gratificaciones","Constructora","Construcción e Industria","Obra civil | Acabados | Estructura | Instalaciones sanitarias | Instalaciones eléctricas | Arquitectura | Supervisión | Metrados"
"Construccion e Industria/27-amortizacion-Constructora.xlsx","Cuadro de Amortización","Constructora","Construcción e Industria","Obra civil | Acabados | Estructura | Instalaciones sanitarias | Instalaciones eléctricas | Arquitectura | Supervisión | Metrados"
"Construccion e Industria/28-vacaciones-Constructora.xlsx","Calculadora Vacaciones","Constructora","Construcción e Industria","Obra civil | Acabados | Estructura | Instalaciones sanitarias | Instalaciones eléctricas | Arquitectura | Supervisión | Metrados"
"Construccion e Industria/29-afp-onp-Constructora.xlsx","Calculadora AFP/ONP","Constructora","Construcción e Industria","Obra civil | Acabados | Estructura | Instalaciones sanitarias | Instalaciones eléctricas | Arquitectura | Supervisión | Metrados"
"Construccion e Industria/30-nomina-Constructora.xlsx","Calculadora Nómina","Constructora","Construcción e Industria","Obra civil | Acabados | Estructura | Instalaciones sanitarias | Instalaciones eléctricas | Arquitectura | Supervisión | Metrados"
"Construccion e Industria/31-roi-Constructora.xlsx","Calculadora ROI","Constructora","Construcción e Industria","Obra civil | Acabados | Estructura | Instalaciones sanitarias | Instalaciones eléctricas | Arquitectura | Supervisión | Metrados"
"Construccion e Industria/32-ipc-Constructora.xlsx","Calculadora IPC","Constructora","Construcción e Industria","Obra civil | Acabados | Estructura | Instalaciones sanitarias | Instalaciones eléctricas | Arquitectura | Supervisión | Metrados"
"Construccion e Industria/33-endeudamiento-Constructora.xlsx","Capacidad Endeudamiento","Constructora","Construcción e Industria","Obra civil | Acabados | Estructura | Instalaciones sanitarias | Instalaciones eléctricas | Arquitectura | Supervisión | Metrados"
"Construccion e Industria/34-proyeccion-flujo-Constructora.xlsx","Proyección Flujo de Caja","Constructora","Construcción e Industria","Obra civil | Acabados | Estructura | Instalaciones sanitarias | Instalaciones eléctricas | Arquitectura | Supervisión | Metrados"
"Construccion e Industria/01-dashboard-financiero-Carpinteria.xlsx","Dashboard Financiero","Carpintería","Construcción e Industria","Puerta de madera | Clóset | Mueble de cocina | Escritorio | Repisa | Mueble de baño | Vestidor | Reparación de muebles"
"Construccion e Industria/02-control-ventas-Carpinteria.xlsx","Control de Ventas","Carpintería","Construcción e Industria","Puerta de madera | Clóset | Mueble de cocina | Escritorio | Repisa | Mueble de baño | Vestidor | Reparación de muebles"
"Construccion e Industria/03-inventario-Carpinteria.xlsx","Control de Inventario","Carpintería","Construcción e Industria","Puerta de madera | Clóset | Mueble de cocina | Escritorio | Repisa | Mueble de baño | Vestidor | Reparación de muebles"
"Construccion e Industria/04-presupuesto-anual-Carpinteria.xlsx","Presupuesto Anual","Carpintería","Construcción e Industria","Puerta de madera | Clóset | Mueble de cocina | Escritorio | Repisa | Mueble de baño | Vestidor | Reparación de muebles"
"Construccion e Industria/05-flujo-de-caja-Carpinteria.xlsx","Flujo de Caja","Carpintería","Construcción e Industria","Puerta de madera | Clóset | Mueble de cocina | Escritorio | Repisa | Mueble de baño | Vestidor | Reparación de muebles"
"Construccion e Industria/06-gestion-proyectos-Carpinteria.xlsx","Gestión de Proyectos","Carpintería","Construcción e Industria","Puerta de madera | Clóset | Mueble de cocina | Escritorio | Repisa | Mueble de baño | Vestidor | Reparación de muebles"
"Construccion e Industria/07-analisis-kpis-Carpinteria.xlsx","Análisis de KPIs","Carpintería","Construcción e Industria","Puerta de madera | Clóset | Mueble de cocina | Escritorio | Repisa | Mueble de baño | Vestidor | Reparación de muebles"
"Construccion e Industria/08-control-gastos-Carpinteria.xlsx","Control de Gastos","Carpintería","Construcción e Industria","Puerta de madera | Clóset | Mueble de cocina | Escritorio | Repisa | Mueble de baño | Vestidor | Reparación de muebles"
"Construccion e Industria/09-planilla-personal-Carpinteria.xlsx","Planilla de Personal","Carpintería","Construcción e Industria","Puerta de madera | Clóset | Mueble de cocina | Escritorio | Repisa | Mueble de baño | Vestidor | Reparación de muebles"
"Construccion e Industria/10-cuentas-por-cobrar-Carpinteria.xlsx","Cuentas por Cobrar","Carpintería","Construcción e Industria","Puerta de madera | Clóset | Mueble de cocina | Escritorio | Repisa | Mueble de baño | Vestidor | Reparación de muebles"
"Construccion e Industria/11-caja-diaria-Carpinteria.xlsx","Caja Diaria","Carpintería","Construcción e Industria","Puerta de madera | Clóset | Mueble de cocina | Escritorio | Repisa | Mueble de baño | Vestidor | Reparación de muebles"
"Construccion e Industria/12-compras-proveedores-Carpinteria.xlsx","Compras y Proveedores","Carpintería","Construcción e Industria","Puerta de madera | Clóset | Mueble de cocina | Escritorio | Repisa | Mueble de baño | Vestidor | Reparación de muebles"
"Construccion e Industria/13-balance-general-Carpinteria.xlsx","Balance General","Carpintería","Construcción e Industria","Puerta de madera | Clóset | Mueble de cocina | Escritorio | Repisa | Mueble de baño | Vestidor | Reparación de muebles"
"Construccion e Industria/14-estado-resultados-Carpinteria.xlsx","Estado de Resultados","Carpintería","Construcción e Industria","Puerta de madera | Clóset | Mueble de cocina | Escritorio | Repisa | Mueble de baño | Vestidor | Reparación de muebles"
"Construccion e Industria/15-flujo-efectivo-indirecto-Carpinteria.xlsx","Flujo de Efectivo Indirecto","Carpintería","Construcción e Industria","Puerta de madera | Clóset | Mueble de cocina | Escritorio | Repisa | Mueble de baño | Vestidor | Reparación de muebles"
"Construccion e Industria/16-conciliacion-bancaria-Carpinteria.xlsx","Conciliación Bancaria","Carpintería","Construcción e Industria","Puerta de madera | Clóset | Mueble de cocina | Escritorio | Repisa | Mueble de baño | Vestidor | Reparación de muebles"
"Construccion e Industria/17-libro-diario-Carpinteria.xlsx","Libro Diario y Mayor","Carpintería","Construcción e Industria","Puerta de madera | Clóset | Mueble de cocina | Escritorio | Repisa | Mueble de baño | Vestidor | Reparación de muebles"
"Construccion e Industria/18-ratios-financieros-Carpinteria.xlsx","Ratios Financieros","Carpintería","Construcción e Industria","Puerta de madera | Clóset | Mueble de cocina | Escritorio | Repisa | Mueble de baño | Vestidor | Reparación de muebles"
"Construccion e Industria/19-control-tributario-Carpinteria.xlsx","Control Tributario","Carpintería","Construcción e Industria","Puerta de madera | Clóset | Mueble de cocina | Escritorio | Repisa | Mueble de baño | Vestidor | Reparación de muebles"
"Construccion e Industria/20-presupuesto-centros-costo-Carpinteria.xlsx","Presupuesto Centros de Costo","Carpintería","Construcción e Industria","Puerta de madera | Clóset | Mueble de cocina | Escritorio | Repisa | Mueble de baño | Vestidor | Reparación de muebles"
"Construccion e Industria/21-activos-fijos-Carpinteria.xlsx","Activos Fijos y Depreciación","Carpintería","Construcción e Industria","Puerta de madera | Clóset | Mueble de cocina | Escritorio | Repisa | Mueble de baño | Vestidor | Reparación de muebles"
"Construccion e Industria/22-punto-equilibrio-Carpinteria.xlsx","Punto de Equilibrio","Carpintería","Construcción e Industria","Puerta de madera | Clóset | Mueble de cocina | Escritorio | Repisa | Mueble de baño | Vestidor | Reparación de muebles"
"Construccion e Industria/23-estados-comparativos-Carpinteria.xlsx","Estados Comparativos 3 Años","Carpintería","Construcción e Industria","Puerta de madera | Clóset | Mueble de cocina | Escritorio | Repisa | Mueble de baño | Vestidor | Reparación de muebles"
"Construccion e Industria/24-costeo-ordenes-Carpinteria.xlsx","Costeo porÓrdenes de Trabajo","Carpintería","Construcción e Industria","Puerta de madera | Clóset | Mueble de cocina | Escritorio | Repisa | Mueble de baño | Vestidor | Reparación de muebles"
"Construccion e Industria/25-calculadora-cts-Carpinteria.xlsx","Calculadora CTS","Carpintería","Construcción e Industria","Puerta de madera | Clóset | Mueble de cocina | Escritorio | Repisa | Mueble de baño | Vestidor | Reparación de muebles"
"Construccion e Industria/26-gratificaciones-Carpinteria.xlsx","Calculadora Gratificaciones","Carpintería","Construcción e Industria","Puerta de madera | Clóset | Mueble de cocina | Escritorio | Repisa | Mueble de baño | Vestidor | Reparación de muebles"
"Construccion e Industria/27-amortizacion-Carpinteria.xlsx","Cuadro de Amortización","Carpintería","Construcción e Industria","Puerta de madera | Clóset | Mueble de cocina | Escritorio | Repisa | Mueble de baño | Vestidor | Reparación de muebles"
"Construccion e Industria/28-vacaciones-Carpinteria.xlsx","Calculadora Vacaciones","Carpintería","Construcción e Industria","Puerta de madera | Clóset | Mueble de cocina | Escritorio | Repisa | Mueble de baño | Vestidor | Reparación de muebles"
"Construccion e Industria/29-afp-onp-Carpinteria.xlsx","Calculadora AFP/ONP","Carpintería","Construcción e Industria","Puerta de madera | Clóset | Mueble de cocina | Escritorio | Repisa | Mueble de baño | Vestidor | Reparación de muebles"
"Construccion e Industria/30-nomina-Carpinteria.xlsx","Calculadora Nómina","Carpintería","Construcción e Industria","Puerta de madera | Clóset | Mueble de cocina | Escritorio | Repisa | Mueble de baño | Vestidor | Reparación de muebles"
"Construccion e Industria/31-roi-Carpinteria.xlsx","Calculadora ROI","Carpintería","Construcción e Industria","Puerta de madera | Clóset | Mueble de cocina | Escritorio | Repisa | Mueble de baño | Vestidor | Reparación de muebles"
"Construccion e Industria/32-ipc-Carpinteria.xlsx","Calculadora IPC","Carpintería","Construcción e Industria","Puerta de madera | Clóset | Mueble de cocina | Escritorio | Repisa | Mueble de baño | Vestidor | Reparación de muebles"
"Construccion e Industria/33-endeudamiento-Carpinteria.xlsx","Capacidad Endeudamiento","Carpintería","Construcción e Industria","Puerta de madera | Clóset | Mueble de cocina | Escritorio | Repisa | Mueble de baño | Vestidor | Reparación de muebles"
"Construccion e Industria/34-proyeccion-flujo-Carpinteria.xlsx","Proyección Flujo de Caja","Carpintería","Construcción e Industria","Puerta de madera | Clóset | Mueble de cocina | Escritorio | Repisa | Mueble de baño | Vestidor | Reparación de muebles"
"Construccion e Industria/01-dashboard-financiero-Metalmecanica.xlsx","Dashboard Financiero","Metalmecánica","Construcción e Industria","Puerta metálica | Reja | Estructura metálica | Escalera | Portón corredizo | Mesa de trabajo | Tanque | Soldadura especializada"
"Construccion e Industria/02-control-ventas-Metalmecanica.xlsx","Control de Ventas","Metalmecánica","Construcción e Industria","Puerta metálica | Reja | Estructura metálica | Escalera | Portón corredizo | Mesa de trabajo | Tanque | Soldadura especializada"
"Construccion e Industria/03-inventario-Metalmecanica.xlsx","Control de Inventario","Metalmecánica","Construcción e Industria","Puerta metálica | Reja | Estructura metálica | Escalera | Portón corredizo | Mesa de trabajo | Tanque | Soldadura especializada"
"Construccion e Industria/04-presupuesto-anual-Metalmecanica.xlsx","Presupuesto Anual","Metalmecánica","Construcción e Industria","Puerta metálica | Reja | Estructura metálica | Escalera | Portón corredizo | Mesa de trabajo | Tanque | Soldadura especializada"
"Construccion e Industria/05-flujo-de-caja-Metalmecanica.xlsx","Flujo de Caja","Metalmecánica","Construcción e Industria","Puerta metálica | Reja | Estructura metálica | Escalera | Portón corredizo | Mesa de trabajo | Tanque | Soldadura especializada"
"Construccion e Industria/06-gestion-proyectos-Metalmecanica.xlsx","Gestión de Proyectos","Metalmecánica","Construcción e Industria","Puerta metálica | Reja | Estructura metálica | Escalera | Portón corredizo | Mesa de trabajo | Tanque | Soldadura especializada"
"Construccion e Industria/07-analisis-kpis-Metalmecanica.xlsx","Análisis de KPIs","Metalmecánica","Construcción e Industria","Puerta metálica | Reja | Estructura metálica | Escalera | Portón corredizo | Mesa de trabajo | Tanque | Soldadura especializada"
"Construccion e Industria/08-control-gastos-Metalmecanica.xlsx","Control de Gastos","Metalmecánica","Construcción e Industria","Puerta metálica | Reja | Estructura metálica | Escalera | Portón corredizo | Mesa de trabajo | Tanque | Soldadura especializada"
"Construccion e Industria/09-planilla-personal-Metalmecanica.xlsx","Planilla de Personal","Metalmecánica","Construcción e Industria","Puerta metálica | Reja | Estructura metálica | Escalera | Portón corredizo | Mesa de trabajo | Tanque | Soldadura especializada"
"Construccion e Industria/10-cuentas-por-cobrar-Metalmecanica.xlsx","Cuentas por Cobrar","Metalmecánica","Construcción e Industria","Puerta metálica | Reja | Estructura metálica | Escalera | Portón corredizo | Mesa de trabajo | Tanque | Soldadura especializada"
"Construccion e Industria/11-caja-diaria-Metalmecanica.xlsx","Caja Diaria","Metalmecánica","Construcción e Industria","Puerta metálica | Reja | Estructura metálica | Escalera | Portón corredizo | Mesa de trabajo | Tanque | Soldadura especializada"
"Construccion e Industria/12-compras-proveedores-Metalmecanica.xlsx","Compras y Proveedores","Metalmecánica","Construcción e Industria","Puerta metálica | Reja | Estructura metálica | Escalera | Portón corredizo | Mesa de trabajo | Tanque | Soldadura especializada"
"Construccion e Industria/13-balance-general-Metalmecanica.xlsx","Balance General","Metalmecánica","Construcción e Industria","Puerta metálica | Reja | Estructura metálica | Escalera | Portón corredizo | Mesa de trabajo | Tanque | Soldadura especializada"
"Construccion e Industria/14-estado-resultados-Metalmecanica.xlsx","Estado de Resultados","Metalmecánica","Construcción e Industria","Puerta metálica | Reja | Estructura metálica | Escalera | Portón corredizo | Mesa de trabajo | Tanque | Soldadura especializada"
"Construccion e Industria/15-flujo-efectivo-indirecto-Metalmecanica.xlsx","Flujo de Efectivo Indirecto","Metalmecánica","Construcción e Industria","Puerta metálica | Reja | Estructura metálica | Escalera | Portón corredizo | Mesa de trabajo | Tanque | Soldadura especializada"
"Construccion e Industria/16-conciliacion-bancaria-Metalmecanica.xlsx","Conciliación Bancaria","Metalmecánica","Construcción e Industria","Puerta metálica | Reja | Estructura metálica | Escalera | Portón corredizo | Mesa de trabajo | Tanque | Soldadura especializada"
"Construccion e Industria/17-libro-diario-Metalmecanica.xlsx","Libro Diario y Mayor","Metalmecánica","Construcción e Industria","Puerta metálica | Reja | Estructura metálica | Escalera | Portón corredizo | Mesa de trabajo | Tanque | Soldadura especializada"
"Construccion e Industria/18-ratios-financieros-Metalmecanica.xlsx","Ratios Financieros","Metalmecánica","Construcción e Industria","Puerta metálica | Reja | Estructura metálica | Escalera | Portón corredizo | Mesa de trabajo | Tanque | Soldadura especializada"
"Construccion e Industria/19-control-tributario-Metalmecanica.xlsx","Control Tributario","Metalmecánica","Construcción e Industria","Puerta metálica | Reja | Estructura metálica | Escalera | Portón corredizo | Mesa de trabajo | Tanque | Soldadura especializada"
"Construccion e Industria/20-presupuesto-centros-costo-Metalmecanica.xlsx","Presupuesto Centros de Costo","Metalmecánica","Construcción e Industria","Puerta metálica | Reja | Estructura metálica | Escalera | Portón corredizo | Mesa de trabajo | Tanque | Soldadura especializada"
"Construccion e Industria/21-activos-fijos-Metalmecanica.xlsx","Activos Fijos y Depreciación","Metalmecánica","Construcción e Industria","Puerta metálica | Reja | Estructura metálica | Escalera | Portón corredizo | Mesa de trabajo | Tanque | Soldadura especializada"
"Construccion e Industria/22-punto-equilibrio-Metalmecanica.xlsx","Punto de Equilibrio","Metalmecánica","Construcción e Industria","Puerta metálica | Reja | Estructura metálica | Escalera | Portón corredizo | Mesa de trabajo | Tanque | Soldadura especializada"
"Construccion e Industria/23-estados-comparativos-Metalmecanica.xlsx","Estados Comparativos 3 Años","Metalmecánica","Construcción e Industria","Puerta metálica | Reja | Estructura metálica | Escalera | Portón corredizo | Mesa de trabajo | Tanque | Soldadura especializada"
"Construccion e Industria/24-costeo-ordenes-Metalmecanica.xlsx","Costeo porÓrdenes de Trabajo","Metalmecánica","Construcción e Industria","Puerta metálica | Reja | Estructura metálica | Escalera | Portón corredizo | Mesa de trabajo | Tanque | Soldadura especializada"
"Construccion e Industria/25-calculadora-cts-Metalmecanica.xlsx","Calculadora CTS","Metalmecánica","Construcción e Industria","Puerta metálica | Reja | Estructura metálica | Escalera | Portón corredizo | Mesa de trabajo | Tanque | Soldadura especializada"
"Construccion e Industria/26-gratificaciones-Metalmecanica.xlsx","Calculadora Gratificaciones","Metalmecánica","Construcción e Industria","Puerta metálica | Reja | Estructura metálica | Escalera | Portón corredizo | Mesa de trabajo | Tanque | Soldadura especializada"
"Construccion e Industria/27-amortizacion-Metalmecanica.xlsx","Cuadro de Amortización","Metalmecánica","Construcción e Industria","Puerta metálica | Reja | Estructura metálica | Escalera | Portón corredizo | Mesa de trabajo | Tanque | Soldadura especializada"
"Construccion e Industria/28-vacaciones-Metalmecanica.xlsx","Calculadora Vacaciones","Metalmecánica","Construcción e Industria","Puerta metálica | Reja | Estructura metálica | Escalera | Portón corredizo | Mesa de trabajo | Tanque | Soldadura especializada"
"Construccion e Industria/29-afp-onp-Metalmecanica.xlsx","Calculadora AFP/ONP","Metalmecánica","Construcción e Industria","Puerta metálica | Reja | Estructura metálica | Escalera | Portón corredizo | Mesa de trabajo | Tanque | Soldadura especializada"
"Construccion e Industria/30-nomina-Metalmecanica.xlsx","Calculadora Nómina","Metalmecánica","Construcción e Industria","Puerta metálica | Reja | Estructura metálica | Escalera | Portón corredizo | Mesa de trabajo | Tanque | Soldadura especializada"
"Construccion e Industria/31-roi-Metalmecanica.xlsx","Calculadora ROI","Metalmecánica","Construcción e Industria","Puerta metálica | Reja | Estructura metálica | Escalera | Portón corredizo | Mesa de trabajo | Tanque | Soldadura especializada"
"Construccion e Industria/32-ipc-Metalmecanica.xlsx","Calculadora IPC","Metalmecánica","Construcción e Industria","Puerta metálica | Reja | Estructura metálica | Escalera | Portón corredizo | Mesa de trabajo | Tanque | Soldadura especializada"
"Construccion e Industria/33-endeudamiento-Metalmecanica.xlsx","Capacidad Endeudamiento","Metalmecánica","Construcción e Industria","Puerta metálica | Reja | Estructura metálica | Escalera | Portón corredizo | Mesa de trabajo | Tanque | Soldadura especializada"
"Construccion e Industria/34-proyeccion-flujo-Metalmecanica.xlsx","Proyección Flujo de Caja","Metalmecánica","Construcción e Industria","Puerta metálica | Reja | Estructura metálica | Escalera | Portón corredizo | Mesa de trabajo | Tanque | Soldadura especializada"
"Construccion e Industria/01-dashboard-financiero-Servicios Electricos.xlsx","Dashboard Financiero","Servicios Eléctricos","Construcción e Industria","Instalación eléctrica | Reparación de cortocircuito | Instalación de luminarias | Tablero eléctrico | Puesta a tierra | Mantenimiento preventivo | Certificación | Emergencia 24h"
"Construccion e Industria/02-control-ventas-Servicios Electricos.xlsx","Control de Ventas","Servicios Eléctricos","Construcción e Industria","Instalación eléctrica | Reparación de cortocircuito | Instalación de luminarias | Tablero eléctrico | Puesta a tierra | Mantenimiento preventivo | Certificación | Emergencia 24h"
"Construccion e Industria/03-inventario-Servicios Electricos.xlsx","Control de Inventario","Servicios Eléctricos","Construcción e Industria","Instalación eléctrica | Reparación de cortocircuito | Instalación de luminarias | Tablero eléctrico | Puesta a tierra | Mantenimiento preventivo | Certificación | Emergencia 24h"
"Construccion e Industria/04-presupuesto-anual-Servicios Electricos.xlsx","Presupuesto Anual","Servicios Eléctricos","Construcción e Industria","Instalación eléctrica | Reparación de cortocircuito | Instalación de luminarias | Tablero eléctrico | Puesta a tierra | Mantenimiento preventivo | Certificación | Emergencia 24h"
"Construccion e Industria/05-flujo-de-caja-Servicios Electricos.xlsx","Flujo de Caja","Servicios Eléctricos","Construcción e Industria","Instalación eléctrica | Reparación de cortocircuito | Instalación de luminarias | Tablero eléctrico | Puesta a tierra | Mantenimiento preventivo | Certificación | Emergencia 24h"
"Construccion e Industria/06-gestion-proyectos-Servicios Electricos.xlsx","Gestión de Proyectos","Servicios Eléctricos","Construcción e Industria","Instalación eléctrica | Reparación de cortocircuito | Instalación de luminarias | Tablero eléctrico | Puesta a tierra | Mantenimiento preventivo | Certificación | Emergencia 24h"
"Construccion e Industria/07-analisis-kpis-Servicios Electricos.xlsx","Análisis de KPIs","Servicios Eléctricos","Construcción e Industria","Instalación eléctrica | Reparación de cortocircuito | Instalación de luminarias | Tablero eléctrico | Puesta a tierra | Mantenimiento preventivo | Certificación | Emergencia 24h"
"Construccion e Industria/08-control-gastos-Servicios Electricos.xlsx","Control de Gastos","Servicios Eléctricos","Construcción e Industria","Instalación eléctrica | Reparación de cortocircuito | Instalación de luminarias | Tablero eléctrico | Puesta a tierra | Mantenimiento preventivo | Certificación | Emergencia 24h"
"Construccion e Industria/09-planilla-personal-Servicios Electricos.xlsx","Planilla de Personal","Servicios Eléctricos","Construcción e Industria","Instalación eléctrica | Reparación de cortocircuito | Instalación de luminarias | Tablero eléctrico | Puesta a tierra | Mantenimiento preventivo | Certificación | Emergencia 24h"
"Construccion e Industria/10-cuentas-por-cobrar-Servicios Electricos.xlsx","Cuentas por Cobrar","Servicios Eléctricos","Construcción e Industria","Instalación eléctrica | Reparación de cortocircuito | Instalación de luminarias | Tablero eléctrico | Puesta a tierra | Mantenimiento preventivo | Certificación | Emergencia 24h"
"Construccion e Industria/11-caja-diaria-Servicios Electricos.xlsx","Caja Diaria","Servicios Eléctricos","Construcción e Industria","Instalación eléctrica | Reparación de cortocircuito | Instalación de luminarias | Tablero eléctrico | Puesta a tierra | Mantenimiento preventivo | Certificación | Emergencia 24h"
"Construccion e Industria/12-compras-proveedores-Servicios Electricos.xlsx","Compras y Proveedores","Servicios Eléctricos","Construcción e Industria","Instalación eléctrica | Reparación de cortocircuito | Instalación de luminarias | Tablero eléctrico | Puesta a tierra | Mantenimiento preventivo | Certificación | Emergencia 24h"
"Construccion e Industria/13-balance-general-Servicios Electricos.xlsx","Balance General","Servicios Eléctricos","Construcción e Industria","Instalación eléctrica | Reparación de cortocircuito | Instalación de luminarias | Tablero eléctrico | Puesta a tierra | Mantenimiento preventivo | Certificación | Emergencia 24h"
"Construccion e Industria/14-estado-resultados-Servicios Electricos.xlsx","Estado de Resultados","Servicios Eléctricos","Construcción e Industria","Instalación eléctrica | Reparación de cortocircuito | Instalación de luminarias | Tablero eléctrico | Puesta a tierra | Mantenimiento preventivo | Certificación | Emergencia 24h"
"Construccion e Industria/15-flujo-efectivo-indirecto-Servicios Electricos.xlsx","Flujo de Efectivo Indirecto","Servicios Eléctricos","Construcción e Industria","Instalación eléctrica | Reparación de cortocircuito | Instalación de luminarias | Tablero eléctrico | Puesta a tierra | Mantenimiento preventivo | Certificación | Emergencia 24h"
"Construccion e Industria/16-conciliacion-bancaria-Servicios Electricos.xlsx","Conciliación Bancaria","Servicios Eléctricos","Construcción e Industria","Instalación eléctrica | Reparación de cortocircuito | Instalación de luminarias | Tablero eléctrico | Puesta a tierra | Mantenimiento preventivo | Certificación | Emergencia 24h"
"Construccion e Industria/17-libro-diario-Servicios Electricos.xlsx","Libro Diario y Mayor","Servicios Eléctricos","Construcción e Industria","Instalación eléctrica | Reparación de cortocircuito | Instalación de luminarias | Tablero eléctrico | Puesta a tierra | Mantenimiento preventivo | Certificación | Emergencia 24h"
"Construccion e Industria/18-ratios-financieros-Servicios Electricos.xlsx","Ratios Financieros","Servicios Eléctricos","Construcción e Industria","Instalación eléctrica | Reparación de cortocircuito | Instalación de luminarias | Tablero eléctrico | Puesta a tierra | Mantenimiento preventivo | Certificación | Emergencia 24h"
"Construccion e Industria/19-control-tributario-Servicios Electricos.xlsx","Control Tributario","Servicios Eléctricos","Construcción e Industria","Instalación eléctrica | Reparación de cortocircuito | Instalación de luminarias | Tablero eléctrico | Puesta a tierra | Mantenimiento preventivo | Certificación | Emergencia 24h"
"Construccion e Industria/20-presupuesto-centros-costo-Servicios Electricos.xlsx","Presupuesto Centros de Costo","Servicios Eléctricos","Construcción e Industria","Instalación eléctrica | Reparación de cortocircuito | Instalación de luminarias | Tablero eléctrico | Puesta a tierra | Mantenimiento preventivo | Certificación | Emergencia 24h"
"Construccion e Industria/21-activos-fijos-Servicios Electricos.xlsx","Activos Fijos y Depreciación","Servicios Eléctricos","Construcción e Industria","Instalación eléctrica | Reparación de cortocircuito | Instalación de luminarias | Tablero eléctrico | Puesta a tierra | Mantenimiento preventivo | Certificación | Emergencia 24h"
"Construccion e Industria/22-punto-equilibrio-Servicios Electricos.xlsx","Punto de Equilibrio","Servicios Eléctricos","Construcción e Industria","Instalación eléctrica | Reparación de cortocircuito | Instalación de luminarias | Tablero eléctrico | Puesta a tierra | Mantenimiento preventivo | Certificación | Emergencia 24h"
"Construccion e Industria/23-estados-comparativos-Servicios Electricos.xlsx","Estados Comparativos 3 Años","Servicios Eléctricos","Construcción e Industria","Instalación eléctrica | Reparación de cortocircuito | Instalación de luminarias | Tablero eléctrico | Puesta a tierra | Mantenimiento preventivo | Certificación | Emergencia 24h"
"Construccion e Industria/24-costeo-ordenes-Servicios Electricos.xlsx","Costeo porÓrdenes de Trabajo","Servicios Eléctricos","Construcción e Industria","Instalación eléctrica | Reparación de cortocircuito | Instalación de luminarias | Tablero eléctrico | Puesta a tierra | Mantenimiento preventivo | Certificación | Emergencia 24h"
"Construccion e Industria/25-calculadora-cts-Servicios Electricos.xlsx","Calculadora CTS","Servicios Eléctricos","Construcción e Industria","Instalación eléctrica | Reparación de cortocircuito | Instalación de luminarias | Tablero eléctrico | Puesta a tierra | Mantenimiento preventivo | Certificación | Emergencia 24h"
"Construccion e Industria/26-gratificaciones-Servicios Electricos.xlsx","Calculadora Gratificaciones","Servicios Eléctricos","Construcción e Industria","Instalación eléctrica | Reparación de cortocircuito | Instalación de luminarias | Tablero eléctrico | Puesta a tierra | Mantenimiento preventivo | Certificación | Emergencia 24h"
"Construccion e Industria/27-amortizacion-Servicios Electricos.xlsx","Cuadro de Amortización","Servicios Eléctricos","Construcción e Industria","Instalación eléctrica | Reparación de cortocircuito | Instalación de luminarias | Tablero eléctrico | Puesta a tierra | Mantenimiento preventivo | Certificación | Emergencia 24h"
"Construccion e Industria/28-vacaciones-Servicios Electricos.xlsx","Calculadora Vacaciones","Servicios Eléctricos","Construcción e Industria","Instalación eléctrica | Reparación de cortocircuito | Instalación de luminarias | Tablero eléctrico | Puesta a tierra | Mantenimiento preventivo | Certificación | Emergencia 24h"
"Construccion e Industria/29-afp-onp-Servicios Electricos.xlsx","Calculadora AFP/ONP","Servicios Eléctricos","Construcción e Industria","Instalación eléctrica | Reparación de cortocircuito | Instalación de luminarias | Tablero eléctrico | Puesta a tierra | Mantenimiento preventivo | Certificación | Emergencia 24h"
"Construccion e Industria/30-nomina-Servicios Electricos.xlsx","Calculadora Nómina","Servicios Eléctricos","Construcción e Industria","Instalación eléctrica | Reparación de cortocircuito | Instalación de luminarias | Tablero eléctrico | Puesta a tierra | Mantenimiento preventivo | Certificación | Emergencia 24h"
"Construccion e Industria/31-roi-Servicios Electricos.xlsx","Calculadora ROI","Servicios Eléctricos","Construcción e Industria","Instalación eléctrica | Reparación de cortocircuito | Instalación de luminarias | Tablero eléctrico | Puesta a tierra | Mantenimiento preventivo | Certificación | Emergencia 24h"
"Construccion e Industria/32-ipc-Servicios Electricos.xlsx","Calculadora IPC","Servicios Eléctricos","Construcción e Industria","Instalación eléctrica | Reparación de cortocircuito | Instalación de luminarias | Tablero eléctrico | Puesta a tierra | Mantenimiento preventivo | Certificación | Emergencia 24h"
"Construccion e Industria/33-endeudamiento-Servicios Electricos.xlsx","Capacidad Endeudamiento","Servicios Eléctricos","Construcción e Industria","Instalación eléctrica | Reparación de cortocircuito | Instalación de luminarias | Tablero eléctrico | Puesta a tierra | Mantenimiento preventivo | Certificación | Emergencia 24h"
"Construccion e Industria/34-proyeccion-flujo-Servicios Electricos.xlsx","Proyección Flujo de Caja","Servicios Eléctricos","Construcción e Industria","Instalación eléctrica | Reparación de cortocircuito | Instalación de luminarias | Tablero eléctrico | Puesta a tierra | Mantenimiento preventivo | Certificación | Emergencia 24h"
"Construccion e Industria/01-dashboard-financiero-Gasfiteria.xlsx","Dashboard Financiero","Gasfitería","Construcción e Industria","Destape de desagüe | Instalación de baño | Cambio de grifería | Reparación de filtraciones | Instalación de terma | Mantenimiento de tankes | Detección de fugas | Emergencia 24h"
"Construccion e Industria/02-control-ventas-Gasfiteria.xlsx","Control de Ventas","Gasfitería","Construcción e Industria","Destape de desagüe | Instalación de baño | Cambio de grifería | Reparación de filtraciones | Instalación de terma | Mantenimiento de tankes | Detección de fugas | Emergencia 24h"
"Construccion e Industria/03-inventario-Gasfiteria.xlsx","Control de Inventario","Gasfitería","Construcción e Industria","Destape de desagüe | Instalación de baño | Cambio de grifería | Reparación de filtraciones | Instalación de terma | Mantenimiento de tankes | Detección de fugas | Emergencia 24h"
"Construccion e Industria/04-presupuesto-anual-Gasfiteria.xlsx","Presupuesto Anual","Gasfitería","Construcción e Industria","Destape de desagüe | Instalación de baño | Cambio de grifería | Reparación de filtraciones | Instalación de terma | Mantenimiento de tankes | Detección de fugas | Emergencia 24h"
"Construccion e Industria/05-flujo-de-caja-Gasfiteria.xlsx","Flujo de Caja","Gasfitería","Construcción e Industria","Destape de desagüe | Instalación de baño | Cambio de grifería | Reparación de filtraciones | Instalación de terma | Mantenimiento de tankes | Detección de fugas | Emergencia 24h"
"Construccion e Industria/06-gestion-proyectos-Gasfiteria.xlsx","Gestión de Proyectos","Gasfitería","Construcción e Industria","Destape de desagüe | Instalación de baño | Cambio de grifería | Reparación de filtraciones | Instalación de terma | Mantenimiento de tankes | Detección de fugas | Emergencia 24h"
"Construccion e Industria/07-analisis-kpis-Gasfiteria.xlsx","Análisis de KPIs","Gasfitería","Construcción e Industria","Destape de desagüe | Instalación de baño | Cambio de grifería | Reparación de filtraciones | Instalación de terma | Mantenimiento de tankes | Detección de fugas | Emergencia 24h"
"Construccion e Industria/08-control-gastos-Gasfiteria.xlsx","Control de Gastos","Gasfitería","Construcción e Industria","Destape de desagüe | Instalación de baño | Cambio de grifería | Reparación de filtraciones | Instalación de terma | Mantenimiento de tankes | Detección de fugas | Emergencia 24h"
"Construccion e Industria/09-planilla-personal-Gasfiteria.xlsx","Planilla de Personal","Gasfitería","Construcción e Industria","Destape de desagüe | Instalación de baño | Cambio de grifería | Reparación de filtraciones | Instalación de terma | Mantenimiento de tankes | Detección de fugas | Emergencia 24h"
"Construccion e Industria/10-cuentas-por-cobrar-Gasfiteria.xlsx","Cuentas por Cobrar","Gasfitería","Construcción e Industria","Destape de desagüe | Instalación de baño | Cambio de grifería | Reparación de filtraciones | Instalación de terma | Mantenimiento de tankes | Detección de fugas | Emergencia 24h"
"Construccion e Industria/11-caja-diaria-Gasfiteria.xlsx","Caja Diaria","Gasfitería","Construcción e Industria","Destape de desagüe | Instalación de baño | Cambio de grifería | Reparación de filtraciones | Instalación de terma | Mantenimiento de tankes | Detección de fugas | Emergencia 24h"
"Construccion e Industria/12-compras-proveedores-Gasfiteria.xlsx","Compras y Proveedores","Gasfitería","Construcción e Industria","Destape de desagüe | Instalación de baño | Cambio de grifería | Reparación de filtraciones | Instalación de terma | Mantenimiento de tankes | Detección de fugas | Emergencia 24h"
"Construccion e Industria/13-balance-general-Gasfiteria.xlsx","Balance General","Gasfitería","Construcción e Industria","Destape de desagüe | Instalación de baño | Cambio de grifería | Reparación de filtraciones | Instalación de terma | Mantenimiento de tankes | Detección de fugas | Emergencia 24h"
"Construccion e Industria/14-estado-resultados-Gasfiteria.xlsx","Estado de Resultados","Gasfitería","Construcción e Industria","Destape de desagüe | Instalación de baño | Cambio de grifería | Reparación de filtraciones | Instalación de terma | Mantenimiento de tankes | Detección de fugas | Emergencia 24h"
"Construccion e Industria/15-flujo-efectivo-indirecto-Gasfiteria.xlsx","Flujo de Efectivo Indirecto","Gasfitería","Construcción e Industria","Destape de desagüe | Instalación de baño | Cambio de grifería | Reparación de filtraciones | Instalación de terma | Mantenimiento de tankes | Detección de fugas | Emergencia 24h"
"Construccion e Industria/16-conciliacion-bancaria-Gasfiteria.xlsx","Conciliación Bancaria","Gasfitería","Construcción e Industria","Destape de desagüe | Instalación de baño | Cambio de grifería | Reparación de filtraciones | Instalación de terma | Mantenimiento de tankes | Detección de fugas | Emergencia 24h"
"Construccion e Industria/17-libro-diario-Gasfiteria.xlsx","Libro Diario y Mayor","Gasfitería","Construcción e Industria","Destape de desagüe | Instalación de baño | Cambio de grifería | Reparación de filtraciones | Instalación de terma | Mantenimiento de tankes | Detección de fugas | Emergencia 24h"
"Construccion e Industria/18-ratios-financieros-Gasfiteria.xlsx","Ratios Financieros","Gasfitería","Construcción e Industria","Destape de desagüe | Instalación de baño | Cambio de grifería | Reparación de filtraciones | Instalación de terma | Mantenimiento de tankes | Detección de fugas | Emergencia 24h"
"Construccion e Industria/19-control-tributario-Gasfiteria.xlsx","Control Tributario","Gasfitería","Construcción e Industria","Destape de desagüe | Instalación de baño | Cambio de grifería | Reparación de filtraciones | Instalación de terma | Mantenimiento de tankes | Detección de fugas | Emergencia 24h"
"Construccion e Industria/20-presupuesto-centros-costo-Gasfiteria.xlsx","Presupuesto Centros de Costo","Gasfitería","Construcción e Industria","Destape de desagüe | Instalación de baño | Cambio de grifería | Reparación de filtraciones | Instalación de terma | Mantenimiento de tankes | Detección de fugas | Emergencia 24h"
"Construccion e Industria/21-activos-fijos-Gasfiteria.xlsx","Activos Fijos y Depreciación","Gasfitería","Construcción e Industria","Destape de desagüe | Instalación de baño | Cambio de grifería | Reparación de filtraciones | Instalación de terma | Mantenimiento de tankes | Detección de fugas | Emergencia 24h"
"Construccion e Industria/22-punto-equilibrio-Gasfiteria.xlsx","Punto de Equilibrio","Gasfitería","Construcción e Industria","Destape de desagüe | Instalación de baño | Cambio de grifería | Reparación de filtraciones | Instalación de terma | Mantenimiento de tankes | Detección de fugas | Emergencia 24h"
"Construccion e Industria/23-estados-comparativos-Gasfiteria.xlsx","Estados Comparativos 3 Años","Gasfitería","Construcción e Industria","Destape de desagüe | Instalación de baño | Cambio de grifería | Reparación de filtraciones | Instalación de terma | Mantenimiento de tankes | Detección de fugas | Emergencia 24h"
"Construccion e Industria/24-costeo-ordenes-Gasfiteria.xlsx","Costeo porÓrdenes de Trabajo","Gasfitería","Construcción e Industria","Destape de desagüe | Instalación de baño | Cambio de grifería | Reparación de filtraciones | Instalación de terma | Mantenimiento de tankes | Detección de fugas | Emergencia 24h"
"Construccion e Industria/25-calculadora-cts-Gasfiteria.xlsx","Calculadora CTS","Gasfitería","Construcción e Industria","Destape de desagüe | Instalación de baño | Cambio de grifería | Reparación de filtraciones | Instalación de terma | Mantenimiento de tankes | Detección de fugas | Emergencia 24h"
"Construccion e Industria/26-gratificaciones-Gasfiteria.xlsx","Calculadora Gratificaciones","Gasfitería","Construcción e Industria","Destape de desagüe | Instalación de baño | Cambio de grifería | Reparación de filtraciones | Instalación de terma | Mantenimiento de tankes | Detección de fugas | Emergencia 24h"
"Construccion e Industria/27-amortizacion-Gasfiteria.xlsx","Cuadro de Amortización","Gasfitería","Construcción e Industria","Destape de desagüe | Instalación de baño | Cambio de grifería | Reparación de filtraciones | Instalación de terma | Mantenimiento de tankes | Detección de fugas | Emergencia 24h"
"Construccion e Industria/28-vacaciones-Gasfiteria.xlsx","Calculadora Vacaciones","Gasfitería","Construcción e Industria","Destape de desagüe | Instalación de baño | Cambio de grifería | Reparación de filtraciones | Instalación de terma | Mantenimiento de tankes | Detección de fugas | Emergencia 24h"
"Construccion e Industria/29-afp-onp-Gasfiteria.xlsx","Calculadora AFP/ONP","Gasfitería","Construcción e Industria","Destape de desagüe | Instalación de baño | Cambio de grifería | Reparación de filtraciones | Instalación de terma | Mantenimiento de tankes | Detección de fugas | Emergencia 24h"
"Construccion e Industria/30-nomina-Gasfiteria.xlsx","Calculadora Nómina","Gasfitería","Construcción e Industria","Destape de desagüe | Instalación de baño | Cambio de grifería | Reparación de filtraciones | Instalación de terma | Mantenimiento de tankes | Detección de fugas | Emergencia 24h"
"Construccion e Industria/31-roi-Gasfiteria.xlsx","Calculadora ROI","Gasfitería","Construcción e Industria","Destape de desagüe | Instalación de baño | Cambio de grifería | Reparación de filtraciones | Instalación de terma | Mantenimiento de tankes | Detección de fugas | Emergencia 24h"
"Construccion e Industria/32-ipc-Gasfiteria.xlsx","Calculadora IPC","Gasfitería","Construcción e Industria","Destape de desagüe | Instalación de baño | Cambio de grifería | Reparación de filtraciones | Instalación de terma | Mantenimiento de tankes | Detección de fugas | Emergencia 24h"
"Construccion e Industria/33-endeudamiento-Gasfiteria.xlsx","Capacidad Endeudamiento","Gasfitería","Construcción e Industria","Destape de desagüe | Instalación de baño | Cambio de grifería | Reparación de filtraciones | Instalación de terma | Mantenimiento de tankes | Detección de fugas | Emergencia 24h"
"Construccion e Industria/34-proyeccion-flujo-Gasfiteria.xlsx","Proyección Flujo de Caja","Gasfitería","Construcción e Industria","Destape de desagüe | Instalación de baño | Cambio de grifería | Reparación de filtraciones | Instalación de terma | Mantenimiento de tankes | Detección de fugas | Emergencia 24h"
"Construccion e Industria/01-dashboard-financiero-Textil y Confecciones.xlsx","Dashboard Financiero","Textil y Confecciones","Construcción e Industria","Polos al por mayor | Uniformes empresariales | Casacas institucionales | Ropa deportiva | Pijamas | Ropa de niños | Mandiles | Confección por pedido"
"Construccion e Industria/02-control-ventas-Textil y Confecciones.xlsx","Control de Ventas","Textil y Confecciones","Construcción e Industria","Polos al por mayor | Uniformes empresariales | Casacas institucionales | Ropa deportiva | Pijamas | Ropa de niños | Mandiles | Confección por pedido"
"Construccion e Industria/03-inventario-Textil y Confecciones.xlsx","Control de Inventario","Textil y Confecciones","Construcción e Industria","Polos al por mayor | Uniformes empresariales | Casacas institucionales | Ropa deportiva | Pijamas | Ropa de niños | Mandiles | Confección por pedido"
"Construccion e Industria/04-presupuesto-anual-Textil y Confecciones.xlsx","Presupuesto Anual","Textil y Confecciones","Construcción e Industria","Polos al por mayor | Uniformes empresariales | Casacas institucionales | Ropa deportiva | Pijamas | Ropa de niños | Mandiles | Confección por pedido"
"Construccion e Industria/05-flujo-de-caja-Textil y Confecciones.xlsx","Flujo de Caja","Textil y Confecciones","Construcción e Industria","Polos al por mayor | Uniformes empresariales | Casacas institucionales | Ropa deportiva | Pijamas | Ropa de niños | Mandiles | Confección por pedido"
"Construccion e Industria/06-gestion-proyectos-Textil y Confecciones.xlsx","Gestión de Proyectos","Textil y Confecciones","Construcción e Industria","Polos al por mayor | Uniformes empresariales | Casacas institucionales | Ropa deportiva | Pijamas | Ropa de niños | Mandiles | Confección por pedido"
"Construccion e Industria/07-analisis-kpis-Textil y Confecciones.xlsx","Análisis de KPIs","Textil y Confecciones","Construcción e Industria","Polos al por mayor | Uniformes empresariales | Casacas institucionales | Ropa deportiva | Pijamas | Ropa de niños | Mandiles | Confección por pedido"
"Construccion e Industria/08-control-gastos-Textil y Confecciones.xlsx","Control de Gastos","Textil y Confecciones","Construcción e Industria","Polos al por mayor | Uniformes empresariales | Casacas institucionales | Ropa deportiva | Pijamas | Ropa de niños | Mandiles | Confección por pedido"
"Construccion e Industria/09-planilla-personal-Textil y Confecciones.xlsx","Planilla de Personal","Textil y Confecciones","Construcción e Industria","Polos al por mayor | Uniformes empresariales | Casacas institucionales | Ropa deportiva | Pijamas | Ropa de niños | Mandiles | Confección por pedido"
"Construccion e Industria/10-cuentas-por-cobrar-Textil y Confecciones.xlsx","Cuentas por Cobrar","Textil y Confecciones","Construcción e Industria","Polos al por mayor | Uniformes empresariales | Casacas institucionales | Ropa deportiva | Pijamas | Ropa de niños | Mandiles | Confección por pedido"
"Construccion e Industria/11-caja-diaria-Textil y Confecciones.xlsx","Caja Diaria","Textil y Confecciones","Construcción e Industria","Polos al por mayor | Uniformes empresariales | Casacas institucionales | Ropa deportiva | Pijamas | Ropa de niños | Mandiles | Confección por pedido"
"Construccion e Industria/12-compras-proveedores-Textil y Confecciones.xlsx","Compras y Proveedores","Textil y Confecciones","Construcción e Industria","Polos al por mayor | Uniformes empresariales | Casacas institucionales | Ropa deportiva | Pijamas | Ropa de niños | Mandiles | Confección por pedido"
"Construccion e Industria/13-balance-general-Textil y Confecciones.xlsx","Balance General","Textil y Confecciones","Construcción e Industria","Polos al por mayor | Uniformes empresariales | Casacas institucionales | Ropa deportiva | Pijamas | Ropa de niños | Mandiles | Confección por pedido"
"Construccion e Industria/14-estado-resultados-Textil y Confecciones.xlsx","Estado de Resultados","Textil y Confecciones","Construcción e Industria","Polos al por mayor | Uniformes empresariales | Casacas institucionales | Ropa deportiva | Pijamas | Ropa de niños | Mandiles | Confección por pedido"
"Construccion e Industria/15-flujo-efectivo-indirecto-Textil y Confecciones.xlsx","Flujo de Efectivo Indirecto","Textil y Confecciones","Construcción e Industria","Polos al por mayor | Uniformes empresariales | Casacas institucionales | Ropa deportiva | Pijamas | Ropa de niños | Mandiles | Confección por pedido"
"Construccion e Industria/16-conciliacion-bancaria-Textil y Confecciones.xlsx","Conciliación Bancaria","Textil y Confecciones","Construcción e Industria","Polos al por mayor | Uniformes empresariales | Casacas institucionales | Ropa deportiva | Pijamas | Ropa de niños | Mandiles | Confección por pedido"
"Construccion e Industria/17-libro-diario-Textil y Confecciones.xlsx","Libro Diario y Mayor","Textil y Confecciones","Construcción e Industria","Polos al por mayor | Uniformes empresariales | Casacas institucionales | Ropa deportiva | Pijamas | Ropa de niños | Mandiles | Confección por pedido"
"Construccion e Industria/18-ratios-financieros-Textil y Confecciones.xlsx","Ratios Financieros","Textil y Confecciones","Construcción e Industria","Polos al por mayor | Uniformes empresariales | Casacas institucionales | Ropa deportiva | Pijamas | Ropa de niños | Mandiles | Confección por pedido"
"Construccion e Industria/19-control-tributario-Textil y Confecciones.xlsx","Control Tributario","Textil y Confecciones","Construcción e Industria","Polos al por mayor | Uniformes empresariales | Casacas institucionales | Ropa deportiva | Pijamas | Ropa de niños | Mandiles | Confección por pedido"
"Construccion e Industria/20-presupuesto-centros-costo-Textil y Confecciones.xlsx","Presupuesto Centros de Costo","Textil y Confecciones","Construcción e Industria","Polos al por mayor | Uniformes empresariales | Casacas institucionales | Ropa deportiva | Pijamas | Ropa de niños | Mandiles | Confección por pedido"
"Construccion e Industria/21-activos-fijos-Textil y Confecciones.xlsx","Activos Fijos y Depreciación","Textil y Confecciones","Construcción e Industria","Polos al por mayor | Uniformes empresariales | Casacas institucionales | Ropa deportiva | Pijamas | Ropa de niños | Mandiles | Confección por pedido"
"Construccion e Industria/22-punto-equilibrio-Textil y Confecciones.xlsx","Punto de Equilibrio","Textil y Confecciones","Construcción e Industria","Polos al por mayor | Uniformes empresariales | Casacas institucionales | Ropa deportiva | Pijamas | Ropa de niños | Mandiles | Confección por pedido"
"Construccion e Industria/23-estados-comparativos-Textil y Confecciones.xlsx","Estados Comparativos 3 Años","Textil y Confecciones","Construcción e Industria","Polos al por mayor | Uniformes empresariales | Casacas institucionales | Ropa deportiva | Pijamas | Ropa de niños | Mandiles | Confección por pedido"
"Construccion e Industria/24-costeo-ordenes-Textil y Confecciones.xlsx","Costeo porÓrdenes de Trabajo","Textil y Confecciones","Construcción e Industria","Polos al por mayor | Uniformes empresariales | Casacas institucionales | Ropa deportiva | Pijamas | Ropa de niños | Mandiles | Confección por pedido"
"Construccion e Industria/25-calculadora-cts-Textil y Confecciones.xlsx","Calculadora CTS","Textil y Confecciones","Construcción e Industria","Polos al por mayor | Uniformes empresariales | Casacas institucionales | Ropa deportiva | Pijamas | Ropa de niños | Mandiles | Confección por pedido"
"Construccion e Industria/26-gratificaciones-Textil y Confecciones.xlsx","Calculadora Gratificaciones","Textil y Confecciones","Construcción e Industria","Polos al por mayor | Uniformes empresariales | Casacas institucionales | Ropa deportiva | Pijamas | Ropa de niños | Mandiles | Confección por pedido"
"Construccion e Industria/27-amortizacion-Textil y Confecciones.xlsx","Cuadro de Amortización","Textil y Confecciones","Construcción e Industria","Polos al por mayor | Uniformes empresariales | Casacas institucionales | Ropa deportiva | Pijamas | Ropa de niños | Mandiles | Confección por pedido"
"Construccion e Industria/28-vacaciones-Textil y Confecciones.xlsx","Calculadora Vacaciones","Textil y Confecciones","Construcción e Industria","Polos al por mayor | Uniformes empresariales | Casacas institucionales | Ropa deportiva | Pijamas | Ropa de niños | Mandiles | Confección por pedido"
"Construccion e Industria/29-afp-onp-Textil y Confecciones.xlsx","Calculadora AFP/ONP","Textil y Confecciones","Construcción e Industria","Polos al por mayor | Uniformes empresariales | Casacas institucionales | Ropa deportiva | Pijamas | Ropa de niños | Mandiles | Confección por pedido"
"Construccion e Industria/30-nomina-Textil y Confecciones.xlsx","Calculadora Nómina","Textil y Confecciones","Construcción e Industria","Polos al por mayor | Uniformes empresariales | Casacas institucionales | Ropa deportiva | Pijamas | Ropa de niños | Mandiles | Confección por pedido"
"Construccion e Industria/31-roi-Textil y Confecciones.xlsx","Calculadora ROI","Textil y Confecciones","Construcción e Industria","Polos al por mayor | Uniformes empresariales | Casacas institucionales | Ropa deportiva | Pijamas | Ropa de niños | Mandiles | Confección por pedido"
"Construccion e Industria/32-ipc-Textil y Confecciones.xlsx","Calculadora IPC","Textil y Confecciones","Construcción e Industria","Polos al por mayor | Uniformes empresariales | Casacas institucionales | Ropa deportiva | Pijamas | Ropa de niños | Mandiles | Confección por pedido"
"Construccion e Industria/33-endeudamiento-Textil y Confecciones.xlsx","Capacidad Endeudamiento","Textil y Confecciones","Construcción e Industria","Polos al por mayor | Uniformes empresariales | Casacas institucionales | Ropa deportiva | Pijamas | Ropa de niños | Mandiles | Confección por pedido"
"Construccion e Industria/34-proyeccion-flujo-Textil y Confecciones.xlsx","Proyección Flujo de Caja","Textil y Confecciones","Construcción e Industria","Polos al por mayor | Uniformes empresariales | Casacas institucionales | Ropa deportiva | Pijamas | Ropa de niños | Mandiles | Confección por pedido"
"Construccion e Industria/01-dashboard-financiero-Calzado Industrial.xlsx","Dashboard Financiero","Calzado Industrial","Construcción e Industria","Zapato de seguridad | Botín industrial | Zapato escolar | Ojota de jebe | Botas de jebe | Calzado antideslizante | Zapatilla deportiva | Punta de acero"
"Construccion e Industria/02-control-ventas-Calzado Industrial.xlsx","Control de Ventas","Calzado Industrial","Construcción e Industria","Zapato de seguridad | Botín industrial | Zapato escolar | Ojota de jebe | Botas de jebe | Calzado antideslizante | Zapatilla deportiva | Punta de acero"
"Construccion e Industria/03-inventario-Calzado Industrial.xlsx","Control de Inventario","Calzado Industrial","Construcción e Industria","Zapato de seguridad | Botín industrial | Zapato escolar | Ojota de jebe | Botas de jebe | Calzado antideslizante | Zapatilla deportiva | Punta de acero"
"Construccion e Industria/04-presupuesto-anual-Calzado Industrial.xlsx","Presupuesto Anual","Calzado Industrial","Construcción e Industria","Zapato de seguridad | Botín industrial | Zapato escolar | Ojota de jebe | Botas de jebe | Calzado antideslizante | Zapatilla deportiva | Punta de acero"
"Construccion e Industria/05-flujo-de-caja-Calzado Industrial.xlsx","Flujo de Caja","Calzado Industrial","Construcción e Industria","Zapato de seguridad | Botín industrial | Zapato escolar | Ojota de jebe | Botas de jebe | Calzado antideslizante | Zapatilla deportiva | Punta de acero"
"Construccion e Industria/06-gestion-proyectos-Calzado Industrial.xlsx","Gestión de Proyectos","Calzado Industrial","Construcción e Industria","Zapato de seguridad | Botín industrial | Zapato escolar | Ojota de jebe | Botas de jebe | Calzado antideslizante | Zapatilla deportiva | Punta de acero"
"Construccion e Industria/07-analisis-kpis-Calzado Industrial.xlsx","Análisis de KPIs","Calzado Industrial","Construcción e Industria","Zapato de seguridad | Botín industrial | Zapato escolar | Ojota de jebe | Botas de jebe | Calzado antideslizante | Zapatilla deportiva | Punta de acero"
"Construccion e Industria/08-control-gastos-Calzado Industrial.xlsx","Control de Gastos","Calzado Industrial","Construcción e Industria","Zapato de seguridad | Botín industrial | Zapato escolar | Ojota de jebe | Botas de jebe | Calzado antideslizante | Zapatilla deportiva | Punta de acero"
"Construccion e Industria/09-planilla-personal-Calzado Industrial.xlsx","Planilla de Personal","Calzado Industrial","Construcción e Industria","Zapato de seguridad | Botín industrial | Zapato escolar | Ojota de jebe | Botas de jebe | Calzado antideslizante | Zapatilla deportiva | Punta de acero"
"Construccion e Industria/10-cuentas-por-cobrar-Calzado Industrial.xlsx","Cuentas por Cobrar","Calzado Industrial","Construcción e Industria","Zapato de seguridad | Botín industrial | Zapato escolar | Ojota de jebe | Botas de jebe | Calzado antideslizante | Zapatilla deportiva | Punta de acero"
"Construccion e Industria/11-caja-diaria-Calzado Industrial.xlsx","Caja Diaria","Calzado Industrial","Construcción e Industria","Zapato de seguridad | Botín industrial | Zapato escolar | Ojota de jebe | Botas de jebe | Calzado antideslizante | Zapatilla deportiva | Punta de acero"
"Construccion e Industria/12-compras-proveedores-Calzado Industrial.xlsx","Compras y Proveedores","Calzado Industrial","Construcción e Industria","Zapato de seguridad | Botín industrial | Zapato escolar | Ojota de jebe | Botas de jebe | Calzado antideslizante | Zapatilla deportiva | Punta de acero"
"Construccion e Industria/13-balance-general-Calzado Industrial.xlsx","Balance General","Calzado Industrial","Construcción e Industria","Zapato de seguridad | Botín industrial | Zapato escolar | Ojota de jebe | Botas de jebe | Calzado antideslizante | Zapatilla deportiva | Punta de acero"
"Construccion e Industria/14-estado-resultados-Calzado Industrial.xlsx","Estado de Resultados","Calzado Industrial","Construcción e Industria","Zapato de seguridad | Botín industrial | Zapato escolar | Ojota de jebe | Botas de jebe | Calzado antideslizante | Zapatilla deportiva | Punta de acero"
"Construccion e Industria/15-flujo-efectivo-indirecto-Calzado Industrial.xlsx","Flujo de Efectivo Indirecto","Calzado Industrial","Construcción e Industria","Zapato de seguridad | Botín industrial | Zapato escolar | Ojota de jebe | Botas de jebe | Calzado antideslizante | Zapatilla deportiva | Punta de acero"
"Construccion e Industria/16-conciliacion-bancaria-Calzado Industrial.xlsx","Conciliación Bancaria","Calzado Industrial","Construcción e Industria","Zapato de seguridad | Botín industrial | Zapato escolar | Ojota de jebe | Botas de jebe | Calzado antideslizante | Zapatilla deportiva | Punta de acero"
"Construccion e Industria/17-libro-diario-Calzado Industrial.xlsx","Libro Diario y Mayor","Calzado Industrial","Construcción e Industria","Zapato de seguridad | Botín industrial | Zapato escolar | Ojota de jebe | Botas de jebe | Calzado antideslizante | Zapatilla deportiva | Punta de acero"
"Construccion e Industria/18-ratios-financieros-Calzado Industrial.xlsx","Ratios Financieros","Calzado Industrial","Construcción e Industria","Zapato de seguridad | Botín industrial | Zapato escolar | Ojota de jebe | Botas de jebe | Calzado antideslizante | Zapatilla deportiva | Punta de acero"
"Construccion e Industria/19-control-tributario-Calzado Industrial.xlsx","Control Tributario","Calzado Industrial","Construcción e Industria","Zapato de seguridad | Botín industrial | Zapato escolar | Ojota de jebe | Botas de jebe | Calzado antideslizante | Zapatilla deportiva | Punta de acero"
"Construccion e Industria/20-presupuesto-centros-costo-Calzado Industrial.xlsx","Presupuesto Centros de Costo","Calzado Industrial","Construcción e Industria","Zapato de seguridad | Botín industrial | Zapato escolar | Ojota de jebe | Botas de jebe | Calzado antideslizante | Zapatilla deportiva | Punta de acero"
"Construccion e Industria/21-activos-fijos-Calzado Industrial.xlsx","Activos Fijos y Depreciación","Calzado Industrial","Construcción e Industria","Zapato de seguridad | Botín industrial | Zapato escolar | Ojota de jebe | Botas de jebe | Calzado antideslizante | Zapatilla deportiva | Punta de acero"
"Construccion e Industria/22-punto-equilibrio-Calzado Industrial.xlsx","Punto de Equilibrio","Calzado Industrial","Construcción e Industria","Zapato de seguridad | Botín industrial | Zapato escolar | Ojota de jebe | Botas de jebe | Calzado antideslizante | Zapatilla deportiva | Punta de acero"
"Construccion e Industria/23-estados-comparativos-Calzado Industrial.xlsx","Estados Comparativos 3 Años","Calzado Industrial","Construcción e Industria","Zapato de seguridad | Botín industrial | Zapato escolar | Ojota de jebe | Botas de jebe | Calzado antideslizante | Zapatilla deportiva | Punta de acero"
"Construccion e Industria/24-costeo-ordenes-Calzado Industrial.xlsx","Costeo porÓrdenes de Trabajo","Calzado Industrial","Construcción e Industria","Zapato de seguridad | Botín industrial | Zapato escolar | Ojota de jebe | Botas de jebe | Calzado antideslizante | Zapatilla deportiva | Punta de acero"
"Construccion e Industria/25-calculadora-cts-Calzado Industrial.xlsx","Calculadora CTS","Calzado Industrial","Construcción e Industria","Zapato de seguridad | Botín industrial | Zapato escolar | Ojota de jebe | Botas de jebe | Calzado antideslizante | Zapatilla deportiva | Punta de acero"
"Construccion e Industria/26-gratificaciones-Calzado Industrial.xlsx","Calculadora Gratificaciones","Calzado Industrial","Construcción e Industria","Zapato de seguridad | Botín industrial | Zapato escolar | Ojota de jebe | Botas de jebe | Calzado antideslizante | Zapatilla deportiva | Punta de acero"
"Construccion e Industria/27-amortizacion-Calzado Industrial.xlsx","Cuadro de Amortización","Calzado Industrial","Construcción e Industria","Zapato de seguridad | Botín industrial | Zapato escolar | Ojota de jebe | Botas de jebe | Calzado antideslizante | Zapatilla deportiva | Punta de acero"
"Construccion e Industria/28-vacaciones-Calzado Industrial.xlsx","Calculadora Vacaciones","Calzado Industrial","Construcción e Industria","Zapato de seguridad | Botín industrial | Zapato escolar | Ojota de jebe | Botas de jebe | Calzado antideslizante | Zapatilla deportiva | Punta de acero"
"Construccion e Industria/29-afp-onp-Calzado Industrial.xlsx","Calculadora AFP/ONP","Calzado Industrial","Construcción e Industria","Zapato de seguridad | Botín industrial | Zapato escolar | Ojota de jebe | Botas de jebe | Calzado antideslizante | Zapatilla deportiva | Punta de acero"
"Construccion e Industria/30-nomina-Calzado Industrial.xlsx","Calculadora Nómina","Calzado Industrial","Construcción e Industria","Zapato de seguridad | Botín industrial | Zapato escolar | Ojota de jebe | Botas de jebe | Calzado antideslizante | Zapatilla deportiva | Punta de acero"
"Construccion e Industria/31-roi-Calzado Industrial.xlsx","Calculadora ROI","Calzado Industrial","Construcción e Industria","Zapato de seguridad | Botín industrial | Zapato escolar | Ojota de jebe | Botas de jebe | Calzado antideslizante | Zapatilla deportiva | Punta de acero"
"Construccion e Industria/32-ipc-Calzado Industrial.xlsx","Calculadora IPC","Calzado Industrial","Construcción e Industria","Zapato de seguridad | Botín industrial | Zapato escolar | Ojota de jebe | Botas de jebe | Calzado antideslizante | Zapatilla deportiva | Punta de acero"
"Construccion e Industria/33-endeudamiento-Calzado Industrial.xlsx","Capacidad Endeudamiento","Calzado Industrial","Construcción e Industria","Zapato de seguridad | Botín industrial | Zapato escolar | Ojota de jebe | Botas de jebe | Calzado antideslizante | Zapatilla deportiva | Punta de acero"
"Construccion e Industria/34-proyeccion-flujo-Calzado Industrial.xlsx","Proyección Flujo de Caja","Calzado Industrial","Construcción e Industria","Zapato de seguridad | Botín industrial | Zapato escolar | Ojota de jebe | Botas de jebe | Calzado antideslizante | Zapatilla deportiva | Punta de acero"
"Construccion e Industria/01-dashboard-financiero-Agroindustria.xlsx","Dashboard Financiero","Agroindustria","Construcción e Industria","Venta de palta | Venta de mango | Venta de uva | Venta de arroz | Venta de maíz | Venta de quinua | Venta de café | Venta de cacao"
"Construccion e Industria/02-control-ventas-Agroindustria.xlsx","Control de Ventas","Agroindustria","Construcción e Industria","Venta de palta | Venta de mango | Venta de uva | Venta de arroz | Venta de maíz | Venta de quinua | Venta de café | Venta de cacao"
"Construccion e Industria/03-inventario-Agroindustria.xlsx","Control de Inventario","Agroindustria","Construcción e Industria","Venta de palta | Venta de mango | Venta de uva | Venta de arroz | Venta de maíz | Venta de quinua | Venta de café | Venta de cacao"
"Construccion e Industria/04-presupuesto-anual-Agroindustria.xlsx","Presupuesto Anual","Agroindustria","Construcción e Industria","Venta de palta | Venta de mango | Venta de uva | Venta de arroz | Venta de maíz | Venta de quinua | Venta de café | Venta de cacao"
"Construccion e Industria/05-flujo-de-caja-Agroindustria.xlsx","Flujo de Caja","Agroindustria","Construcción e Industria","Venta de palta | Venta de mango | Venta de uva | Venta de arroz | Venta de maíz | Venta de quinua | Venta de café | Venta de cacao"
"Construccion e Industria/06-gestion-proyectos-Agroindustria.xlsx","Gestión de Proyectos","Agroindustria","Construcción e Industria","Venta de palta | Venta de mango | Venta de uva | Venta de arroz | Venta de maíz | Venta de quinua | Venta de café | Venta de cacao"
"Construccion e Industria/07-analisis-kpis-Agroindustria.xlsx","Análisis de KPIs","Agroindustria","Construcción e Industria","Venta de palta | Venta de mango | Venta de uva | Venta de arroz | Venta de maíz | Venta de quinua | Venta de café | Venta de cacao"
"Construccion e Industria/08-control-gastos-Agroindustria.xlsx","Control de Gastos","Agroindustria","Construcción e Industria","Venta de palta | Venta de mango | Venta de uva | Venta de arroz | Venta de maíz | Venta de quinua | Venta de café | Venta de cacao"
"Construccion e Industria/09-planilla-personal-Agroindustria.xlsx","Planilla de Personal","Agroindustria","Construcción e Industria","Venta de palta | Venta de mango | Venta de uva | Venta de arroz | Venta de maíz | Venta de quinua | Venta de café | Venta de cacao"
"Construccion e Industria/10-cuentas-por-cobrar-Agroindustria.xlsx","Cuentas por Cobrar","Agroindustria","Construcción e Industria","Venta de palta | Venta de mango | Venta de uva | Venta de arroz | Venta de maíz | Venta de quinua | Venta de café | Venta de cacao"
"Construccion e Industria/11-caja-diaria-Agroindustria.xlsx","Caja Diaria","Agroindustria","Construcción e Industria","Venta de palta | Venta de mango | Venta de uva | Venta de arroz | Venta de maíz | Venta de quinua | Venta de café | Venta de cacao"
"Construccion e Industria/12-compras-proveedores-Agroindustria.xlsx","Compras y Proveedores","Agroindustria","Construcción e Industria","Venta de palta | Venta de mango | Venta de uva | Venta de arroz | Venta de maíz | Venta de quinua | Venta de café | Venta de cacao"
"Construccion e Industria/13-balance-general-Agroindustria.xlsx","Balance General","Agroindustria","Construcción e Industria","Venta de palta | Venta de mango | Venta de uva | Venta de arroz | Venta de maíz | Venta de quinua | Venta de café | Venta de cacao"
"Construccion e Industria/14-estado-resultados-Agroindustria.xlsx","Estado de Resultados","Agroindustria","Construcción e Industria","Venta de palta | Venta de mango | Venta de uva | Venta de arroz | Venta de maíz | Venta de quinua | Venta de café | Venta de cacao"
"Construccion e Industria/15-flujo-efectivo-indirecto-Agroindustria.xlsx","Flujo de Efectivo Indirecto","Agroindustria","Construcción e Industria","Venta de palta | Venta de mango | Venta de uva | Venta de arroz | Venta de maíz | Venta de quinua | Venta de café | Venta de cacao"
"Construccion e Industria/16-conciliacion-bancaria-Agroindustria.xlsx","Conciliación Bancaria","Agroindustria","Construcción e Industria","Venta de palta | Venta de mango | Venta de uva | Venta de arroz | Venta de maíz | Venta de quinua | Venta de café | Venta de cacao"
"Construccion e Industria/17-libro-diario-Agroindustria.xlsx","Libro Diario y Mayor","Agroindustria","Construcción e Industria","Venta de palta | Venta de mango | Venta de uva | Venta de arroz | Venta de maíz | Venta de quinua | Venta de café | Venta de cacao"
"Construccion e Industria/18-ratios-financieros-Agroindustria.xlsx","Ratios Financieros","Agroindustria","Construcción e Industria","Venta de palta | Venta de mango | Venta de uva | Venta de arroz | Venta de maíz | Venta de quinua | Venta de café | Venta de cacao"
"Construccion e Industria/19-control-tributario-Agroindustria.xlsx","Control Tributario","Agroindustria","Construcción e Industria","Venta de palta | Venta de mango | Venta de uva | Venta de arroz | Venta de maíz | Venta de quinua | Venta de café | Venta de cacao"
"Construccion e Industria/20-presupuesto-centros-costo-Agroindustria.xlsx","Presupuesto Centros de Costo","Agroindustria","Construcción e Industria","Venta de palta | Venta de mango | Venta de uva | Venta de arroz | Venta de maíz | Venta de quinua | Venta de café | Venta de cacao"
"Construccion e Industria/21-activos-fijos-Agroindustria.xlsx","Activos Fijos y Depreciación","Agroindustria","Construcción e Industria","Venta de palta | Venta de mango | Venta de uva | Venta de arroz | Venta de maíz | Venta de quinua | Venta de café | Venta de cacao"
"Construccion e Industria/22-punto-equilibrio-Agroindustria.xlsx","Punto de Equilibrio","Agroindustria","Construcción e Industria","Venta de palta | Venta de mango | Venta de uva | Venta de arroz | Venta de maíz | Venta de quinua | Venta de café | Venta de cacao"
"Construccion e Industria/23-estados-comparativos-Agroindustria.xlsx","Estados Comparativos 3 Años","Agroindustria","Construcción e Industria","Venta de palta | Venta de mango | Venta de uva | Venta de arroz | Venta de maíz | Venta de quinua | Venta de café | Venta de cacao"
"Construccion e Industria/24-costeo-ordenes-Agroindustria.xlsx","Costeo porÓrdenes de Trabajo","Agroindustria","Construcción e Industria","Venta de palta | Venta de mango | Venta de uva | Venta de arroz | Venta de maíz | Venta de quinua | Venta de café | Venta de cacao"
"Construccion e Industria/25-calculadora-cts-Agroindustria.xlsx","Calculadora CTS","Agroindustria","Construcción e Industria","Venta de palta | Venta de mango | Venta de uva | Venta de arroz | Venta de maíz | Venta de quinua | Venta de café | Venta de cacao"
"Construccion e Industria/26-gratificaciones-Agroindustria.xlsx","Calculadora Gratificaciones","Agroindustria","Construcción e Industria","Venta de palta | Venta de mango | Venta de uva | Venta de arroz | Venta de maíz | Venta de quinua | Venta de café | Venta de cacao"
"Construccion e Industria/27-amortizacion-Agroindustria.xlsx","Cuadro de Amortización","Agroindustria","Construcción e Industria","Venta de palta | Venta de mango | Venta de uva | Venta de arroz | Venta de maíz | Venta de quinua | Venta de café | Venta de cacao"
"Construccion e Industria/28-vacaciones-Agroindustria.xlsx","Calculadora Vacaciones","Agroindustria","Construcción e Industria","Venta de palta | Venta de mango | Venta de uva | Venta de arroz | Venta de maíz | Venta de quinua | Venta de café | Venta de cacao"
"Construccion e Industria/29-afp-onp-Agroindustria.xlsx","Calculadora AFP/ONP","Agroindustria","Construcción e Industria","Venta de palta | Venta de mango | Venta de uva | Venta de arroz | Venta de maíz | Venta de quinua | Venta de café | Venta de cacao"
"Construccion e Industria/30-nomina-Agroindustria.xlsx","Calculadora Nómina","Agroindustria","Construcción e Industria","Venta de palta | Venta de mango | Venta de uva | Venta de arroz | Venta de maíz | Venta de quinua | Venta de café | Venta de cacao"
"Construccion e Industria/31-roi-Agroindustria.xlsx","Calculadora ROI","Agroindustria","Construcción e Industria","Venta de palta | Venta de mango | Venta de uva | Venta de arroz | Venta de maíz | Venta de quinua | Venta de café | Venta de cacao"
"Construccion e Industria/32-ipc-Agroindustria.xlsx","Calculadora IPC","Agroindustria","Construcción e Industria","Venta de palta | Venta de mango | Venta de uva | Venta de arroz | Venta de maíz | Venta de quinua | Venta de café | Venta de cacao"
"Construccion e Industria/33-endeudamiento-Agroindustria.xlsx","Capacidad Endeudamiento","Agroindustria","Construcción e Industria","Venta de palta | Venta de mango | Venta de uva | Venta de arroz | Venta de maíz | Venta de quinua | Venta de café | Venta de cacao"
"Construccion e Industria/34-proyeccion-flujo-Agroindustria.xlsx","Proyección Flujo de Caja","Agroindustria","Construcción e Industria","Venta de palta | Venta de mango | Venta de uva | Venta de arroz | Venta de maíz | Venta de quinua | Venta de café | Venta de cacao"
"Construccion e Industria/01-dashboard-financiero-Agricultura.xlsx","Dashboard Financiero","Agricultura","Construcción e Industria","Papa | Maíz amiláceo | Trigo | Cebada | Hortalizas | Alfalfa | Caña de azúcar | Café"
"Construccion e Industria/02-control-ventas-Agricultura.xlsx","Control de Ventas","Agricultura","Construcción e Industria","Papa | Maíz amiláceo | Trigo | Cebada | Hortalizas | Alfalfa | Caña de azúcar | Café"
"Construccion e Industria/03-inventario-Agricultura.xlsx","Control de Inventario","Agricultura","Construcción e Industria","Papa | Maíz amiláceo | Trigo | Cebada | Hortalizas | Alfalfa | Caña de azúcar | Café"
"Construccion e Industria/04-presupuesto-anual-Agricultura.xlsx","Presupuesto Anual","Agricultura","Construcción e Industria","Papa | Maíz amiláceo | Trigo | Cebada | Hortalizas | Alfalfa | Caña de azúcar | Café"
"Construccion e Industria/05-flujo-de-caja-Agricultura.xlsx","Flujo de Caja","Agricultura","Construcción e Industria","Papa | Maíz amiláceo | Trigo | Cebada | Hortalizas | Alfalfa | Caña de azúcar | Café"
"Construccion e Industria/06-gestion-proyectos-Agricultura.xlsx","Gestión de Proyectos","Agricultura","Construcción e Industria","Papa | Maíz amiláceo | Trigo | Cebada | Hortalizas | Alfalfa | Caña de azúcar | Café"
"Construccion e Industria/07-analisis-kpis-Agricultura.xlsx","Análisis de KPIs","Agricultura","Construcción e Industria","Papa | Maíz amiláceo | Trigo | Cebada | Hortalizas | Alfalfa | Caña de azúcar | Café"
"Construccion e Industria/08-control-gastos-Agricultura.xlsx","Control de Gastos","Agricultura","Construcción e Industria","Papa | Maíz amiláceo | Trigo | Cebada | Hortalizas | Alfalfa | Caña de azúcar | Café"
"Construccion e Industria/09-planilla-personal-Agricultura.xlsx","Planilla de Personal","Agricultura","Construcción e Industria","Papa | Maíz amiláceo | Trigo | Cebada | Hortalizas | Alfalfa | Caña de azúcar | Café"
"Construccion e Industria/10-cuentas-por-cobrar-Agricultura.xlsx","Cuentas por Cobrar","Agricultura","Construcción e Industria","Papa | Maíz amiláceo | Trigo | Cebada | Hortalizas | Alfalfa | Caña de azúcar | Café"
"Construccion e Industria/11-caja-diaria-Agricultura.xlsx","Caja Diaria","Agricultura","Construcción e Industria","Papa | Maíz amiláceo | Trigo | Cebada | Hortalizas | Alfalfa | Caña de azúcar | Café"
"Construccion e Industria/12-compras-proveedores-Agricultura.xlsx","Compras y Proveedores","Agricultura","Construcción e Industria","Papa | Maíz amiláceo | Trigo | Cebada | Hortalizas | Alfalfa | Caña de azúcar | Café"
"Construccion e Industria/13-balance-general-Agricultura.xlsx","Balance General","Agricultura","Construcción e Industria","Papa | Maíz amiláceo | Trigo | Cebada | Hortalizas | Alfalfa | Caña de azúcar | Café"
"Construccion e Industria/14-estado-resultados-Agricultura.xlsx","Estado de Resultados","Agricultura","Construcción e Industria","Papa | Maíz amiláceo | Trigo | Cebada | Hortalizas | Alfalfa | Caña de azúcar | Café"
"Construccion e Industria/15-flujo-efectivo-indirecto-Agricultura.xlsx","Flujo de Efectivo Indirecto","Agricultura","Construcción e Industria","Papa | Maíz amiláceo | Trigo | Cebada | Hortalizas | Alfalfa | Caña de azúcar | Café"
"Construccion e Industria/16-conciliacion-bancaria-Agricultura.xlsx","Conciliación Bancaria","Agricultura","Construcción e Industria","Papa | Maíz amiláceo | Trigo | Cebada | Hortalizas | Alfalfa | Caña de azúcar | Café"
"Construccion e Industria/17-libro-diario-Agricultura.xlsx","Libro Diario y Mayor","Agricultura","Construcción e Industria","Papa | Maíz amiláceo | Trigo | Cebada | Hortalizas | Alfalfa | Caña de azúcar | Café"
"Construccion e Industria/18-ratios-financieros-Agricultura.xlsx","Ratios Financieros","Agricultura","Construcción e Industria","Papa | Maíz amiláceo | Trigo | Cebada | Hortalizas | Alfalfa | Caña de azúcar | Café"
"Construccion e Industria/19-control-tributario-Agricultura.xlsx","Control Tributario","Agricultura","Construcción e Industria","Papa | Maíz amiláceo | Trigo | Cebada | Hortalizas | Alfalfa | Caña de azúcar | Café"
"Construccion e Industria/20-presupuesto-centros-costo-Agricultura.xlsx","Presupuesto Centros de Costo","Agricultura","Construcción e Industria","Papa | Maíz amiláceo | Trigo | Cebada | Hortalizas | Alfalfa | Caña de azúcar | Café"
"Construccion e Industria/21-activos-fijos-Agricultura.xlsx","Activos Fijos y Depreciación","Agricultura","Construcción e Industria","Papa | Maíz amiláceo | Trigo | Cebada | Hortalizas | Alfalfa | Caña de azúcar | Café"
"Construccion e Industria/22-punto-equilibrio-Agricultura.xlsx","Punto de Equilibrio","Agricultura","Construcción e Industria","Papa | Maíz amiláceo | Trigo | Cebada | Hortalizas | Alfalfa | Caña de azúcar | Café"
"Construccion e Industria/23-estados-comparativos-Agricultura.xlsx","Estados Comparativos 3 Años","Agricultura","Construcción e Industria","Papa | Maíz amiláceo | Trigo | Cebada | Hortalizas | Alfalfa | Caña de azúcar | Café"
"Construccion e Industria/24-costeo-ordenes-Agricultura.xlsx","Costeo porÓrdenes de Trabajo","Agricultura","Construcción e Industria","Papa | Maíz amiláceo | Trigo | Cebada | Hortalizas | Alfalfa | Caña de azúcar | Café"
"Construccion e Industria/25-calculadora-cts-Agricultura.xlsx","Calculadora CTS","Agricultura","Construcción e Industria","Papa | Maíz amiláceo | Trigo | Cebada | Hortalizas | Alfalfa | Caña de azúcar | Café"
"Construccion e Industria/26-gratificaciones-Agricultura.xlsx","Calculadora Gratificaciones","Agricultura","Construcción e Industria","Papa | Maíz amiláceo | Trigo | Cebada | Hortalizas | Alfalfa | Caña de azúcar | Café"
"Construccion e Industria/27-amortizacion-Agricultura.xlsx","Cuadro de Amortización","Agricultura","Construcción e Industria","Papa | Maíz amiláceo | Trigo | Cebada | Hortalizas | Alfalfa | Caña de azúcar | Café"
"Construccion e Industria/28-vacaciones-Agricultura.xlsx","Calculadora Vacaciones","Agricultura","Construcción e Industria","Papa | Maíz amiláceo | Trigo | Cebada | Hortalizas | Alfalfa | Caña de azúcar | Café"
"Construccion e Industria/29-afp-onp-Agricultura.xlsx","Calculadora AFP/ONP","Agricultura","Construcción e Industria","Papa | Maíz amiláceo | Trigo | Cebada | Hortalizas | Alfalfa | Caña de azúcar | Café"
"Construccion e Industria/30-nomina-Agricultura.xlsx","Calculadora Nómina","Agricultura","Construcción e Industria","Papa | Maíz amiláceo | Trigo | Cebada | Hortalizas | Alfalfa | Caña de azúcar | Café"
"Construccion e Industria/31-roi-Agricultura.xlsx","Calculadora ROI","Agricultura","Construcción e Industria","Papa | Maíz amiláceo | Trigo | Cebada | Hortalizas | Alfalfa | Caña de azúcar | Café"
"Construccion e Industria/32-ipc-Agricultura.xlsx","Calculadora IPC","Agricultura","Construcción e Industria","Papa | Maíz amiláceo | Trigo | Cebada | Hortalizas | Alfalfa | Caña de azúcar | Café"
"Construccion e Industria/33-endeudamiento-Agricultura.xlsx","Capacidad Endeudamiento","Agricultura","Construcción e Industria","Papa | Maíz amiláceo | Trigo | Cebada | Hortalizas | Alfalfa | Caña de azúcar | Café"
"Construccion e Industria/34-proyeccion-flujo-Agricultura.xlsx","Proyección Flujo de Caja","Agricultura","Construcción e Industria","Papa | Maíz amiláceo | Trigo | Cebada | Hortalizas | Alfalfa | Caña de azúcar | Café"
"Construccion e Industria/01-dashboard-financiero-Ganaderia.xlsx","Dashboard Financiero","Ganadería","Construcción e Industria","Leche fresca | Queso andino | Yogurt artesanal | Manjar blanco | Vacuno en pie | Ovino | Cuyes | Alimento balanceado"
"Construccion e Industria/02-control-ventas-Ganaderia.xlsx","Control de Ventas","Ganadería","Construcción e Industria","Leche fresca | Queso andino | Yogurt artesanal | Manjar blanco | Vacuno en pie | Ovino | Cuyes | Alimento balanceado"
"Construccion e Industria/03-inventario-Ganaderia.xlsx","Control de Inventario","Ganadería","Construcción e Industria","Leche fresca | Queso andino | Yogurt artesanal | Manjar blanco | Vacuno en pie | Ovino | Cuyes | Alimento balanceado"
"Construccion e Industria/04-presupuesto-anual-Ganaderia.xlsx","Presupuesto Anual","Ganadería","Construcción e Industria","Leche fresca | Queso andino | Yogurt artesanal | Manjar blanco | Vacuno en pie | Ovino | Cuyes | Alimento balanceado"
"Construccion e Industria/05-flujo-de-caja-Ganaderia.xlsx","Flujo de Caja","Ganadería","Construcción e Industria","Leche fresca | Queso andino | Yogurt artesanal | Manjar blanco | Vacuno en pie | Ovino | Cuyes | Alimento balanceado"
"Construccion e Industria/06-gestion-proyectos-Ganaderia.xlsx","Gestión de Proyectos","Ganadería","Construcción e Industria","Leche fresca | Queso andino | Yogurt artesanal | Manjar blanco | Vacuno en pie | Ovino | Cuyes | Alimento balanceado"
"Construccion e Industria/07-analisis-kpis-Ganaderia.xlsx","Análisis de KPIs","Ganadería","Construcción e Industria","Leche fresca | Queso andino | Yogurt artesanal | Manjar blanco | Vacuno en pie | Ovino | Cuyes | Alimento balanceado"
"Construccion e Industria/08-control-gastos-Ganaderia.xlsx","Control de Gastos","Ganadería","Construcción e Industria","Leche fresca | Queso andino | Yogurt artesanal | Manjar blanco | Vacuno en pie | Ovino | Cuyes | Alimento balanceado"
"Construccion e Industria/09-planilla-personal-Ganaderia.xlsx","Planilla de Personal","Ganadería","Construcción e Industria","Leche fresca | Queso andino | Yogurt artesanal | Manjar blanco | Vacuno en pie | Ovino | Cuyes | Alimento balanceado"
"Construccion e Industria/10-cuentas-por-cobrar-Ganaderia.xlsx","Cuentas por Cobrar","Ganadería","Construcción e Industria","Leche fresca | Queso andino | Yogurt artesanal | Manjar blanco | Vacuno en pie | Ovino | Cuyes | Alimento balanceado"
"Construccion e Industria/11-caja-diaria-Ganaderia.xlsx","Caja Diaria","Ganadería","Construcción e Industria","Leche fresca | Queso andino | Yogurt artesanal | Manjar blanco | Vacuno en pie | Ovino | Cuyes | Alimento balanceado"
"Construccion e Industria/12-compras-proveedores-Ganaderia.xlsx","Compras y Proveedores","Ganadería","Construcción e Industria","Leche fresca | Queso andino | Yogurt artesanal | Manjar blanco | Vacuno en pie | Ovino | Cuyes | Alimento balanceado"
"Construccion e Industria/13-balance-general-Ganaderia.xlsx","Balance General","Ganadería","Construcción e Industria","Leche fresca | Queso andino | Yogurt artesanal | Manjar blanco | Vacuno en pie | Ovino | Cuyes | Alimento balanceado"
"Construccion e Industria/14-estado-resultados-Ganaderia.xlsx","Estado de Resultados","Ganadería","Construcción e Industria","Leche fresca | Queso andino | Yogurt artesanal | Manjar blanco | Vacuno en pie | Ovino | Cuyes | Alimento balanceado"
"Construccion e Industria/15-flujo-efectivo-indirecto-Ganaderia.xlsx","Flujo de Efectivo Indirecto","Ganadería","Construcción e Industria","Leche fresca | Queso andino | Yogurt artesanal | Manjar blanco | Vacuno en pie | Ovino | Cuyes | Alimento balanceado"
"Construccion e Industria/16-conciliacion-bancaria-Ganaderia.xlsx","Conciliación Bancaria","Ganadería","Construcción e Industria","Leche fresca | Queso andino | Yogurt artesanal | Manjar blanco | Vacuno en pie | Ovino | Cuyes | Alimento balanceado"
"Construccion e Industria/17-libro-diario-Ganaderia.xlsx","Libro Diario y Mayor","Ganadería","Construcción e Industria","Leche fresca | Queso andino | Yogurt artesanal | Manjar blanco | Vacuno en pie | Ovino | Cuyes | Alimento balanceado"
"Construccion e Industria/18-ratios-financieros-Ganaderia.xlsx","Ratios Financieros","Ganadería","Construcción e Industria","Leche fresca | Queso andino | Yogurt artesanal | Manjar blanco | Vacuno en pie | Ovino | Cuyes | Alimento balanceado"
"Construccion e Industria/19-control-tributario-Ganaderia.xlsx","Control Tributario","Ganadería","Construcción e Industria","Leche fresca | Queso andino | Yogurt artesanal | Manjar blanco | Vacuno en pie | Ovino | Cuyes | Alimento balanceado"
"Construccion e Industria/20-presupuesto-centros-costo-Ganaderia.xlsx","Presupuesto Centros de Costo","Ganadería","Construcción e Industria","Leche fresca | Queso andino | Yogurt artesanal | Manjar blanco | Vacuno en pie | Ovino | Cuyes | Alimento balanceado"
"Construccion e Industria/21-activos-fijos-Ganaderia.xlsx","Activos Fijos y Depreciación","Ganadería","Construcción e Industria","Leche fresca | Queso andino | Yogurt artesanal | Manjar blanco | Vacuno en pie | Ovino | Cuyes | Alimento balanceado"
"Construccion e Industria/22-punto-equilibrio-Ganaderia.xlsx","Punto de Equilibrio","Ganadería","Construcción e Industria","Leche fresca | Queso andino | Yogurt artesanal | Manjar blanco | Vacuno en pie | Ovino | Cuyes | Alimento balanceado"
"Construccion e Industria/23-estados-comparativos-Ganaderia.xlsx","Estados Comparativos 3 Años","Ganadería","Construcción e Industria","Leche fresca | Queso andino | Yogurt artesanal | Manjar blanco | Vacuno en pie | Ovino | Cuyes | Alimento balanceado"
"Construccion e Industria/24-costeo-ordenes-Ganaderia.xlsx","Costeo porÓrdenes de Trabajo","Ganadería","Construcción e Industria","Leche fresca | Queso andino | Yogurt artesanal | Manjar blanco | Vacuno en pie | Ovino | Cuyes | Alimento balanceado"
"Construccion e Industria/25-calculadora-cts-Ganaderia.xlsx","Calculadora CTS","Ganadería","Construcción e Industria","Leche fresca | Queso andino | Yogurt artesanal | Manjar blanco | Vacuno en pie | Ovino | Cuyes | Alimento balanceado"
"Construccion e Industria/26-gratificaciones-Ganaderia.xlsx","Calculadora Gratificaciones","Ganadería","Construcción e Industria","Leche fresca | Queso andino | Yogurt artesanal | Manjar blanco | Vacuno en pie | Ovino | Cuyes | Alimento balanceado"
"Construccion e Industria/27-amortizacion-Ganaderia.xlsx","Cuadro de Amortización","Ganadería","Construcción e Industria","Leche fresca | Queso andino | Yogurt artesanal | Manjar blanco | Vacuno en pie | Ovino | Cuyes | Alimento balanceado"
"Construccion e Industria/28-vacaciones-Ganaderia.xlsx","Calculadora Vacaciones","Ganadería","Construcción e Industria","Leche fresca | Queso andino | Yogurt artesanal | Manjar blanco | Vacuno en pie | Ovino | Cuyes | Alimento balanceado"
"Construccion e Industria/29-afp-onp-Ganaderia.xlsx","Calculadora AFP/ONP","Ganadería","Construcción e Industria","Leche fresca | Queso andino | Yogurt artesanal | Manjar blanco | Vacuno en pie | Ovino | Cuyes | Alimento balanceado"
"Construccion e Industria/30-nomina-Ganaderia.xlsx","Calculadora Nómina","Ganadería","Construcción e Industria","Leche fresca | Queso andino | Yogurt artesanal | Manjar blanco | Vacuno en pie | Ovino | Cuyes | Alimento balanceado"
"Construccion e Industria/31-roi-Ganaderia.xlsx","Calculadora ROI","Ganadería","Construcción e Industria","Leche fresca | Queso andino | Yogurt artesanal | Manjar blanco | Vacuno en pie | Ovino | Cuyes | Alimento balanceado"
"Construccion e Industria/32-ipc-Ganaderia.xlsx","Calculadora IPC","Ganadería","Construcción e Industria","Leche fresca | Queso andino | Yogurt artesanal | Manjar blanco | Vacuno en pie | Ovino | Cuyes | Alimento balanceado"
"Construccion e Industria/33-endeudamiento-Ganaderia.xlsx","Capacidad Endeudamiento","Ganadería","Construcción e Industria","Leche fresca | Queso andino | Yogurt artesanal | Manjar blanco | Vacuno en pie | Ovino | Cuyes | Alimento balanceado"
"Construccion e Industria/34-proyeccion-flujo-Ganaderia.xlsx","Proyección Flujo de Caja","Ganadería","Construcción e Industria","Leche fresca | Queso andino | Yogurt artesanal | Manjar blanco | Vacuno en pie | Ovino | Cuyes | Alimento balanceado"
"Construccion e Industria/01-dashboard-financiero-Pesqueria.xlsx","Dashboard Financiero","Pesquería","Construcción e Industria","Pescado fresco | Mariscos | Harina de pescado | Conchas de abanico | Langostinos | Trucha | Jurel | Bonito"
"Construccion e Industria/02-control-ventas-Pesqueria.xlsx","Control de Ventas","Pesquería","Construcción e Industria","Pescado fresco | Mariscos | Harina de pescado | Conchas de abanico | Langostinos | Trucha | Jurel | Bonito"
"Construccion e Industria/03-inventario-Pesqueria.xlsx","Control de Inventario","Pesquería","Construcción e Industria","Pescado fresco | Mariscos | Harina de pescado | Conchas de abanico | Langostinos | Trucha | Jurel | Bonito"
"Construccion e Industria/04-presupuesto-anual-Pesqueria.xlsx","Presupuesto Anual","Pesquería","Construcción e Industria","Pescado fresco | Mariscos | Harina de pescado | Conchas de abanico | Langostinos | Trucha | Jurel | Bonito"
"Construccion e Industria/05-flujo-de-caja-Pesqueria.xlsx","Flujo de Caja","Pesquería","Construcción e Industria","Pescado fresco | Mariscos | Harina de pescado | Conchas de abanico | Langostinos | Trucha | Jurel | Bonito"
"Construccion e Industria/06-gestion-proyectos-Pesqueria.xlsx","Gestión de Proyectos","Pesquería","Construcción e Industria","Pescado fresco | Mariscos | Harina de pescado | Conchas de abanico | Langostinos | Trucha | Jurel | Bonito"
"Construccion e Industria/07-analisis-kpis-Pesqueria.xlsx","Análisis de KPIs","Pesquería","Construcción e Industria","Pescado fresco | Mariscos | Harina de pescado | Conchas de abanico | Langostinos | Trucha | Jurel | Bonito"
"Construccion e Industria/08-control-gastos-Pesqueria.xlsx","Control de Gastos","Pesquería","Construcción e Industria","Pescado fresco | Mariscos | Harina de pescado | Conchas de abanico | Langostinos | Trucha | Jurel | Bonito"
"Construccion e Industria/09-planilla-personal-Pesqueria.xlsx","Planilla de Personal","Pesquería","Construcción e Industria","Pescado fresco | Mariscos | Harina de pescado | Conchas de abanico | Langostinos | Trucha | Jurel | Bonito"
"Construccion e Industria/10-cuentas-por-cobrar-Pesqueria.xlsx","Cuentas por Cobrar","Pesquería","Construcción e Industria","Pescado fresco | Mariscos | Harina de pescado | Conchas de abanico | Langostinos | Trucha | Jurel | Bonito"
"Construccion e Industria/11-caja-diaria-Pesqueria.xlsx","Caja Diaria","Pesquería","Construcción e Industria","Pescado fresco | Mariscos | Harina de pescado | Conchas de abanico | Langostinos | Trucha | Jurel | Bonito"
"Construccion e Industria/12-compras-proveedores-Pesqueria.xlsx","Compras y Proveedores","Pesquería","Construcción e Industria","Pescado fresco | Mariscos | Harina de pescado | Conchas de abanico | Langostinos | Trucha | Jurel | Bonito"
"Construccion e Industria/13-balance-general-Pesqueria.xlsx","Balance General","Pesquería","Construcción e Industria","Pescado fresco | Mariscos | Harina de pescado | Conchas de abanico | Langostinos | Trucha | Jurel | Bonito"
"Construccion e Industria/14-estado-resultados-Pesqueria.xlsx","Estado de Resultados","Pesquería","Construcción e Industria","Pescado fresco | Mariscos | Harina de pescado | Conchas de abanico | Langostinos | Trucha | Jurel | Bonito"
"Construccion e Industria/15-flujo-efectivo-indirecto-Pesqueria.xlsx","Flujo de Efectivo Indirecto","Pesquería","Construcción e Industria","Pescado fresco | Mariscos | Harina de pescado | Conchas de abanico | Langostinos | Trucha | Jurel | Bonito"
"Construccion e Industria/16-conciliacion-bancaria-Pesqueria.xlsx","Conciliación Bancaria","Pesquería","Construcción e Industria","Pescado fresco | Mariscos | Harina de pescado | Conchas de abanico | Langostinos | Trucha | Jurel | Bonito"
"Construccion e Industria/17-libro-diario-Pesqueria.xlsx","Libro Diario y Mayor","Pesquería","Construcción e Industria","Pescado fresco | Mariscos | Harina de pescado | Conchas de abanico | Langostinos | Trucha | Jurel | Bonito"
"Construccion e Industria/18-ratios-financieros-Pesqueria.xlsx","Ratios Financieros","Pesquería","Construcción e Industria","Pescado fresco | Mariscos | Harina de pescado | Conchas de abanico | Langostinos | Trucha | Jurel | Bonito"
"Construccion e Industria/19-control-tributario-Pesqueria.xlsx","Control Tributario","Pesquería","Construcción e Industria","Pescado fresco | Mariscos | Harina de pescado | Conchas de abanico | Langostinos | Trucha | Jurel | Bonito"
"Construccion e Industria/20-presupuesto-centros-costo-Pesqueria.xlsx","Presupuesto Centros de Costo","Pesquería","Construcción e Industria","Pescado fresco | Mariscos | Harina de pescado | Conchas de abanico | Langostinos | Trucha | Jurel | Bonito"
"Construccion e Industria/21-activos-fijos-Pesqueria.xlsx","Activos Fijos y Depreciación","Pesquería","Construcción e Industria","Pescado fresco | Mariscos | Harina de pescado | Conchas de abanico | Langostinos | Trucha | Jurel | Bonito"
"Construccion e Industria/22-punto-equilibrio-Pesqueria.xlsx","Punto de Equilibrio","Pesquería","Construcción e Industria","Pescado fresco | Mariscos | Harina de pescado | Conchas de abanico | Langostinos | Trucha | Jurel | Bonito"
"Construccion e Industria/23-estados-comparativos-Pesqueria.xlsx","Estados Comparativos 3 Años","Pesquería","Construcción e Industria","Pescado fresco | Mariscos | Harina de pescado | Conchas de abanico | Langostinos | Trucha | Jurel | Bonito"
"Construccion e Industria/24-costeo-ordenes-Pesqueria.xlsx","Costeo porÓrdenes de Trabajo","Pesquería","Construcción e Industria","Pescado fresco | Mariscos | Harina de pescado | Conchas de abanico | Langostinos | Trucha | Jurel | Bonito"
"Construccion e Industria/25-calculadora-cts-Pesqueria.xlsx","Calculadora CTS","Pesquería","Construcción e Industria","Pescado fresco | Mariscos | Harina de pescado | Conchas de abanico | Langostinos | Trucha | Jurel | Bonito"
"Construccion e Industria/26-gratificaciones-Pesqueria.xlsx","Calculadora Gratificaciones","Pesquería","Construcción e Industria","Pescado fresco | Mariscos | Harina de pescado | Conchas de abanico | Langostinos | Trucha | Jurel | Bonito"
"Construccion e Industria/27-amortizacion-Pesqueria.xlsx","Cuadro de Amortización","Pesquería","Construcción e Industria","Pescado fresco | Mariscos | Harina de pescado | Conchas de abanico | Langostinos | Trucha | Jurel | Bonito"
"Construccion e Industria/28-vacaciones-Pesqueria.xlsx","Calculadora Vacaciones","Pesquería","Construcción e Industria","Pescado fresco | Mariscos | Harina de pescado | Conchas de abanico | Langostinos | Trucha | Jurel | Bonito"
"Construccion e Industria/29-afp-onp-Pesqueria.xlsx","Calculadora AFP/ONP","Pesquería","Construcción e Industria","Pescado fresco | Mariscos | Harina de pescado | Conchas de abanico | Langostinos | Trucha | Jurel | Bonito"
"Construccion e Industria/30-nomina-Pesqueria.xlsx","Calculadora Nómina","Pesquería","Construcción e Industria","Pescado fresco | Mariscos | Harina de pescado | Conchas de abanico | Langostinos | Trucha | Jurel | Bonito"
"Construccion e Industria/31-roi-Pesqueria.xlsx","Calculadora ROI","Pesquería","Construcción e Industria","Pescado fresco | Mariscos | Harina de pescado | Conchas de abanico | Langostinos | Trucha | Jurel | Bonito"
"Construccion e Industria/32-ipc-Pesqueria.xlsx","Calculadora IPC","Pesquería","Construcción e Industria","Pescado fresco | Mariscos | Harina de pescado | Conchas de abanico | Langostinos | Trucha | Jurel | Bonito"
"Construccion e Industria/33-endeudamiento-Pesqueria.xlsx","Capacidad Endeudamiento","Pesquería","Construcción e Industria","Pescado fresco | Mariscos | Harina de pescado | Conchas de abanico | Langostinos | Trucha | Jurel | Bonito"
"Construccion e Industria/34-proyeccion-flujo-Pesqueria.xlsx","Proyección Flujo de Caja","Pesquería","Construcción e Industria","Pescado fresco | Mariscos | Harina de pescado | Conchas de abanico | Langostinos | Trucha | Jurel | Bonito"
"Construccion e Industria/01-dashboard-financiero-Mineria Artesanal.xlsx","Dashboard Financiero","Minería Artesanal","Construcción e Industria","Oro | Plata | Cobre | Piedra caliza | Yeso | Arcilla | Arena | Ripio"
"Construccion e Industria/02-control-ventas-Mineria Artesanal.xlsx","Control de Ventas","Minería Artesanal","Construcción e Industria","Oro | Plata | Cobre | Piedra caliza | Yeso | Arcilla | Arena | Ripio"
"Construccion e Industria/03-inventario-Mineria Artesanal.xlsx","Control de Inventario","Minería Artesanal","Construcción e Industria","Oro | Plata | Cobre | Piedra caliza | Yeso | Arcilla | Arena | Ripio"
"Construccion e Industria/04-presupuesto-anual-Mineria Artesanal.xlsx","Presupuesto Anual","Minería Artesanal","Construcción e Industria","Oro | Plata | Cobre | Piedra caliza | Yeso | Arcilla | Arena | Ripio"
"Construccion e Industria/05-flujo-de-caja-Mineria Artesanal.xlsx","Flujo de Caja","Minería Artesanal","Construcción e Industria","Oro | Plata | Cobre | Piedra caliza | Yeso | Arcilla | Arena | Ripio"
"Construccion e Industria/06-gestion-proyectos-Mineria Artesanal.xlsx","Gestión de Proyectos","Minería Artesanal","Construcción e Industria","Oro | Plata | Cobre | Piedra caliza | Yeso | Arcilla | Arena | Ripio"
"Construccion e Industria/07-analisis-kpis-Mineria Artesanal.xlsx","Análisis de KPIs","Minería Artesanal","Construcción e Industria","Oro | Plata | Cobre | Piedra caliza | Yeso | Arcilla | Arena | Ripio"
"Construccion e Industria/08-control-gastos-Mineria Artesanal.xlsx","Control de Gastos","Minería Artesanal","Construcción e Industria","Oro | Plata | Cobre | Piedra caliza | Yeso | Arcilla | Arena | Ripio"
"Construccion e Industria/09-planilla-personal-Mineria Artesanal.xlsx","Planilla de Personal","Minería Artesanal","Construcción e Industria","Oro | Plata | Cobre | Piedra caliza | Yeso | Arcilla | Arena | Ripio"
"Construccion e Industria/10-cuentas-por-cobrar-Mineria Artesanal.xlsx","Cuentas por Cobrar","Minería Artesanal","Construcción e Industria","Oro | Plata | Cobre | Piedra caliza | Yeso | Arcilla | Arena | Ripio"
"Construccion e Industria/11-caja-diaria-Mineria Artesanal.xlsx","Caja Diaria","Minería Artesanal","Construcción e Industria","Oro | Plata | Cobre | Piedra caliza | Yeso | Arcilla | Arena | Ripio"
"Construccion e Industria/12-compras-proveedores-Mineria Artesanal.xlsx","Compras y Proveedores","Minería Artesanal","Construcción e Industria","Oro | Plata | Cobre | Piedra caliza | Yeso | Arcilla | Arena | Ripio"
"Construccion e Industria/13-balance-general-Mineria Artesanal.xlsx","Balance General","Minería Artesanal","Construcción e Industria","Oro | Plata | Cobre | Piedra caliza | Yeso | Arcilla | Arena | Ripio"
"Construccion e Industria/14-estado-resultados-Mineria Artesanal.xlsx","Estado de Resultados","Minería Artesanal","Construcción e Industria","Oro | Plata | Cobre | Piedra caliza | Yeso | Arcilla | Arena | Ripio"
"Construccion e Industria/15-flujo-efectivo-indirecto-Mineria Artesanal.xlsx","Flujo de Efectivo Indirecto","Minería Artesanal","Construcción e Industria","Oro | Plata | Cobre | Piedra caliza | Yeso | Arcilla | Arena | Ripio"
"Construccion e Industria/16-conciliacion-bancaria-Mineria Artesanal.xlsx","Conciliación Bancaria","Minería Artesanal","Construcción e Industria","Oro | Plata | Cobre | Piedra caliza | Yeso | Arcilla | Arena | Ripio"
"Construccion e Industria/17-libro-diario-Mineria Artesanal.xlsx","Libro Diario y Mayor","Minería Artesanal","Construcción e Industria","Oro | Plata | Cobre | Piedra caliza | Yeso | Arcilla | Arena | Ripio"
"Construccion e Industria/18-ratios-financieros-Mineria Artesanal.xlsx","Ratios Financieros","Minería Artesanal","Construcción e Industria","Oro | Plata | Cobre | Piedra caliza | Yeso | Arcilla | Arena | Ripio"
"Construccion e Industria/19-control-tributario-Mineria Artesanal.xlsx","Control Tributario","Minería Artesanal","Construcción e Industria","Oro | Plata | Cobre | Piedra caliza | Yeso | Arcilla | Arena | Ripio"
"Construccion e Industria/20-presupuesto-centros-costo-Mineria Artesanal.xlsx","Presupuesto Centros de Costo","Minería Artesanal","Construcción e Industria","Oro | Plata | Cobre | Piedra caliza | Yeso | Arcilla | Arena | Ripio"
"Construccion e Industria/21-activos-fijos-Mineria Artesanal.xlsx","Activos Fijos y Depreciación","Minería Artesanal","Construcción e Industria","Oro | Plata | Cobre | Piedra caliza | Yeso | Arcilla | Arena | Ripio"
"Construccion e Industria/22-punto-equilibrio-Mineria Artesanal.xlsx","Punto de Equilibrio","Minería Artesanal","Construcción e Industria","Oro | Plata | Cobre | Piedra caliza | Yeso | Arcilla | Arena | Ripio"
"Construccion e Industria/23-estados-comparativos-Mineria Artesanal.xlsx","Estados Comparativos 3 Años","Minería Artesanal","Construcción e Industria","Oro | Plata | Cobre | Piedra caliza | Yeso | Arcilla | Arena | Ripio"
"Construccion e Industria/24-costeo-ordenes-Mineria Artesanal.xlsx","Costeo porÓrdenes de Trabajo","Minería Artesanal","Construcción e Industria","Oro | Plata | Cobre | Piedra caliza | Yeso | Arcilla | Arena | Ripio"
"Construccion e Industria/25-calculadora-cts-Mineria Artesanal.xlsx","Calculadora CTS","Minería Artesanal","Construcción e Industria","Oro | Plata | Cobre | Piedra caliza | Yeso | Arcilla | Arena | Ripio"
"Construccion e Industria/26-gratificaciones-Mineria Artesanal.xlsx","Calculadora Gratificaciones","Minería Artesanal","Construcción e Industria","Oro | Plata | Cobre | Piedra caliza | Yeso | Arcilla | Arena | Ripio"
"Construccion e Industria/27-amortizacion-Mineria Artesanal.xlsx","Cuadro de Amortización","Minería Artesanal","Construcción e Industria","Oro | Plata | Cobre | Piedra caliza | Yeso | Arcilla | Arena | Ripio"
"Construccion e Industria/28-vacaciones-Mineria Artesanal.xlsx","Calculadora Vacaciones","Minería Artesanal","Construcción e Industria","Oro | Plata | Cobre | Piedra caliza | Yeso | Arcilla | Arena | Ripio"
"Construccion e Industria/29-afp-onp-Mineria Artesanal.xlsx","Calculadora AFP/ONP","Minería Artesanal","Construcción e Industria","Oro | Plata | Cobre | Piedra caliza | Yeso | Arcilla | Arena | Ripio"
"Construccion e Industria/30-nomina-Mineria Artesanal.xlsx","Calculadora Nómina","Minería Artesanal","Construcción e Industria","Oro | Plata | Cobre | Piedra caliza | Yeso | Arcilla | Arena | Ripio"
"Construccion e Industria/31-roi-Mineria Artesanal.xlsx","Calculadora ROI","Minería Artesanal","Construcción e Industria","Oro | Plata | Cobre | Piedra caliza | Yeso | Arcilla | Arena | Ripio"
"Construccion e Industria/32-ipc-Mineria Artesanal.xlsx","Calculadora IPC","Minería Artesanal","Construcción e Industria","Oro | Plata | Cobre | Piedra caliza | Yeso | Arcilla | Arena | Ripio"
"Construccion e Industria/33-endeudamiento-Mineria Artesanal.xlsx","Capacidad Endeudamiento","Minería Artesanal","Construcción e Industria","Oro | Plata | Cobre | Piedra caliza | Yeso | Arcilla | Arena | Ripio"
"Construccion e Industria/34-proyeccion-flujo-Mineria Artesanal.xlsx","Proyección Flujo de Caja","Minería Artesanal","Construcción e Industria","Oro | Plata | Cobre | Piedra caliza | Yeso | Arcilla | Arena | Ripio"
"Construccion e Industria/01-dashboard-financiero-Fabrica de Hielo.xlsx","Dashboard Financiero","Fábrica de Hielo","Construcción e Industria","Paquete de hielo 2kg | Hielo por mayor | Hielo triturado | Hielo para pesca | Hielo para eventos | Bloque de hielo | Hielo para restaurantes | Entrega a domicilio"
"Construccion e Industria/02-control-ventas-Fabrica de Hielo.xlsx","Control de Ventas","Fábrica de Hielo","Construcción e Industria","Paquete de hielo 2kg | Hielo por mayor | Hielo triturado | Hielo para pesca | Hielo para eventos | Bloque de hielo | Hielo para restaurantes | Entrega a domicilio"
"Construccion e Industria/03-inventario-Fabrica de Hielo.xlsx","Control de Inventario","Fábrica de Hielo","Construcción e Industria","Paquete de hielo 2kg | Hielo por mayor | Hielo triturado | Hielo para pesca | Hielo para eventos | Bloque de hielo | Hielo para restaurantes | Entrega a domicilio"
"Construccion e Industria/04-presupuesto-anual-Fabrica de Hielo.xlsx","Presupuesto Anual","Fábrica de Hielo","Construcción e Industria","Paquete de hielo 2kg | Hielo por mayor | Hielo triturado | Hielo para pesca | Hielo para eventos | Bloque de hielo | Hielo para restaurantes | Entrega a domicilio"
"Construccion e Industria/05-flujo-de-caja-Fabrica de Hielo.xlsx","Flujo de Caja","Fábrica de Hielo","Construcción e Industria","Paquete de hielo 2kg | Hielo por mayor | Hielo triturado | Hielo para pesca | Hielo para eventos | Bloque de hielo | Hielo para restaurantes | Entrega a domicilio"
"Construccion e Industria/06-gestion-proyectos-Fabrica de Hielo.xlsx","Gestión de Proyectos","Fábrica de Hielo","Construcción e Industria","Paquete de hielo 2kg | Hielo por mayor | Hielo triturado | Hielo para pesca | Hielo para eventos | Bloque de hielo | Hielo para restaurantes | Entrega a domicilio"
"Construccion e Industria/07-analisis-kpis-Fabrica de Hielo.xlsx","Análisis de KPIs","Fábrica de Hielo","Construcción e Industria","Paquete de hielo 2kg | Hielo por mayor | Hielo triturado | Hielo para pesca | Hielo para eventos | Bloque de hielo | Hielo para restaurantes | Entrega a domicilio"
"Construccion e Industria/08-control-gastos-Fabrica de Hielo.xlsx","Control de Gastos","Fábrica de Hielo","Construcción e Industria","Paquete de hielo 2kg | Hielo por mayor | Hielo triturado | Hielo para pesca | Hielo para eventos | Bloque de hielo | Hielo para restaurantes | Entrega a domicilio"
"Construccion e Industria/09-planilla-personal-Fabrica de Hielo.xlsx","Planilla de Personal","Fábrica de Hielo","Construcción e Industria","Paquete de hielo 2kg | Hielo por mayor | Hielo triturado | Hielo para pesca | Hielo para eventos | Bloque de hielo | Hielo para restaurantes | Entrega a domicilio"
"Construccion e Industria/10-cuentas-por-cobrar-Fabrica de Hielo.xlsx","Cuentas por Cobrar","Fábrica de Hielo","Construcción e Industria","Paquete de hielo 2kg | Hielo por mayor | Hielo triturado | Hielo para pesca | Hielo para eventos | Bloque de hielo | Hielo para restaurantes | Entrega a domicilio"
"Construccion e Industria/11-caja-diaria-Fabrica de Hielo.xlsx","Caja Diaria","Fábrica de Hielo","Construcción e Industria","Paquete de hielo 2kg | Hielo por mayor | Hielo triturado | Hielo para pesca | Hielo para eventos | Bloque de hielo | Hielo para restaurantes | Entrega a domicilio"
"Construccion e Industria/12-compras-proveedores-Fabrica de Hielo.xlsx","Compras y Proveedores","Fábrica de Hielo","Construcción e Industria","Paquete de hielo 2kg | Hielo por mayor | Hielo triturado | Hielo para pesca | Hielo para eventos | Bloque de hielo | Hielo para restaurantes | Entrega a domicilio"
"Construccion e Industria/13-balance-general-Fabrica de Hielo.xlsx","Balance General","Fábrica de Hielo","Construcción e Industria","Paquete de hielo 2kg | Hielo por mayor | Hielo triturado | Hielo para pesca | Hielo para eventos | Bloque de hielo | Hielo para restaurantes | Entrega a domicilio"
"Construccion e Industria/14-estado-resultados-Fabrica de Hielo.xlsx","Estado de Resultados","Fábrica de Hielo","Construcción e Industria","Paquete de hielo 2kg | Hielo por mayor | Hielo triturado | Hielo para pesca | Hielo para eventos | Bloque de hielo | Hielo para restaurantes | Entrega a domicilio"
"Construccion e Industria/15-flujo-efectivo-indirecto-Fabrica de Hielo.xlsx","Flujo de Efectivo Indirecto","Fábrica de Hielo","Construcción e Industria","Paquete de hielo 2kg | Hielo por mayor | Hielo triturado | Hielo para pesca | Hielo para eventos | Bloque de hielo | Hielo para restaurantes | Entrega a domicilio"
"Construccion e Industria/16-conciliacion-bancaria-Fabrica de Hielo.xlsx","Conciliación Bancaria","Fábrica de Hielo","Construcción e Industria","Paquete de hielo 2kg | Hielo por mayor | Hielo triturado | Hielo para pesca | Hielo para eventos | Bloque de hielo | Hielo para restaurantes | Entrega a domicilio"
"Construccion e Industria/17-libro-diario-Fabrica de Hielo.xlsx","Libro Diario y Mayor","Fábrica de Hielo","Construcción e Industria","Paquete de hielo 2kg | Hielo por mayor | Hielo triturado | Hielo para pesca | Hielo para eventos | Bloque de hielo | Hielo para restaurantes | Entrega a domicilio"
"Construccion e Industria/18-ratios-financieros-Fabrica de Hielo.xlsx","Ratios Financieros","Fábrica de Hielo","Construcción e Industria","Paquete de hielo 2kg | Hielo por mayor | Hielo triturado | Hielo para pesca | Hielo para eventos | Bloque de hielo | Hielo para restaurantes | Entrega a domicilio"
"Construccion e Industria/19-control-tributario-Fabrica de Hielo.xlsx","Control Tributario","Fábrica de Hielo","Construcción e Industria","Paquete de hielo 2kg | Hielo por mayor | Hielo triturado | Hielo para pesca | Hielo para eventos | Bloque de hielo | Hielo para restaurantes | Entrega a domicilio"
"Construccion e Industria/20-presupuesto-centros-costo-Fabrica de Hielo.xlsx","Presupuesto Centros de Costo","Fábrica de Hielo","Construcción e Industria","Paquete de hielo 2kg | Hielo por mayor | Hielo triturado | Hielo para pesca | Hielo para eventos | Bloque de hielo | Hielo para restaurantes | Entrega a domicilio"
"Construccion e Industria/21-activos-fijos-Fabrica de Hielo.xlsx","Activos Fijos y Depreciación","Fábrica de Hielo","Construcción e Industria","Paquete de hielo 2kg | Hielo por mayor | Hielo triturado | Hielo para pesca | Hielo para eventos | Bloque de hielo | Hielo para restaurantes | Entrega a domicilio"
"Construccion e Industria/22-punto-equilibrio-Fabrica de Hielo.xlsx","Punto de Equilibrio","Fábrica de Hielo","Construcción e Industria","Paquete de hielo 2kg | Hielo por mayor | Hielo triturado | Hielo para pesca | Hielo para eventos | Bloque de hielo | Hielo para restaurantes | Entrega a domicilio"
"Construccion e Industria/23-estados-comparativos-Fabrica de Hielo.xlsx","Estados Comparativos 3 Años","Fábrica de Hielo","Construcción e Industria","Paquete de hielo 2kg | Hielo por mayor | Hielo triturado | Hielo para pesca | Hielo para eventos | Bloque de hielo | Hielo para restaurantes | Entrega a domicilio"
"Construccion e Industria/24-costeo-ordenes-Fabrica de Hielo.xlsx","Costeo porÓrdenes de Trabajo","Fábrica de Hielo","Construcción e Industria","Paquete de hielo 2kg | Hielo por mayor | Hielo triturado | Hielo para pesca | Hielo para eventos | Bloque de hielo | Hielo para restaurantes | Entrega a domicilio"
"Construccion e Industria/25-calculadora-cts-Fabrica de Hielo.xlsx","Calculadora CTS","Fábrica de Hielo","Construcción e Industria","Paquete de hielo 2kg | Hielo por mayor | Hielo triturado | Hielo para pesca | Hielo para eventos | Bloque de hielo | Hielo para restaurantes | Entrega a domicilio"
"Construccion e Industria/26-gratificaciones-Fabrica de Hielo.xlsx","Calculadora Gratificaciones","Fábrica de Hielo","Construcción e Industria","Paquete de hielo 2kg | Hielo por mayor | Hielo triturado | Hielo para pesca | Hielo para eventos | Bloque de hielo | Hielo para restaurantes | Entrega a domicilio"
"Construccion e Industria/27-amortizacion-Fabrica de Hielo.xlsx","Cuadro de Amortización","Fábrica de Hielo","Construcción e Industria","Paquete de hielo 2kg | Hielo por mayor | Hielo triturado | Hielo para pesca | Hielo para eventos | Bloque de hielo | Hielo para restaurantes | Entrega a domicilio"
"Construccion e Industria/28-vacaciones-Fabrica de Hielo.xlsx","Calculadora Vacaciones","Fábrica de Hielo","Construcción e Industria","Paquete de hielo 2kg | Hielo por mayor | Hielo triturado | Hielo para pesca | Hielo para eventos | Bloque de hielo | Hielo para restaurantes | Entrega a domicilio"
"Construccion e Industria/29-afp-onp-Fabrica de Hielo.xlsx","Calculadora AFP/ONP","Fábrica de Hielo","Construcción e Industria","Paquete de hielo 2kg | Hielo por mayor | Hielo triturado | Hielo para pesca | Hielo para eventos | Bloque de hielo | Hielo para restaurantes | Entrega a domicilio"
"Construccion e Industria/30-nomina-Fabrica de Hielo.xlsx","Calculadora Nómina","Fábrica de Hielo","Construcción e Industria","Paquete de hielo 2kg | Hielo por mayor | Hielo triturado | Hielo para pesca | Hielo para eventos | Bloque de hielo | Hielo para restaurantes | Entrega a domicilio"
"Construccion e Industria/31-roi-Fabrica de Hielo.xlsx","Calculadora ROI","Fábrica de Hielo","Construcción e Industria","Paquete de hielo 2kg | Hielo por mayor | Hielo triturado | Hielo para pesca | Hielo para eventos | Bloque de hielo | Hielo para restaurantes | Entrega a domicilio"
"Construccion e Industria/32-ipc-Fabrica de Hielo.xlsx","Calculadora IPC","Fábrica de Hielo","Construcción e Industria","Paquete de hielo 2kg | Hielo por mayor | Hielo triturado | Hielo para pesca | Hielo para eventos | Bloque de hielo | Hielo para restaurantes | Entrega a domicilio"
"Construccion e Industria/33-endeudamiento-Fabrica de Hielo.xlsx","Capacidad Endeudamiento","Fábrica de Hielo","Construcción e Industria","Paquete de hielo 2kg | Hielo por mayor | Hielo triturado | Hielo para pesca | Hielo para eventos | Bloque de hielo | Hielo para restaurantes | Entrega a domicilio"
"Construccion e Industria/34-proyeccion-flujo-Fabrica de Hielo.xlsx","Proyección Flujo de Caja","Fábrica de Hielo","Construcción e Industria","Paquete de hielo 2kg | Hielo por mayor | Hielo triturado | Hielo para pesca | Hielo para eventos | Bloque de hielo | Hielo para restaurantes | Entrega a domicilio"
"Entretenimiento/01-dashboard-financiero-Discoteca.xlsx","Dashboard Financiero","Discoteca","Entretenimiento","Entrada general | Entrada VIP | Mesa reservada | Botella de licor | Jarra de cóctel | Cerveza | Energizante | Cumpleaños"
"Entretenimiento/02-control-ventas-Discoteca.xlsx","Control de Ventas","Discoteca","Entretenimiento","Entrada general | Entrada VIP | Mesa reservada | Botella de licor | Jarra de cóctel | Cerveza | Energizante | Cumpleaños"
"Entretenimiento/03-inventario-Discoteca.xlsx","Control de Inventario","Discoteca","Entretenimiento","Entrada general | Entrada VIP | Mesa reservada | Botella de licor | Jarra de cóctel | Cerveza | Energizante | Cumpleaños"
"Entretenimiento/04-presupuesto-anual-Discoteca.xlsx","Presupuesto Anual","Discoteca","Entretenimiento","Entrada general | Entrada VIP | Mesa reservada | Botella de licor | Jarra de cóctel | Cerveza | Energizante | Cumpleaños"
"Entretenimiento/05-flujo-de-caja-Discoteca.xlsx","Flujo de Caja","Discoteca","Entretenimiento","Entrada general | Entrada VIP | Mesa reservada | Botella de licor | Jarra de cóctel | Cerveza | Energizante | Cumpleaños"
"Entretenimiento/06-gestion-proyectos-Discoteca.xlsx","Gestión de Proyectos","Discoteca","Entretenimiento","Entrada general | Entrada VIP | Mesa reservada | Botella de licor | Jarra de cóctel | Cerveza | Energizante | Cumpleaños"
"Entretenimiento/07-analisis-kpis-Discoteca.xlsx","Análisis de KPIs","Discoteca","Entretenimiento","Entrada general | Entrada VIP | Mesa reservada | Botella de licor | Jarra de cóctel | Cerveza | Energizante | Cumpleaños"
"Entretenimiento/08-control-gastos-Discoteca.xlsx","Control de Gastos","Discoteca","Entretenimiento","Entrada general | Entrada VIP | Mesa reservada | Botella de licor | Jarra de cóctel | Cerveza | Energizante | Cumpleaños"
"Entretenimiento/09-planilla-personal-Discoteca.xlsx","Planilla de Personal","Discoteca","Entretenimiento","Entrada general | Entrada VIP | Mesa reservada | Botella de licor | Jarra de cóctel | Cerveza | Energizante | Cumpleaños"
"Entretenimiento/10-cuentas-por-cobrar-Discoteca.xlsx","Cuentas por Cobrar","Discoteca","Entretenimiento","Entrada general | Entrada VIP | Mesa reservada | Botella de licor | Jarra de cóctel | Cerveza | Energizante | Cumpleaños"
"Entretenimiento/11-caja-diaria-Discoteca.xlsx","Caja Diaria","Discoteca","Entretenimiento","Entrada general | Entrada VIP | Mesa reservada | Botella de licor | Jarra de cóctel | Cerveza | Energizante | Cumpleaños"
"Entretenimiento/12-compras-proveedores-Discoteca.xlsx","Compras y Proveedores","Discoteca","Entretenimiento","Entrada general | Entrada VIP | Mesa reservada | Botella de licor | Jarra de cóctel | Cerveza | Energizante | Cumpleaños"
"Entretenimiento/13-balance-general-Discoteca.xlsx","Balance General","Discoteca","Entretenimiento","Entrada general | Entrada VIP | Mesa reservada | Botella de licor | Jarra de cóctel | Cerveza | Energizante | Cumpleaños"
"Entretenimiento/14-estado-resultados-Discoteca.xlsx","Estado de Resultados","Discoteca","Entretenimiento","Entrada general | Entrada VIP | Mesa reservada | Botella de licor | Jarra de cóctel | Cerveza | Energizante | Cumpleaños"
"Entretenimiento/15-flujo-efectivo-indirecto-Discoteca.xlsx","Flujo de Efectivo Indirecto","Discoteca","Entretenimiento","Entrada general | Entrada VIP | Mesa reservada | Botella de licor | Jarra de cóctel | Cerveza | Energizante | Cumpleaños"
"Entretenimiento/16-conciliacion-bancaria-Discoteca.xlsx","Conciliación Bancaria","Discoteca","Entretenimiento","Entrada general | Entrada VIP | Mesa reservada | Botella de licor | Jarra de cóctel | Cerveza | Energizante | Cumpleaños"
"Entretenimiento/17-libro-diario-Discoteca.xlsx","Libro Diario y Mayor","Discoteca","Entretenimiento","Entrada general | Entrada VIP | Mesa reservada | Botella de licor | Jarra de cóctel | Cerveza | Energizante | Cumpleaños"
"Entretenimiento/18-ratios-financieros-Discoteca.xlsx","Ratios Financieros","Discoteca","Entretenimiento","Entrada general | Entrada VIP | Mesa reservada | Botella de licor | Jarra de cóctel | Cerveza | Energizante | Cumpleaños"
"Entretenimiento/19-control-tributario-Discoteca.xlsx","Control Tributario","Discoteca","Entretenimiento","Entrada general | Entrada VIP | Mesa reservada | Botella de licor | Jarra de cóctel | Cerveza | Energizante | Cumpleaños"
"Entretenimiento/20-presupuesto-centros-costo-Discoteca.xlsx","Presupuesto Centros de Costo","Discoteca","Entretenimiento","Entrada general | Entrada VIP | Mesa reservada | Botella de licor | Jarra de cóctel | Cerveza | Energizante | Cumpleaños"
"Entretenimiento/21-activos-fijos-Discoteca.xlsx","Activos Fijos y Depreciación","Discoteca","Entretenimiento","Entrada general | Entrada VIP | Mesa reservada | Botella de licor | Jarra de cóctel | Cerveza | Energizante | Cumpleaños"
"Entretenimiento/22-punto-equilibrio-Discoteca.xlsx","Punto de Equilibrio","Discoteca","Entretenimiento","Entrada general | Entrada VIP | Mesa reservada | Botella de licor | Jarra de cóctel | Cerveza | Energizante | Cumpleaños"
"Entretenimiento/23-estados-comparativos-Discoteca.xlsx","Estados Comparativos 3 Años","Discoteca","Entretenimiento","Entrada general | Entrada VIP | Mesa reservada | Botella de licor | Jarra de cóctel | Cerveza | Energizante | Cumpleaños"
"Entretenimiento/24-costeo-ordenes-Discoteca.xlsx","Costeo porÓrdenes de Trabajo","Discoteca","Entretenimiento","Entrada general | Entrada VIP | Mesa reservada | Botella de licor | Jarra de cóctel | Cerveza | Energizante | Cumpleaños"
"Entretenimiento/25-calculadora-cts-Discoteca.xlsx","Calculadora CTS","Discoteca","Entretenimiento","Entrada general | Entrada VIP | Mesa reservada | Botella de licor | Jarra de cóctel | Cerveza | Energizante | Cumpleaños"
"Entretenimiento/26-gratificaciones-Discoteca.xlsx","Calculadora Gratificaciones","Discoteca","Entretenimiento","Entrada general | Entrada VIP | Mesa reservada | Botella de licor | Jarra de cóctel | Cerveza | Energizante | Cumpleaños"
"Entretenimiento/27-amortizacion-Discoteca.xlsx","Cuadro de Amortización","Discoteca","Entretenimiento","Entrada general | Entrada VIP | Mesa reservada | Botella de licor | Jarra de cóctel | Cerveza | Energizante | Cumpleaños"
"Entretenimiento/28-vacaciones-Discoteca.xlsx","Calculadora Vacaciones","Discoteca","Entretenimiento","Entrada general | Entrada VIP | Mesa reservada | Botella de licor | Jarra de cóctel | Cerveza | Energizante | Cumpleaños"
"Entretenimiento/29-afp-onp-Discoteca.xlsx","Calculadora AFP/ONP","Discoteca","Entretenimiento","Entrada general | Entrada VIP | Mesa reservada | Botella de licor | Jarra de cóctel | Cerveza | Energizante | Cumpleaños"
"Entretenimiento/30-nomina-Discoteca.xlsx","Calculadora Nómina","Discoteca","Entretenimiento","Entrada general | Entrada VIP | Mesa reservada | Botella de licor | Jarra de cóctel | Cerveza | Energizante | Cumpleaños"
"Entretenimiento/31-roi-Discoteca.xlsx","Calculadora ROI","Discoteca","Entretenimiento","Entrada general | Entrada VIP | Mesa reservada | Botella de licor | Jarra de cóctel | Cerveza | Energizante | Cumpleaños"
"Entretenimiento/32-ipc-Discoteca.xlsx","Calculadora IPC","Discoteca","Entretenimiento","Entrada general | Entrada VIP | Mesa reservada | Botella de licor | Jarra de cóctel | Cerveza | Energizante | Cumpleaños"
"Entretenimiento/33-endeudamiento-Discoteca.xlsx","Capacidad Endeudamiento","Discoteca","Entretenimiento","Entrada general | Entrada VIP | Mesa reservada | Botella de licor | Jarra de cóctel | Cerveza | Energizante | Cumpleaños"
"Entretenimiento/34-proyeccion-flujo-Discoteca.xlsx","Proyección Flujo de Caja","Discoteca","Entretenimiento","Entrada general | Entrada VIP | Mesa reservada | Botella de licor | Jarra de cóctel | Cerveza | Energizante | Cumpleaños"
"Entretenimiento/01-dashboard-financiero-Karaoke.xlsx","Dashboard Financiero","Karaoke","Entretenimiento","Sala por hora | Sala VIP | Entrada | Pichela de licor | Snacks | Gaseosa | Cerveza x6 | Combo cumpleaños"
"Entretenimiento/02-control-ventas-Karaoke.xlsx","Control de Ventas","Karaoke","Entretenimiento","Sala por hora | Sala VIP | Entrada | Pichela de licor | Snacks | Gaseosa | Cerveza x6 | Combo cumpleaños"
"Entretenimiento/03-inventario-Karaoke.xlsx","Control de Inventario","Karaoke","Entretenimiento","Sala por hora | Sala VIP | Entrada | Pichela de licor | Snacks | Gaseosa | Cerveza x6 | Combo cumpleaños"
"Entretenimiento/04-presupuesto-anual-Karaoke.xlsx","Presupuesto Anual","Karaoke","Entretenimiento","Sala por hora | Sala VIP | Entrada | Pichela de licor | Snacks | Gaseosa | Cerveza x6 | Combo cumpleaños"
"Entretenimiento/05-flujo-de-caja-Karaoke.xlsx","Flujo de Caja","Karaoke","Entretenimiento","Sala por hora | Sala VIP | Entrada | Pichela de licor | Snacks | Gaseosa | Cerveza x6 | Combo cumpleaños"
"Entretenimiento/06-gestion-proyectos-Karaoke.xlsx","Gestión de Proyectos","Karaoke","Entretenimiento","Sala por hora | Sala VIP | Entrada | Pichela de licor | Snacks | Gaseosa | Cerveza x6 | Combo cumpleaños"
"Entretenimiento/07-analisis-kpis-Karaoke.xlsx","Análisis de KPIs","Karaoke","Entretenimiento","Sala por hora | Sala VIP | Entrada | Pichela de licor | Snacks | Gaseosa | Cerveza x6 | Combo cumpleaños"
"Entretenimiento/08-control-gastos-Karaoke.xlsx","Control de Gastos","Karaoke","Entretenimiento","Sala por hora | Sala VIP | Entrada | Pichela de licor | Snacks | Gaseosa | Cerveza x6 | Combo cumpleaños"
"Entretenimiento/09-planilla-personal-Karaoke.xlsx","Planilla de Personal","Karaoke","Entretenimiento","Sala por hora | Sala VIP | Entrada | Pichela de licor | Snacks | Gaseosa | Cerveza x6 | Combo cumpleaños"
"Entretenimiento/10-cuentas-por-cobrar-Karaoke.xlsx","Cuentas por Cobrar","Karaoke","Entretenimiento","Sala por hora | Sala VIP | Entrada | Pichela de licor | Snacks | Gaseosa | Cerveza x6 | Combo cumpleaños"
"Entretenimiento/11-caja-diaria-Karaoke.xlsx","Caja Diaria","Karaoke","Entretenimiento","Sala por hora | Sala VIP | Entrada | Pichela de licor | Snacks | Gaseosa | Cerveza x6 | Combo cumpleaños"
"Entretenimiento/12-compras-proveedores-Karaoke.xlsx","Compras y Proveedores","Karaoke","Entretenimiento","Sala por hora | Sala VIP | Entrada | Pichela de licor | Snacks | Gaseosa | Cerveza x6 | Combo cumpleaños"
"Entretenimiento/13-balance-general-Karaoke.xlsx","Balance General","Karaoke","Entretenimiento","Sala por hora | Sala VIP | Entrada | Pichela de licor | Snacks | Gaseosa | Cerveza x6 | Combo cumpleaños"
"Entretenimiento/14-estado-resultados-Karaoke.xlsx","Estado de Resultados","Karaoke","Entretenimiento","Sala por hora | Sala VIP | Entrada | Pichela de licor | Snacks | Gaseosa | Cerveza x6 | Combo cumpleaños"
"Entretenimiento/15-flujo-efectivo-indirecto-Karaoke.xlsx","Flujo de Efectivo Indirecto","Karaoke","Entretenimiento","Sala por hora | Sala VIP | Entrada | Pichela de licor | Snacks | Gaseosa | Cerveza x6 | Combo cumpleaños"
"Entretenimiento/16-conciliacion-bancaria-Karaoke.xlsx","Conciliación Bancaria","Karaoke","Entretenimiento","Sala por hora | Sala VIP | Entrada | Pichela de licor | Snacks | Gaseosa | Cerveza x6 | Combo cumpleaños"
"Entretenimiento/17-libro-diario-Karaoke.xlsx","Libro Diario y Mayor","Karaoke","Entretenimiento","Sala por hora | Sala VIP | Entrada | Pichela de licor | Snacks | Gaseosa | Cerveza x6 | Combo cumpleaños"
"Entretenimiento/18-ratios-financieros-Karaoke.xlsx","Ratios Financieros","Karaoke","Entretenimiento","Sala por hora | Sala VIP | Entrada | Pichela de licor | Snacks | Gaseosa | Cerveza x6 | Combo cumpleaños"
"Entretenimiento/19-control-tributario-Karaoke.xlsx","Control Tributario","Karaoke","Entretenimiento","Sala por hora | Sala VIP | Entrada | Pichela de licor | Snacks | Gaseosa | Cerveza x6 | Combo cumpleaños"
"Entretenimiento/20-presupuesto-centros-costo-Karaoke.xlsx","Presupuesto Centros de Costo","Karaoke","Entretenimiento","Sala por hora | Sala VIP | Entrada | Pichela de licor | Snacks | Gaseosa | Cerveza x6 | Combo cumpleaños"
"Entretenimiento/21-activos-fijos-Karaoke.xlsx","Activos Fijos y Depreciación","Karaoke","Entretenimiento","Sala por hora | Sala VIP | Entrada | Pichela de licor | Snacks | Gaseosa | Cerveza x6 | Combo cumpleaños"
"Entretenimiento/22-punto-equilibrio-Karaoke.xlsx","Punto de Equilibrio","Karaoke","Entretenimiento","Sala por hora | Sala VIP | Entrada | Pichela de licor | Snacks | Gaseosa | Cerveza x6 | Combo cumpleaños"
"Entretenimiento/23-estados-comparativos-Karaoke.xlsx","Estados Comparativos 3 Años","Karaoke","Entretenimiento","Sala por hora | Sala VIP | Entrada | Pichela de licor | Snacks | Gaseosa | Cerveza x6 | Combo cumpleaños"
"Entretenimiento/24-costeo-ordenes-Karaoke.xlsx","Costeo porÓrdenes de Trabajo","Karaoke","Entretenimiento","Sala por hora | Sala VIP | Entrada | Pichela de licor | Snacks | Gaseosa | Cerveza x6 | Combo cumpleaños"
"Entretenimiento/25-calculadora-cts-Karaoke.xlsx","Calculadora CTS","Karaoke","Entretenimiento","Sala por hora | Sala VIP | Entrada | Pichela de licor | Snacks | Gaseosa | Cerveza x6 | Combo cumpleaños"
"Entretenimiento/26-gratificaciones-Karaoke.xlsx","Calculadora Gratificaciones","Karaoke","Entretenimiento","Sala por hora | Sala VIP | Entrada | Pichela de licor | Snacks | Gaseosa | Cerveza x6 | Combo cumpleaños"
"Entretenimiento/27-amortizacion-Karaoke.xlsx","Cuadro de Amortización","Karaoke","Entretenimiento","Sala por hora | Sala VIP | Entrada | Pichela de licor | Snacks | Gaseosa | Cerveza x6 | Combo cumpleaños"
"Entretenimiento/28-vacaciones-Karaoke.xlsx","Calculadora Vacaciones","Karaoke","Entretenimiento","Sala por hora | Sala VIP | Entrada | Pichela de licor | Snacks | Gaseosa | Cerveza x6 | Combo cumpleaños"
"Entretenimiento/29-afp-onp-Karaoke.xlsx","Calculadora AFP/ONP","Karaoke","Entretenimiento","Sala por hora | Sala VIP | Entrada | Pichela de licor | Snacks | Gaseosa | Cerveza x6 | Combo cumpleaños"
"Entretenimiento/30-nomina-Karaoke.xlsx","Calculadora Nómina","Karaoke","Entretenimiento","Sala por hora | Sala VIP | Entrada | Pichela de licor | Snacks | Gaseosa | Cerveza x6 | Combo cumpleaños"
"Entretenimiento/31-roi-Karaoke.xlsx","Calculadora ROI","Karaoke","Entretenimiento","Sala por hora | Sala VIP | Entrada | Pichela de licor | Snacks | Gaseosa | Cerveza x6 | Combo cumpleaños"
"Entretenimiento/32-ipc-Karaoke.xlsx","Calculadora IPC","Karaoke","Entretenimiento","Sala por hora | Sala VIP | Entrada | Pichela de licor | Snacks | Gaseosa | Cerveza x6 | Combo cumpleaños"
"Entretenimiento/33-endeudamiento-Karaoke.xlsx","Capacidad Endeudamiento","Karaoke","Entretenimiento","Sala por hora | Sala VIP | Entrada | Pichela de licor | Snacks | Gaseosa | Cerveza x6 | Combo cumpleaños"
"Entretenimiento/34-proyeccion-flujo-Karaoke.xlsx","Proyección Flujo de Caja","Karaoke","Entretenimiento","Sala por hora | Sala VIP | Entrada | Pichela de licor | Snacks | Gaseosa | Cerveza x6 | Combo cumpleaños"
"Entretenimiento/01-dashboard-financiero-Salon de Juegos.xlsx","Dashboard Financiero","Salón de Juegos","Entretenimiento","Fichas de juego | Máquina arcade | Máquina de premios | Billar por hora | Fútbolito por hora | Cumpleaños infantil | Recarga de fichas | Promoción familiar"
"Entretenimiento/02-control-ventas-Salon de Juegos.xlsx","Control de Ventas","Salón de Juegos","Entretenimiento","Fichas de juego | Máquina arcade | Máquina de premios | Billar por hora | Fútbolito por hora | Cumpleaños infantil | Recarga de fichas | Promoción familiar"
"Entretenimiento/03-inventario-Salon de Juegos.xlsx","Control de Inventario","Salón de Juegos","Entretenimiento","Fichas de juego | Máquina arcade | Máquina de premios | Billar por hora | Fútbolito por hora | Cumpleaños infantil | Recarga de fichas | Promoción familiar"
"Entretenimiento/04-presupuesto-anual-Salon de Juegos.xlsx","Presupuesto Anual","Salón de Juegos","Entretenimiento","Fichas de juego | Máquina arcade | Máquina de premios | Billar por hora | Fútbolito por hora | Cumpleaños infantil | Recarga de fichas | Promoción familiar"
"Entretenimiento/05-flujo-de-caja-Salon de Juegos.xlsx","Flujo de Caja","Salón de Juegos","Entretenimiento","Fichas de juego | Máquina arcade | Máquina de premios | Billar por hora | Fútbolito por hora | Cumpleaños infantil | Recarga de fichas | Promoción familiar"
"Entretenimiento/06-gestion-proyectos-Salon de Juegos.xlsx","Gestión de Proyectos","Salón de Juegos","Entretenimiento","Fichas de juego | Máquina arcade | Máquina de premios | Billar por hora | Fútbolito por hora | Cumpleaños infantil | Recarga de fichas | Promoción familiar"
"Entretenimiento/07-analisis-kpis-Salon de Juegos.xlsx","Análisis de KPIs","Salón de Juegos","Entretenimiento","Fichas de juego | Máquina arcade | Máquina de premios | Billar por hora | Fútbolito por hora | Cumpleaños infantil | Recarga de fichas | Promoción familiar"
"Entretenimiento/08-control-gastos-Salon de Juegos.xlsx","Control de Gastos","Salón de Juegos","Entretenimiento","Fichas de juego | Máquina arcade | Máquina de premios | Billar por hora | Fútbolito por hora | Cumpleaños infantil | Recarga de fichas | Promoción familiar"
"Entretenimiento/09-planilla-personal-Salon de Juegos.xlsx","Planilla de Personal","Salón de Juegos","Entretenimiento","Fichas de juego | Máquina arcade | Máquina de premios | Billar por hora | Fútbolito por hora | Cumpleaños infantil | Recarga de fichas | Promoción familiar"
"Entretenimiento/10-cuentas-por-cobrar-Salon de Juegos.xlsx","Cuentas por Cobrar","Salón de Juegos","Entretenimiento","Fichas de juego | Máquina arcade | Máquina de premios | Billar por hora | Fútbolito por hora | Cumpleaños infantil | Recarga de fichas | Promoción familiar"
"Entretenimiento/11-caja-diaria-Salon de Juegos.xlsx","Caja Diaria","Salón de Juegos","Entretenimiento","Fichas de juego | Máquina arcade | Máquina de premios | Billar por hora | Fútbolito por hora | Cumpleaños infantil | Recarga de fichas | Promoción familiar"
"Entretenimiento/12-compras-proveedores-Salon de Juegos.xlsx","Compras y Proveedores","Salón de Juegos","Entretenimiento","Fichas de juego | Máquina arcade | Máquina de premios | Billar por hora | Fútbolito por hora | Cumpleaños infantil | Recarga de fichas | Promoción familiar"
"Entretenimiento/13-balance-general-Salon de Juegos.xlsx","Balance General","Salón de Juegos","Entretenimiento","Fichas de juego | Máquina arcade | Máquina de premios | Billar por hora | Fútbolito por hora | Cumpleaños infantil | Recarga de fichas | Promoción familiar"
"Entretenimiento/14-estado-resultados-Salon de Juegos.xlsx","Estado de Resultados","Salón de Juegos","Entretenimiento","Fichas de juego | Máquina arcade | Máquina de premios | Billar por hora | Fútbolito por hora | Cumpleaños infantil | Recarga de fichas | Promoción familiar"
"Entretenimiento/15-flujo-efectivo-indirecto-Salon de Juegos.xlsx","Flujo de Efectivo Indirecto","Salón de Juegos","Entretenimiento","Fichas de juego | Máquina arcade | Máquina de premios | Billar por hora | Fútbolito por hora | Cumpleaños infantil | Recarga de fichas | Promoción familiar"
"Entretenimiento/16-conciliacion-bancaria-Salon de Juegos.xlsx","Conciliación Bancaria","Salón de Juegos","Entretenimiento","Fichas de juego | Máquina arcade | Máquina de premios | Billar por hora | Fútbolito por hora | Cumpleaños infantil | Recarga de fichas | Promoción familiar"
"Entretenimiento/17-libro-diario-Salon de Juegos.xlsx","Libro Diario y Mayor","Salón de Juegos","Entretenimiento","Fichas de juego | Máquina arcade | Máquina de premios | Billar por hora | Fútbolito por hora | Cumpleaños infantil | Recarga de fichas | Promoción familiar"
"Entretenimiento/18-ratios-financieros-Salon de Juegos.xlsx","Ratios Financieros","Salón de Juegos","Entretenimiento","Fichas de juego | Máquina arcade | Máquina de premios | Billar por hora | Fútbolito por hora | Cumpleaños infantil | Recarga de fichas | Promoción familiar"
"Entretenimiento/19-control-tributario-Salon de Juegos.xlsx","Control Tributario","Salón de Juegos","Entretenimiento","Fichas de juego | Máquina arcade | Máquina de premios | Billar por hora | Fútbolito por hora | Cumpleaños infantil | Recarga de fichas | Promoción familiar"
"Entretenimiento/20-presupuesto-centros-costo-Salon de Juegos.xlsx","Presupuesto Centros de Costo","Salón de Juegos","Entretenimiento","Fichas de juego | Máquina arcade | Máquina de premios | Billar por hora | Fútbolito por hora | Cumpleaños infantil | Recarga de fichas | Promoción familiar"
"Entretenimiento/21-activos-fijos-Salon de Juegos.xlsx","Activos Fijos y Depreciación","Salón de Juegos","Entretenimiento","Fichas de juego | Máquina arcade | Máquina de premios | Billar por hora | Fútbolito por hora | Cumpleaños infantil | Recarga de fichas | Promoción familiar"
"Entretenimiento/22-punto-equilibrio-Salon de Juegos.xlsx","Punto de Equilibrio","Salón de Juegos","Entretenimiento","Fichas de juego | Máquina arcade | Máquina de premios | Billar por hora | Fútbolito por hora | Cumpleaños infantil | Recarga de fichas | Promoción familiar"
"Entretenimiento/23-estados-comparativos-Salon de Juegos.xlsx","Estados Comparativos 3 Años","Salón de Juegos","Entretenimiento","Fichas de juego | Máquina arcade | Máquina de premios | Billar por hora | Fútbolito por hora | Cumpleaños infantil | Recarga de fichas | Promoción familiar"
"Entretenimiento/24-costeo-ordenes-Salon de Juegos.xlsx","Costeo porÓrdenes de Trabajo","Salón de Juegos","Entretenimiento","Fichas de juego | Máquina arcade | Máquina de premios | Billar por hora | Fútbolito por hora | Cumpleaños infantil | Recarga de fichas | Promoción familiar"
"Entretenimiento/25-calculadora-cts-Salon de Juegos.xlsx","Calculadora CTS","Salón de Juegos","Entretenimiento","Fichas de juego | Máquina arcade | Máquina de premios | Billar por hora | Fútbolito por hora | Cumpleaños infantil | Recarga de fichas | Promoción familiar"
"Entretenimiento/26-gratificaciones-Salon de Juegos.xlsx","Calculadora Gratificaciones","Salón de Juegos","Entretenimiento","Fichas de juego | Máquina arcade | Máquina de premios | Billar por hora | Fútbolito por hora | Cumpleaños infantil | Recarga de fichas | Promoción familiar"
"Entretenimiento/27-amortizacion-Salon de Juegos.xlsx","Cuadro de Amortización","Salón de Juegos","Entretenimiento","Fichas de juego | Máquina arcade | Máquina de premios | Billar por hora | Fútbolito por hora | Cumpleaños infantil | Recarga de fichas | Promoción familiar"
"Entretenimiento/28-vacaciones-Salon de Juegos.xlsx","Calculadora Vacaciones","Salón de Juegos","Entretenimiento","Fichas de juego | Máquina arcade | Máquina de premios | Billar por hora | Fútbolito por hora | Cumpleaños infantil | Recarga de fichas | Promoción familiar"
"Entretenimiento/29-afp-onp-Salon de Juegos.xlsx","Calculadora AFP/ONP","Salón de Juegos","Entretenimiento","Fichas de juego | Máquina arcade | Máquina de premios | Billar por hora | Fútbolito por hora | Cumpleaños infantil | Recarga de fichas | Promoción familiar"
"Entretenimiento/30-nomina-Salon de Juegos.xlsx","Calculadora Nómina","Salón de Juegos","Entretenimiento","Fichas de juego | Máquina arcade | Máquina de premios | Billar por hora | Fútbolito por hora | Cumpleaños infantil | Recarga de fichas | Promoción familiar"
"Entretenimiento/31-roi-Salon de Juegos.xlsx","Calculadora ROI","Salón de Juegos","Entretenimiento","Fichas de juego | Máquina arcade | Máquina de premios | Billar por hora | Fútbolito por hora | Cumpleaños infantil | Recarga de fichas | Promoción familiar"
"Entretenimiento/32-ipc-Salon de Juegos.xlsx","Calculadora IPC","Salón de Juegos","Entretenimiento","Fichas de juego | Máquina arcade | Máquina de premios | Billar por hora | Fútbolito por hora | Cumpleaños infantil | Recarga de fichas | Promoción familiar"
"Entretenimiento/33-endeudamiento-Salon de Juegos.xlsx","Capacidad Endeudamiento","Salón de Juegos","Entretenimiento","Fichas de juego | Máquina arcade | Máquina de premios | Billar por hora | Fútbolito por hora | Cumpleaños infantil | Recarga de fichas | Promoción familiar"
"Entretenimiento/34-proyeccion-flujo-Salon de Juegos.xlsx","Proyección Flujo de Caja","Salón de Juegos","Entretenimiento","Fichas de juego | Máquina arcade | Máquina de premios | Billar por hora | Fútbolito por hora | Cumpleaños infantil | Recarga de fichas | Promoción familiar"
"Entretenimiento/01-dashboard-financiero-Polideportivo.xlsx","Dashboard Financiero","Polideportivo","Entretenimiento","Alquiler cancha fulbito | Alquiler cancha básquet | Alquiler cancha vóley | Alquiler por hora | Campeonato | Escuela de fútbol | Profesor de fulbito | Alquiler nocturno"
"Entretenimiento/02-control-ventas-Polideportivo.xlsx","Control de Ventas","Polideportivo","Entretenimiento","Alquiler cancha fulbito | Alquiler cancha básquet | Alquiler cancha vóley | Alquiler por hora | Campeonato | Escuela de fútbol | Profesor de fulbito | Alquiler nocturno"
"Entretenimiento/03-inventario-Polideportivo.xlsx","Control de Inventario","Polideportivo","Entretenimiento","Alquiler cancha fulbito | Alquiler cancha básquet | Alquiler cancha vóley | Alquiler por hora | Campeonato | Escuela de fútbol | Profesor de fulbito | Alquiler nocturno"
"Entretenimiento/04-presupuesto-anual-Polideportivo.xlsx","Presupuesto Anual","Polideportivo","Entretenimiento","Alquiler cancha fulbito | Alquiler cancha básquet | Alquiler cancha vóley | Alquiler por hora | Campeonato | Escuela de fútbol | Profesor de fulbito | Alquiler nocturno"
"Entretenimiento/05-flujo-de-caja-Polideportivo.xlsx","Flujo de Caja","Polideportivo","Entretenimiento","Alquiler cancha fulbito | Alquiler cancha básquet | Alquiler cancha vóley | Alquiler por hora | Campeonato | Escuela de fútbol | Profesor de fulbito | Alquiler nocturno"
"Entretenimiento/06-gestion-proyectos-Polideportivo.xlsx","Gestión de Proyectos","Polideportivo","Entretenimiento","Alquiler cancha fulbito | Alquiler cancha básquet | Alquiler cancha vóley | Alquiler por hora | Campeonato | Escuela de fútbol | Profesor de fulbito | Alquiler nocturno"
"Entretenimiento/07-analisis-kpis-Polideportivo.xlsx","Análisis de KPIs","Polideportivo","Entretenimiento","Alquiler cancha fulbito | Alquiler cancha básquet | Alquiler cancha vóley | Alquiler por hora | Campeonato | Escuela de fútbol | Profesor de fulbito | Alquiler nocturno"
"Entretenimiento/08-control-gastos-Polideportivo.xlsx","Control de Gastos","Polideportivo","Entretenimiento","Alquiler cancha fulbito | Alquiler cancha básquet | Alquiler cancha vóley | Alquiler por hora | Campeonato | Escuela de fútbol | Profesor de fulbito | Alquiler nocturno"
"Entretenimiento/09-planilla-personal-Polideportivo.xlsx","Planilla de Personal","Polideportivo","Entretenimiento","Alquiler cancha fulbito | Alquiler cancha básquet | Alquiler cancha vóley | Alquiler por hora | Campeonato | Escuela de fútbol | Profesor de fulbito | Alquiler nocturno"
"Entretenimiento/10-cuentas-por-cobrar-Polideportivo.xlsx","Cuentas por Cobrar","Polideportivo","Entretenimiento","Alquiler cancha fulbito | Alquiler cancha básquet | Alquiler cancha vóley | Alquiler por hora | Campeonato | Escuela de fútbol | Profesor de fulbito | Alquiler nocturno"
"Entretenimiento/11-caja-diaria-Polideportivo.xlsx","Caja Diaria","Polideportivo","Entretenimiento","Alquiler cancha fulbito | Alquiler cancha básquet | Alquiler cancha vóley | Alquiler por hora | Campeonato | Escuela de fútbol | Profesor de fulbito | Alquiler nocturno"
"Entretenimiento/12-compras-proveedores-Polideportivo.xlsx","Compras y Proveedores","Polideportivo","Entretenimiento","Alquiler cancha fulbito | Alquiler cancha básquet | Alquiler cancha vóley | Alquiler por hora | Campeonato | Escuela de fútbol | Profesor de fulbito | Alquiler nocturno"
"Entretenimiento/13-balance-general-Polideportivo.xlsx","Balance General","Polideportivo","Entretenimiento","Alquiler cancha fulbito | Alquiler cancha básquet | Alquiler cancha vóley | Alquiler por hora | Campeonato | Escuela de fútbol | Profesor de fulbito | Alquiler nocturno"
"Entretenimiento/14-estado-resultados-Polideportivo.xlsx","Estado de Resultados","Polideportivo","Entretenimiento","Alquiler cancha fulbito | Alquiler cancha básquet | Alquiler cancha vóley | Alquiler por hora | Campeonato | Escuela de fútbol | Profesor de fulbito | Alquiler nocturno"
"Entretenimiento/15-flujo-efectivo-indirecto-Polideportivo.xlsx","Flujo de Efectivo Indirecto","Polideportivo","Entretenimiento","Alquiler cancha fulbito | Alquiler cancha básquet | Alquiler cancha vóley | Alquiler por hora | Campeonato | Escuela de fútbol | Profesor de fulbito | Alquiler nocturno"
"Entretenimiento/16-conciliacion-bancaria-Polideportivo.xlsx","Conciliación Bancaria","Polideportivo","Entretenimiento","Alquiler cancha fulbito | Alquiler cancha básquet | Alquiler cancha vóley | Alquiler por hora | Campeonato | Escuela de fútbol | Profesor de fulbito | Alquiler nocturno"
"Entretenimiento/17-libro-diario-Polideportivo.xlsx","Libro Diario y Mayor","Polideportivo","Entretenimiento","Alquiler cancha fulbito | Alquiler cancha básquet | Alquiler cancha vóley | Alquiler por hora | Campeonato | Escuela de fútbol | Profesor de fulbito | Alquiler nocturno"
"Entretenimiento/18-ratios-financieros-Polideportivo.xlsx","Ratios Financieros","Polideportivo","Entretenimiento","Alquiler cancha fulbito | Alquiler cancha básquet | Alquiler cancha vóley | Alquiler por hora | Campeonato | Escuela de fútbol | Profesor de fulbito | Alquiler nocturno"
"Entretenimiento/19-control-tributario-Polideportivo.xlsx","Control Tributario","Polideportivo","Entretenimiento","Alquiler cancha fulbito | Alquiler cancha básquet | Alquiler cancha vóley | Alquiler por hora | Campeonato | Escuela de fútbol | Profesor de fulbito | Alquiler nocturno"
"Entretenimiento/20-presupuesto-centros-costo-Polideportivo.xlsx","Presupuesto Centros de Costo","Polideportivo","Entretenimiento","Alquiler cancha fulbito | Alquiler cancha básquet | Alquiler cancha vóley | Alquiler por hora | Campeonato | Escuela de fútbol | Profesor de fulbito | Alquiler nocturno"
"Entretenimiento/21-activos-fijos-Polideportivo.xlsx","Activos Fijos y Depreciación","Polideportivo","Entretenimiento","Alquiler cancha fulbito | Alquiler cancha básquet | Alquiler cancha vóley | Alquiler por hora | Campeonato | Escuela de fútbol | Profesor de fulbito | Alquiler nocturno"
"Entretenimiento/22-punto-equilibrio-Polideportivo.xlsx","Punto de Equilibrio","Polideportivo","Entretenimiento","Alquiler cancha fulbito | Alquiler cancha básquet | Alquiler cancha vóley | Alquiler por hora | Campeonato | Escuela de fútbol | Profesor de fulbito | Alquiler nocturno"
"Entretenimiento/23-estados-comparativos-Polideportivo.xlsx","Estados Comparativos 3 Años","Polideportivo","Entretenimiento","Alquiler cancha fulbito | Alquiler cancha básquet | Alquiler cancha vóley | Alquiler por hora | Campeonato | Escuela de fútbol | Profesor de fulbito | Alquiler nocturno"
"Entretenimiento/24-costeo-ordenes-Polideportivo.xlsx","Costeo porÓrdenes de Trabajo","Polideportivo","Entretenimiento","Alquiler cancha fulbito | Alquiler cancha básquet | Alquiler cancha vóley | Alquiler por hora | Campeonato | Escuela de fútbol | Profesor de fulbito | Alquiler nocturno"
"Entretenimiento/25-calculadora-cts-Polideportivo.xlsx","Calculadora CTS","Polideportivo","Entretenimiento","Alquiler cancha fulbito | Alquiler cancha básquet | Alquiler cancha vóley | Alquiler por hora | Campeonato | Escuela de fútbol | Profesor de fulbito | Alquiler nocturno"
"Entretenimiento/26-gratificaciones-Polideportivo.xlsx","Calculadora Gratificaciones","Polideportivo","Entretenimiento","Alquiler cancha fulbito | Alquiler cancha básquet | Alquiler cancha vóley | Alquiler por hora | Campeonato | Escuela de fútbol | Profesor de fulbito | Alquiler nocturno"
"Entretenimiento/27-amortizacion-Polideportivo.xlsx","Cuadro de Amortización","Polideportivo","Entretenimiento","Alquiler cancha fulbito | Alquiler cancha básquet | Alquiler cancha vóley | Alquiler por hora | Campeonato | Escuela de fútbol | Profesor de fulbito | Alquiler nocturno"
"Entretenimiento/28-vacaciones-Polideportivo.xlsx","Calculadora Vacaciones","Polideportivo","Entretenimiento","Alquiler cancha fulbito | Alquiler cancha básquet | Alquiler cancha vóley | Alquiler por hora | Campeonato | Escuela de fútbol | Profesor de fulbito | Alquiler nocturno"
"Entretenimiento/29-afp-onp-Polideportivo.xlsx","Calculadora AFP/ONP","Polideportivo","Entretenimiento","Alquiler cancha fulbito | Alquiler cancha básquet | Alquiler cancha vóley | Alquiler por hora | Campeonato | Escuela de fútbol | Profesor de fulbito | Alquiler nocturno"
"Entretenimiento/30-nomina-Polideportivo.xlsx","Calculadora Nómina","Polideportivo","Entretenimiento","Alquiler cancha fulbito | Alquiler cancha básquet | Alquiler cancha vóley | Alquiler por hora | Campeonato | Escuela de fútbol | Profesor de fulbito | Alquiler nocturno"
"Entretenimiento/31-roi-Polideportivo.xlsx","Calculadora ROI","Polideportivo","Entretenimiento","Alquiler cancha fulbito | Alquiler cancha básquet | Alquiler cancha vóley | Alquiler por hora | Campeonato | Escuela de fútbol | Profesor de fulbito | Alquiler nocturno"
"Entretenimiento/32-ipc-Polideportivo.xlsx","Calculadora IPC","Polideportivo","Entretenimiento","Alquiler cancha fulbito | Alquiler cancha básquet | Alquiler cancha vóley | Alquiler por hora | Campeonato | Escuela de fútbol | Profesor de fulbito | Alquiler nocturno"
"Entretenimiento/33-endeudamiento-Polideportivo.xlsx","Capacidad Endeudamiento","Polideportivo","Entretenimiento","Alquiler cancha fulbito | Alquiler cancha básquet | Alquiler cancha vóley | Alquiler por hora | Campeonato | Escuela de fútbol | Profesor de fulbito | Alquiler nocturno"
"Entretenimiento/34-proyeccion-flujo-Polideportivo.xlsx","Proyección Flujo de Caja","Polideportivo","Entretenimiento","Alquiler cancha fulbito | Alquiler cancha básquet | Alquiler cancha vóley | Alquiler por hora | Campeonato | Escuela de fútbol | Profesor de fulbito | Alquiler nocturno"
"Entretenimiento/01-dashboard-financiero-Hotel.xlsx","Dashboard Financiero","Hotel","Entretenimiento","Habitación simple | Habitación doble | Habitación suite | Desayuno buffet | Almuerzo buffet | Salón de eventos | Sala de reuniones | Late check-out"
"Entretenimiento/02-control-ventas-Hotel.xlsx","Control de Ventas","Hotel","Entretenimiento","Habitación simple | Habitación doble | Habitación suite | Desayuno buffet | Almuerzo buffet | Salón de eventos | Sala de reuniones | Late check-out"
"Entretenimiento/03-inventario-Hotel.xlsx","Control de Inventario","Hotel","Entretenimiento","Habitación simple | Habitación doble | Habitación suite | Desayuno buffet | Almuerzo buffet | Salón de eventos | Sala de reuniones | Late check-out"
"Entretenimiento/04-presupuesto-anual-Hotel.xlsx","Presupuesto Anual","Hotel","Entretenimiento","Habitación simple | Habitación doble | Habitación suite | Desayuno buffet | Almuerzo buffet | Salón de eventos | Sala de reuniones | Late check-out"
"Entretenimiento/05-flujo-de-caja-Hotel.xlsx","Flujo de Caja","Hotel","Entretenimiento","Habitación simple | Habitación doble | Habitación suite | Desayuno buffet | Almuerzo buffet | Salón de eventos | Sala de reuniones | Late check-out"
"Entretenimiento/06-gestion-proyectos-Hotel.xlsx","Gestión de Proyectos","Hotel","Entretenimiento","Habitación simple | Habitación doble | Habitación suite | Desayuno buffet | Almuerzo buffet | Salón de eventos | Sala de reuniones | Late check-out"
"Entretenimiento/07-analisis-kpis-Hotel.xlsx","Análisis de KPIs","Hotel","Entretenimiento","Habitación simple | Habitación doble | Habitación suite | Desayuno buffet | Almuerzo buffet | Salón de eventos | Sala de reuniones | Late check-out"
"Entretenimiento/08-control-gastos-Hotel.xlsx","Control de Gastos","Hotel","Entretenimiento","Habitación simple | Habitación doble | Habitación suite | Desayuno buffet | Almuerzo buffet | Salón de eventos | Sala de reuniones | Late check-out"
"Entretenimiento/09-planilla-personal-Hotel.xlsx","Planilla de Personal","Hotel","Entretenimiento","Habitación simple | Habitación doble | Habitación suite | Desayuno buffet | Almuerzo buffet | Salón de eventos | Sala de reuniones | Late check-out"
"Entretenimiento/10-cuentas-por-cobrar-Hotel.xlsx","Cuentas por Cobrar","Hotel","Entretenimiento","Habitación simple | Habitación doble | Habitación suite | Desayuno buffet | Almuerzo buffet | Salón de eventos | Sala de reuniones | Late check-out"
"Entretenimiento/11-caja-diaria-Hotel.xlsx","Caja Diaria","Hotel","Entretenimiento","Habitación simple | Habitación doble | Habitación suite | Desayuno buffet | Almuerzo buffet | Salón de eventos | Sala de reuniones | Late check-out"
"Entretenimiento/12-compras-proveedores-Hotel.xlsx","Compras y Proveedores","Hotel","Entretenimiento","Habitación simple | Habitación doble | Habitación suite | Desayuno buffet | Almuerzo buffet | Salón de eventos | Sala de reuniones | Late check-out"
"Entretenimiento/13-balance-general-Hotel.xlsx","Balance General","Hotel","Entretenimiento","Habitación simple | Habitación doble | Habitación suite | Desayuno buffet | Almuerzo buffet | Salón de eventos | Sala de reuniones | Late check-out"
"Entretenimiento/14-estado-resultados-Hotel.xlsx","Estado de Resultados","Hotel","Entretenimiento","Habitación simple | Habitación doble | Habitación suite | Desayuno buffet | Almuerzo buffet | Salón de eventos | Sala de reuniones | Late check-out"
"Entretenimiento/15-flujo-efectivo-indirecto-Hotel.xlsx","Flujo de Efectivo Indirecto","Hotel","Entretenimiento","Habitación simple | Habitación doble | Habitación suite | Desayuno buffet | Almuerzo buffet | Salón de eventos | Sala de reuniones | Late check-out"
"Entretenimiento/16-conciliacion-bancaria-Hotel.xlsx","Conciliación Bancaria","Hotel","Entretenimiento","Habitación simple | Habitación doble | Habitación suite | Desayuno buffet | Almuerzo buffet | Salón de eventos | Sala de reuniones | Late check-out"
"Entretenimiento/17-libro-diario-Hotel.xlsx","Libro Diario y Mayor","Hotel","Entretenimiento","Habitación simple | Habitación doble | Habitación suite | Desayuno buffet | Almuerzo buffet | Salón de eventos | Sala de reuniones | Late check-out"
"Entretenimiento/18-ratios-financieros-Hotel.xlsx","Ratios Financieros","Hotel","Entretenimiento","Habitación simple | Habitación doble | Habitación suite | Desayuno buffet | Almuerzo buffet | Salón de eventos | Sala de reuniones | Late check-out"
"Entretenimiento/19-control-tributario-Hotel.xlsx","Control Tributario","Hotel","Entretenimiento","Habitación simple | Habitación doble | Habitación suite | Desayuno buffet | Almuerzo buffet | Salón de eventos | Sala de reuniones | Late check-out"
"Entretenimiento/20-presupuesto-centros-costo-Hotel.xlsx","Presupuesto Centros de Costo","Hotel","Entretenimiento","Habitación simple | Habitación doble | Habitación suite | Desayuno buffet | Almuerzo buffet | Salón de eventos | Sala de reuniones | Late check-out"
"Entretenimiento/21-activos-fijos-Hotel.xlsx","Activos Fijos y Depreciación","Hotel","Entretenimiento","Habitación simple | Habitación doble | Habitación suite | Desayuno buffet | Almuerzo buffet | Salón de eventos | Sala de reuniones | Late check-out"
"Entretenimiento/22-punto-equilibrio-Hotel.xlsx","Punto de Equilibrio","Hotel","Entretenimiento","Habitación simple | Habitación doble | Habitación suite | Desayuno buffet | Almuerzo buffet | Salón de eventos | Sala de reuniones | Late check-out"
"Entretenimiento/23-estados-comparativos-Hotel.xlsx","Estados Comparativos 3 Años","Hotel","Entretenimiento","Habitación simple | Habitación doble | Habitación suite | Desayuno buffet | Almuerzo buffet | Salón de eventos | Sala de reuniones | Late check-out"
"Entretenimiento/24-costeo-ordenes-Hotel.xlsx","Costeo porÓrdenes de Trabajo","Hotel","Entretenimiento","Habitación simple | Habitación doble | Habitación suite | Desayuno buffet | Almuerzo buffet | Salón de eventos | Sala de reuniones | Late check-out"
"Entretenimiento/25-calculadora-cts-Hotel.xlsx","Calculadora CTS","Hotel","Entretenimiento","Habitación simple | Habitación doble | Habitación suite | Desayuno buffet | Almuerzo buffet | Salón de eventos | Sala de reuniones | Late check-out"
"Entretenimiento/26-gratificaciones-Hotel.xlsx","Calculadora Gratificaciones","Hotel","Entretenimiento","Habitación simple | Habitación doble | Habitación suite | Desayuno buffet | Almuerzo buffet | Salón de eventos | Sala de reuniones | Late check-out"
"Entretenimiento/27-amortizacion-Hotel.xlsx","Cuadro de Amortización","Hotel","Entretenimiento","Habitación simple | Habitación doble | Habitación suite | Desayuno buffet | Almuerzo buffet | Salón de eventos | Sala de reuniones | Late check-out"
"Entretenimiento/28-vacaciones-Hotel.xlsx","Calculadora Vacaciones","Hotel","Entretenimiento","Habitación simple | Habitación doble | Habitación suite | Desayuno buffet | Almuerzo buffet | Salón de eventos | Sala de reuniones | Late check-out"
"Entretenimiento/29-afp-onp-Hotel.xlsx","Calculadora AFP/ONP","Hotel","Entretenimiento","Habitación simple | Habitación doble | Habitación suite | Desayuno buffet | Almuerzo buffet | Salón de eventos | Sala de reuniones | Late check-out"
"Entretenimiento/30-nomina-Hotel.xlsx","Calculadora Nómina","Hotel","Entretenimiento","Habitación simple | Habitación doble | Habitación suite | Desayuno buffet | Almuerzo buffet | Salón de eventos | Sala de reuniones | Late check-out"
"Entretenimiento/31-roi-Hotel.xlsx","Calculadora ROI","Hotel","Entretenimiento","Habitación simple | Habitación doble | Habitación suite | Desayuno buffet | Almuerzo buffet | Salón de eventos | Sala de reuniones | Late check-out"
"Entretenimiento/32-ipc-Hotel.xlsx","Calculadora IPC","Hotel","Entretenimiento","Habitación simple | Habitación doble | Habitación suite | Desayuno buffet | Almuerzo buffet | Salón de eventos | Sala de reuniones | Late check-out"
"Entretenimiento/33-endeudamiento-Hotel.xlsx","Capacidad Endeudamiento","Hotel","Entretenimiento","Habitación simple | Habitación doble | Habitación suite | Desayuno buffet | Almuerzo buffet | Salón de eventos | Sala de reuniones | Late check-out"
"Entretenimiento/34-proyeccion-flujo-Hotel.xlsx","Proyección Flujo de Caja","Hotel","Entretenimiento","Habitación simple | Habitación doble | Habitación suite | Desayuno buffet | Almuerzo buffet | Salón de eventos | Sala de reuniones | Late check-out"
"Entretenimiento/01-dashboard-financiero-Cine y Entretenimiento.xlsx","Dashboard Financiero","Cine y Entretenimiento","Entretenimiento","Entrada general 2D | Entrada 3D | Entrada VIP | Combo palomitas | Combo nachos | Bebidas | Cumpleaños en sala | Función privada"
"Entretenimiento/02-control-ventas-Cine y Entretenimiento.xlsx","Control de Ventas","Cine y Entretenimiento","Entretenimiento","Entrada general 2D | Entrada 3D | Entrada VIP | Combo palomitas | Combo nachos | Bebidas | Cumpleaños en sala | Función privada"
"Entretenimiento/03-inventario-Cine y Entretenimiento.xlsx","Control de Inventario","Cine y Entretenimiento","Entretenimiento","Entrada general 2D | Entrada 3D | Entrada VIP | Combo palomitas | Combo nachos | Bebidas | Cumpleaños en sala | Función privada"
"Entretenimiento/04-presupuesto-anual-Cine y Entretenimiento.xlsx","Presupuesto Anual","Cine y Entretenimiento","Entretenimiento","Entrada general 2D | Entrada 3D | Entrada VIP | Combo palomitas | Combo nachos | Bebidas | Cumpleaños en sala | Función privada"
"Entretenimiento/05-flujo-de-caja-Cine y Entretenimiento.xlsx","Flujo de Caja","Cine y Entretenimiento","Entretenimiento","Entrada general 2D | Entrada 3D | Entrada VIP | Combo palomitas | Combo nachos | Bebidas | Cumpleaños en sala | Función privada"
"Entretenimiento/06-gestion-proyectos-Cine y Entretenimiento.xlsx","Gestión de Proyectos","Cine y Entretenimiento","Entretenimiento","Entrada general 2D | Entrada 3D | Entrada VIP | Combo palomitas | Combo nachos | Bebidas | Cumpleaños en sala | Función privada"
"Entretenimiento/07-analisis-kpis-Cine y Entretenimiento.xlsx","Análisis de KPIs","Cine y Entretenimiento","Entretenimiento","Entrada general 2D | Entrada 3D | Entrada VIP | Combo palomitas | Combo nachos | Bebidas | Cumpleaños en sala | Función privada"
"Entretenimiento/08-control-gastos-Cine y Entretenimiento.xlsx","Control de Gastos","Cine y Entretenimiento","Entretenimiento","Entrada general 2D | Entrada 3D | Entrada VIP | Combo palomitas | Combo nachos | Bebidas | Cumpleaños en sala | Función privada"
"Entretenimiento/09-planilla-personal-Cine y Entretenimiento.xlsx","Planilla de Personal","Cine y Entretenimiento","Entretenimiento","Entrada general 2D | Entrada 3D | Entrada VIP | Combo palomitas | Combo nachos | Bebidas | Cumpleaños en sala | Función privada"
"Entretenimiento/10-cuentas-por-cobrar-Cine y Entretenimiento.xlsx","Cuentas por Cobrar","Cine y Entretenimiento","Entretenimiento","Entrada general 2D | Entrada 3D | Entrada VIP | Combo palomitas | Combo nachos | Bebidas | Cumpleaños en sala | Función privada"
"Entretenimiento/11-caja-diaria-Cine y Entretenimiento.xlsx","Caja Diaria","Cine y Entretenimiento","Entretenimiento","Entrada general 2D | Entrada 3D | Entrada VIP | Combo palomitas | Combo nachos | Bebidas | Cumpleaños en sala | Función privada"
"Entretenimiento/12-compras-proveedores-Cine y Entretenimiento.xlsx","Compras y Proveedores","Cine y Entretenimiento","Entretenimiento","Entrada general 2D | Entrada 3D | Entrada VIP | Combo palomitas | Combo nachos | Bebidas | Cumpleaños en sala | Función privada"
"Entretenimiento/13-balance-general-Cine y Entretenimiento.xlsx","Balance General","Cine y Entretenimiento","Entretenimiento","Entrada general 2D | Entrada 3D | Entrada VIP | Combo palomitas | Combo nachos | Bebidas | Cumpleaños en sala | Función privada"
"Entretenimiento/14-estado-resultados-Cine y Entretenimiento.xlsx","Estado de Resultados","Cine y Entretenimiento","Entretenimiento","Entrada general 2D | Entrada 3D | Entrada VIP | Combo palomitas | Combo nachos | Bebidas | Cumpleaños en sala | Función privada"
"Entretenimiento/15-flujo-efectivo-indirecto-Cine y Entretenimiento.xlsx","Flujo de Efectivo Indirecto","Cine y Entretenimiento","Entretenimiento","Entrada general 2D | Entrada 3D | Entrada VIP | Combo palomitas | Combo nachos | Bebidas | Cumpleaños en sala | Función privada"
"Entretenimiento/16-conciliacion-bancaria-Cine y Entretenimiento.xlsx","Conciliación Bancaria","Cine y Entretenimiento","Entretenimiento","Entrada general 2D | Entrada 3D | Entrada VIP | Combo palomitas | Combo nachos | Bebidas | Cumpleaños en sala | Función privada"
"Entretenimiento/17-libro-diario-Cine y Entretenimiento.xlsx","Libro Diario y Mayor","Cine y Entretenimiento","Entretenimiento","Entrada general 2D | Entrada 3D | Entrada VIP | Combo palomitas | Combo nachos | Bebidas | Cumpleaños en sala | Función privada"
"Entretenimiento/18-ratios-financieros-Cine y Entretenimiento.xlsx","Ratios Financieros","Cine y Entretenimiento","Entretenimiento","Entrada general 2D | Entrada 3D | Entrada VIP | Combo palomitas | Combo nachos | Bebidas | Cumpleaños en sala | Función privada"
"Entretenimiento/19-control-tributario-Cine y Entretenimiento.xlsx","Control Tributario","Cine y Entretenimiento","Entretenimiento","Entrada general 2D | Entrada 3D | Entrada VIP | Combo palomitas | Combo nachos | Bebidas | Cumpleaños en sala | Función privada"
"Entretenimiento/20-presupuesto-centros-costo-Cine y Entretenimiento.xlsx","Presupuesto Centros de Costo","Cine y Entretenimiento","Entretenimiento","Entrada general 2D | Entrada 3D | Entrada VIP | Combo palomitas | Combo nachos | Bebidas | Cumpleaños en sala | Función privada"
"Entretenimiento/21-activos-fijos-Cine y Entretenimiento.xlsx","Activos Fijos y Depreciación","Cine y Entretenimiento","Entretenimiento","Entrada general 2D | Entrada 3D | Entrada VIP | Combo palomitas | Combo nachos | Bebidas | Cumpleaños en sala | Función privada"
"Entretenimiento/22-punto-equilibrio-Cine y Entretenimiento.xlsx","Punto de Equilibrio","Cine y Entretenimiento","Entretenimiento","Entrada general 2D | Entrada 3D | Entrada VIP | Combo palomitas | Combo nachos | Bebidas | Cumpleaños en sala | Función privada"
"Entretenimiento/23-estados-comparativos-Cine y Entretenimiento.xlsx","Estados Comparativos 3 Años","Cine y Entretenimiento","Entretenimiento","Entrada general 2D | Entrada 3D | Entrada VIP | Combo palomitas | Combo nachos | Bebidas | Cumpleaños en sala | Función privada"
"Entretenimiento/24-costeo-ordenes-Cine y Entretenimiento.xlsx","Costeo porÓrdenes de Trabajo","Cine y Entretenimiento","Entretenimiento","Entrada general 2D | Entrada 3D | Entrada VIP | Combo palomitas | Combo nachos | Bebidas | Cumpleaños en sala | Función privada"
"Entretenimiento/25-calculadora-cts-Cine y Entretenimiento.xlsx","Calculadora CTS","Cine y Entretenimiento","Entretenimiento","Entrada general 2D | Entrada 3D | Entrada VIP | Combo palomitas | Combo nachos | Bebidas | Cumpleaños en sala | Función privada"
"Entretenimiento/26-gratificaciones-Cine y Entretenimiento.xlsx","Calculadora Gratificaciones","Cine y Entretenimiento","Entretenimiento","Entrada general 2D | Entrada 3D | Entrada VIP | Combo palomitas | Combo nachos | Bebidas | Cumpleaños en sala | Función privada"
"Entretenimiento/27-amortizacion-Cine y Entretenimiento.xlsx","Cuadro de Amortización","Cine y Entretenimiento","Entretenimiento","Entrada general 2D | Entrada 3D | Entrada VIP | Combo palomitas | Combo nachos | Bebidas | Cumpleaños en sala | Función privada"
"Entretenimiento/28-vacaciones-Cine y Entretenimiento.xlsx","Calculadora Vacaciones","Cine y Entretenimiento","Entretenimiento","Entrada general 2D | Entrada 3D | Entrada VIP | Combo palomitas | Combo nachos | Bebidas | Cumpleaños en sala | Función privada"
"Entretenimiento/29-afp-onp-Cine y Entretenimiento.xlsx","Calculadora AFP/ONP","Cine y Entretenimiento","Entretenimiento","Entrada general 2D | Entrada 3D | Entrada VIP | Combo palomitas | Combo nachos | Bebidas | Cumpleaños en sala | Función privada"
"Entretenimiento/30-nomina-Cine y Entretenimiento.xlsx","Calculadora Nómina","Cine y Entretenimiento","Entretenimiento","Entrada general 2D | Entrada 3D | Entrada VIP | Combo palomitas | Combo nachos | Bebidas | Cumpleaños en sala | Función privada"
"Entretenimiento/31-roi-Cine y Entretenimiento.xlsx","Calculadora ROI","Cine y Entretenimiento","Entretenimiento","Entrada general 2D | Entrada 3D | Entrada VIP | Combo palomitas | Combo nachos | Bebidas | Cumpleaños en sala | Función privada"
"Entretenimiento/32-ipc-Cine y Entretenimiento.xlsx","Calculadora IPC","Cine y Entretenimiento","Entretenimiento","Entrada general 2D | Entrada 3D | Entrada VIP | Combo palomitas | Combo nachos | Bebidas | Cumpleaños en sala | Función privada"
"Entretenimiento/33-endeudamiento-Cine y Entretenimiento.xlsx","Capacidad Endeudamiento","Cine y Entretenimiento","Entretenimiento","Entrada general 2D | Entrada 3D | Entrada VIP | Combo palomitas | Combo nachos | Bebidas | Cumpleaños en sala | Función privada"
"Entretenimiento/34-proyeccion-flujo-Cine y Entretenimiento.xlsx","Proyección Flujo de Caja","Cine y Entretenimiento","Entretenimiento","Entrada general 2D | Entrada 3D | Entrada VIP | Combo palomitas | Combo nachos | Bebidas | Cumpleaños en sala | Función privada"
"Entretenimiento/01-dashboard-financiero-Turismo y Tours.xlsx","Dashboard Financiero","Turismo y Tours","Entretenimiento","City tour | Tour de aventura | Caminata | Bicicleta por día | Kayak | Tour gastronomico | Tour de compras | Tour nocturno"
"Entretenimiento/02-control-ventas-Turismo y Tours.xlsx","Control de Ventas","Turismo y Tours","Entretenimiento","City tour | Tour de aventura | Caminata | Bicicleta por día | Kayak | Tour gastronomico | Tour de compras | Tour nocturno"
"Entretenimiento/03-inventario-Turismo y Tours.xlsx","Control de Inventario","Turismo y Tours","Entretenimiento","City tour | Tour de aventura | Caminata | Bicicleta por día | Kayak | Tour gastronomico | Tour de compras | Tour nocturno"
"Entretenimiento/04-presupuesto-anual-Turismo y Tours.xlsx","Presupuesto Anual","Turismo y Tours","Entretenimiento","City tour | Tour de aventura | Caminata | Bicicleta por día | Kayak | Tour gastronomico | Tour de compras | Tour nocturno"
"Entretenimiento/05-flujo-de-caja-Turismo y Tours.xlsx","Flujo de Caja","Turismo y Tours","Entretenimiento","City tour | Tour de aventura | Caminata | Bicicleta por día | Kayak | Tour gastronomico | Tour de compras | Tour nocturno"
"Entretenimiento/06-gestion-proyectos-Turismo y Tours.xlsx","Gestión de Proyectos","Turismo y Tours","Entretenimiento","City tour | Tour de aventura | Caminata | Bicicleta por día | Kayak | Tour gastronomico | Tour de compras | Tour nocturno"
"Entretenimiento/07-analisis-kpis-Turismo y Tours.xlsx","Análisis de KPIs","Turismo y Tours","Entretenimiento","City tour | Tour de aventura | Caminata | Bicicleta por día | Kayak | Tour gastronomico | Tour de compras | Tour nocturno"
"Entretenimiento/08-control-gastos-Turismo y Tours.xlsx","Control de Gastos","Turismo y Tours","Entretenimiento","City tour | Tour de aventura | Caminata | Bicicleta por día | Kayak | Tour gastronomico | Tour de compras | Tour nocturno"
"Entretenimiento/09-planilla-personal-Turismo y Tours.xlsx","Planilla de Personal","Turismo y Tours","Entretenimiento","City tour | Tour de aventura | Caminata | Bicicleta por día | Kayak | Tour gastronomico | Tour de compras | Tour nocturno"
"Entretenimiento/10-cuentas-por-cobrar-Turismo y Tours.xlsx","Cuentas por Cobrar","Turismo y Tours","Entretenimiento","City tour | Tour de aventura | Caminata | Bicicleta por día | Kayak | Tour gastronomico | Tour de compras | Tour nocturno"
"Entretenimiento/11-caja-diaria-Turismo y Tours.xlsx","Caja Diaria","Turismo y Tours","Entretenimiento","City tour | Tour de aventura | Caminata | Bicicleta por día | Kayak | Tour gastronomico | Tour de compras | Tour nocturno"
"Entretenimiento/12-compras-proveedores-Turismo y Tours.xlsx","Compras y Proveedores","Turismo y Tours","Entretenimiento","City tour | Tour de aventura | Caminata | Bicicleta por día | Kayak | Tour gastronomico | Tour de compras | Tour nocturno"
"Entretenimiento/13-balance-general-Turismo y Tours.xlsx","Balance General","Turismo y Tours","Entretenimiento","City tour | Tour de aventura | Caminata | Bicicleta por día | Kayak | Tour gastronomico | Tour de compras | Tour nocturno"
"Entretenimiento/14-estado-resultados-Turismo y Tours.xlsx","Estado de Resultados","Turismo y Tours","Entretenimiento","City tour | Tour de aventura | Caminata | Bicicleta por día | Kayak | Tour gastronomico | Tour de compras | Tour nocturno"
"Entretenimiento/15-flujo-efectivo-indirecto-Turismo y Tours.xlsx","Flujo de Efectivo Indirecto","Turismo y Tours","Entretenimiento","City tour | Tour de aventura | Caminata | Bicicleta por día | Kayak | Tour gastronomico | Tour de compras | Tour nocturno"
"Entretenimiento/16-conciliacion-bancaria-Turismo y Tours.xlsx","Conciliación Bancaria","Turismo y Tours","Entretenimiento","City tour | Tour de aventura | Caminata | Bicicleta por día | Kayak | Tour gastronomico | Tour de compras | Tour nocturno"
"Entretenimiento/17-libro-diario-Turismo y Tours.xlsx","Libro Diario y Mayor","Turismo y Tours","Entretenimiento","City tour | Tour de aventura | Caminata | Bicicleta por día | Kayak | Tour gastronomico | Tour de compras | Tour nocturno"
"Entretenimiento/18-ratios-financieros-Turismo y Tours.xlsx","Ratios Financieros","Turismo y Tours","Entretenimiento","City tour | Tour de aventura | Caminata | Bicicleta por día | Kayak | Tour gastronomico | Tour de compras | Tour nocturno"
"Entretenimiento/19-control-tributario-Turismo y Tours.xlsx","Control Tributario","Turismo y Tours","Entretenimiento","City tour | Tour de aventura | Caminata | Bicicleta por día | Kayak | Tour gastronomico | Tour de compras | Tour nocturno"
"Entretenimiento/20-presupuesto-centros-costo-Turismo y Tours.xlsx","Presupuesto Centros de Costo","Turismo y Tours","Entretenimiento","City tour | Tour de aventura | Caminata | Bicicleta por día | Kayak | Tour gastronomico | Tour de compras | Tour nocturno"
"Entretenimiento/21-activos-fijos-Turismo y Tours.xlsx","Activos Fijos y Depreciación","Turismo y Tours","Entretenimiento","City tour | Tour de aventura | Caminata | Bicicleta por día | Kayak | Tour gastronomico | Tour de compras | Tour nocturno"
"Entretenimiento/22-punto-equilibrio-Turismo y Tours.xlsx","Punto de Equilibrio","Turismo y Tours","Entretenimiento","City tour | Tour de aventura | Caminata | Bicicleta por día | Kayak | Tour gastronomico | Tour de compras | Tour nocturno"
"Entretenimiento/23-estados-comparativos-Turismo y Tours.xlsx","Estados Comparativos 3 Años","Turismo y Tours","Entretenimiento","City tour | Tour de aventura | Caminata | Bicicleta por día | Kayak | Tour gastronomico | Tour de compras | Tour nocturno"
"Entretenimiento/24-costeo-ordenes-Turismo y Tours.xlsx","Costeo porÓrdenes de Trabajo","Turismo y Tours","Entretenimiento","City tour | Tour de aventura | Caminata | Bicicleta por día | Kayak | Tour gastronomico | Tour de compras | Tour nocturno"
"Entretenimiento/25-calculadora-cts-Turismo y Tours.xlsx","Calculadora CTS","Turismo y Tours","Entretenimiento","City tour | Tour de aventura | Caminata | Bicicleta por día | Kayak | Tour gastronomico | Tour de compras | Tour nocturno"
"Entretenimiento/26-gratificaciones-Turismo y Tours.xlsx","Calculadora Gratificaciones","Turismo y Tours","Entretenimiento","City tour | Tour de aventura | Caminata | Bicicleta por día | Kayak | Tour gastronomico | Tour de compras | Tour nocturno"
"Entretenimiento/27-amortizacion-Turismo y Tours.xlsx","Cuadro de Amortización","Turismo y Tours","Entretenimiento","City tour | Tour de aventura | Caminata | Bicicleta por día | Kayak | Tour gastronomico | Tour de compras | Tour nocturno"
"Entretenimiento/28-vacaciones-Turismo y Tours.xlsx","Calculadora Vacaciones","Turismo y Tours","Entretenimiento","City tour | Tour de aventura | Caminata | Bicicleta por día | Kayak | Tour gastronomico | Tour de compras | Tour nocturno"
"Entretenimiento/29-afp-onp-Turismo y Tours.xlsx","Calculadora AFP/ONP","Turismo y Tours","Entretenimiento","City tour | Tour de aventura | Caminata | Bicicleta por día | Kayak | Tour gastronomico | Tour de compras | Tour nocturno"
"Entretenimiento/30-nomina-Turismo y Tours.xlsx","Calculadora Nómina","Turismo y Tours","Entretenimiento","City tour | Tour de aventura | Caminata | Bicicleta por día | Kayak | Tour gastronomico | Tour de compras | Tour nocturno"
"Entretenimiento/31-roi-Turismo y Tours.xlsx","Calculadora ROI","Turismo y Tours","Entretenimiento","City tour | Tour de aventura | Caminata | Bicicleta por día | Kayak | Tour gastronomico | Tour de compras | Tour nocturno"
"Entretenimiento/32-ipc-Turismo y Tours.xlsx","Calculadora IPC","Turismo y Tours","Entretenimiento","City tour | Tour de aventura | Caminata | Bicicleta por día | Kayak | Tour gastronomico | Tour de compras | Tour nocturno"
"Entretenimiento/33-endeudamiento-Turismo y Tours.xlsx","Capacidad Endeudamiento","Turismo y Tours","Entretenimiento","City tour | Tour de aventura | Caminata | Bicicleta por día | Kayak | Tour gastronomico | Tour de compras | Tour nocturno"
"Entretenimiento/34-proyeccion-flujo-Turismo y Tours.xlsx","Proyección Flujo de Caja","Turismo y Tours","Entretenimiento","City tour | Tour de aventura | Caminata | Bicicleta por día | Kayak | Tour gastronomico | Tour de compras | Tour nocturno"
"Profesionales/01-dashboard-financiero-Estudio Contable.xlsx","Dashboard Financiero","Estudio Contable","Profesionales","Declaración mensual | Declaración anual | Balances | Planilla | Asesoría tributaria | Constitución de empresa | Facturación electrónica | Libros contables"
"Profesionales/02-control-ventas-Estudio Contable.xlsx","Control de Ventas","Estudio Contable","Profesionales","Declaración mensual | Declaración anual | Balances | Planilla | Asesoría tributaria | Constitución de empresa | Facturación electrónica | Libros contables"
"Profesionales/03-inventario-Estudio Contable.xlsx","Control de Inventario","Estudio Contable","Profesionales","Declaración mensual | Declaración anual | Balances | Planilla | Asesoría tributaria | Constitución de empresa | Facturación electrónica | Libros contables"
"Profesionales/04-presupuesto-anual-Estudio Contable.xlsx","Presupuesto Anual","Estudio Contable","Profesionales","Declaración mensual | Declaración anual | Balances | Planilla | Asesoría tributaria | Constitución de empresa | Facturación electrónica | Libros contables"
"Profesionales/05-flujo-de-caja-Estudio Contable.xlsx","Flujo de Caja","Estudio Contable","Profesionales","Declaración mensual | Declaración anual | Balances | Planilla | Asesoría tributaria | Constitución de empresa | Facturación electrónica | Libros contables"
"Profesionales/06-gestion-proyectos-Estudio Contable.xlsx","Gestión de Proyectos","Estudio Contable","Profesionales","Declaración mensual | Declaración anual | Balances | Planilla | Asesoría tributaria | Constitución de empresa | Facturación electrónica | Libros contables"
"Profesionales/07-analisis-kpis-Estudio Contable.xlsx","Análisis de KPIs","Estudio Contable","Profesionales","Declaración mensual | Declaración anual | Balances | Planilla | Asesoría tributaria | Constitución de empresa | Facturación electrónica | Libros contables"
"Profesionales/08-control-gastos-Estudio Contable.xlsx","Control de Gastos","Estudio Contable","Profesionales","Declaración mensual | Declaración anual | Balances | Planilla | Asesoría tributaria | Constitución de empresa | Facturación electrónica | Libros contables"
"Profesionales/09-planilla-personal-Estudio Contable.xlsx","Planilla de Personal","Estudio Contable","Profesionales","Declaración mensual | Declaración anual | Balances | Planilla | Asesoría tributaria | Constitución de empresa | Facturación electrónica | Libros contables"
"Profesionales/10-cuentas-por-cobrar-Estudio Contable.xlsx","Cuentas por Cobrar","Estudio Contable","Profesionales","Declaración mensual | Declaración anual | Balances | Planilla | Asesoría tributaria | Constitución de empresa | Facturación electrónica | Libros contables"
"Profesionales/11-caja-diaria-Estudio Contable.xlsx","Caja Diaria","Estudio Contable","Profesionales","Declaración mensual | Declaración anual | Balances | Planilla | Asesoría tributaria | Constitución de empresa | Facturación electrónica | Libros contables"
"Profesionales/12-compras-proveedores-Estudio Contable.xlsx","Compras y Proveedores","Estudio Contable","Profesionales","Declaración mensual | Declaración anual | Balances | Planilla | Asesoría tributaria | Constitución de empresa | Facturación electrónica | Libros contables"
"Profesionales/13-balance-general-Estudio Contable.xlsx","Balance General","Estudio Contable","Profesionales","Declaración mensual | Declaración anual | Balances | Planilla | Asesoría tributaria | Constitución de empresa | Facturación electrónica | Libros contables"
"Profesionales/14-estado-resultados-Estudio Contable.xlsx","Estado de Resultados","Estudio Contable","Profesionales","Declaración mensual | Declaración anual | Balances | Planilla | Asesoría tributaria | Constitución de empresa | Facturación electrónica | Libros contables"
"Profesionales/15-flujo-efectivo-indirecto-Estudio Contable.xlsx","Flujo de Efectivo Indirecto","Estudio Contable","Profesionales","Declaración mensual | Declaración anual | Balances | Planilla | Asesoría tributaria | Constitución de empresa | Facturación electrónica | Libros contables"
"Profesionales/16-conciliacion-bancaria-Estudio Contable.xlsx","Conciliación Bancaria","Estudio Contable","Profesionales","Declaración mensual | Declaración anual | Balances | Planilla | Asesoría tributaria | Constitución de empresa | Facturación electrónica | Libros contables"
"Profesionales/17-libro-diario-Estudio Contable.xlsx","Libro Diario y Mayor","Estudio Contable","Profesionales","Declaración mensual | Declaración anual | Balances | Planilla | Asesoría tributaria | Constitución de empresa | Facturación electrónica | Libros contables"
"Profesionales/18-ratios-financieros-Estudio Contable.xlsx","Ratios Financieros","Estudio Contable","Profesionales","Declaración mensual | Declaración anual | Balances | Planilla | Asesoría tributaria | Constitución de empresa | Facturación electrónica | Libros contables"
"Profesionales/19-control-tributario-Estudio Contable.xlsx","Control Tributario","Estudio Contable","Profesionales","Declaración mensual | Declaración anual | Balances | Planilla | Asesoría tributaria | Constitución de empresa | Facturación electrónica | Libros contables"
"Profesionales/20-presupuesto-centros-costo-Estudio Contable.xlsx","Presupuesto Centros de Costo","Estudio Contable","Profesionales","Declaración mensual | Declaración anual | Balances | Planilla | Asesoría tributaria | Constitución de empresa | Facturación electrónica | Libros contables"
"Profesionales/21-activos-fijos-Estudio Contable.xlsx","Activos Fijos y Depreciación","Estudio Contable","Profesionales","Declaración mensual | Declaración anual | Balances | Planilla | Asesoría tributaria | Constitución de empresa | Facturación electrónica | Libros contables"
"Profesionales/22-punto-equilibrio-Estudio Contable.xlsx","Punto de Equilibrio","Estudio Contable","Profesionales","Declaración mensual | Declaración anual | Balances | Planilla | Asesoría tributaria | Constitución de empresa | Facturación electrónica | Libros contables"
"Profesionales/23-estados-comparativos-Estudio Contable.xlsx","Estados Comparativos 3 Años","Estudio Contable","Profesionales","Declaración mensual | Declaración anual | Balances | Planilla | Asesoría tributaria | Constitución de empresa | Facturación electrónica | Libros contables"
"Profesionales/24-costeo-ordenes-Estudio Contable.xlsx","Costeo porÓrdenes de Trabajo","Estudio Contable","Profesionales","Declaración mensual | Declaración anual | Balances | Planilla | Asesoría tributaria | Constitución de empresa | Facturación electrónica | Libros contables"
"Profesionales/25-calculadora-cts-Estudio Contable.xlsx","Calculadora CTS","Estudio Contable","Profesionales","Declaración mensual | Declaración anual | Balances | Planilla | Asesoría tributaria | Constitución de empresa | Facturación electrónica | Libros contables"
"Profesionales/26-gratificaciones-Estudio Contable.xlsx","Calculadora Gratificaciones","Estudio Contable","Profesionales","Declaración mensual | Declaración anual | Balances | Planilla | Asesoría tributaria | Constitución de empresa | Facturación electrónica | Libros contables"
"Profesionales/27-amortizacion-Estudio Contable.xlsx","Cuadro de Amortización","Estudio Contable","Profesionales","Declaración mensual | Declaración anual | Balances | Planilla | Asesoría tributaria | Constitución de empresa | Facturación electrónica | Libros contables"
"Profesionales/28-vacaciones-Estudio Contable.xlsx","Calculadora Vacaciones","Estudio Contable","Profesionales","Declaración mensual | Declaración anual | Balances | Planilla | Asesoría tributaria | Constitución de empresa | Facturación electrónica | Libros contables"
"Profesionales/29-afp-onp-Estudio Contable.xlsx","Calculadora AFP/ONP","Estudio Contable","Profesionales","Declaración mensual | Declaración anual | Balances | Planilla | Asesoría tributaria | Constitución de empresa | Facturación electrónica | Libros contables"
"Profesionales/30-nomina-Estudio Contable.xlsx","Calculadora Nómina","Estudio Contable","Profesionales","Declaración mensual | Declaración anual | Balances | Planilla | Asesoría tributaria | Constitución de empresa | Facturación electrónica | Libros contables"
"Profesionales/31-roi-Estudio Contable.xlsx","Calculadora ROI","Estudio Contable","Profesionales","Declaración mensual | Declaración anual | Balances | Planilla | Asesoría tributaria | Constitución de empresa | Facturación electrónica | Libros contables"
"Profesionales/32-ipc-Estudio Contable.xlsx","Calculadora IPC","Estudio Contable","Profesionales","Declaración mensual | Declaración anual | Balances | Planilla | Asesoría tributaria | Constitución de empresa | Facturación electrónica | Libros contables"
"Profesionales/33-endeudamiento-Estudio Contable.xlsx","Capacidad Endeudamiento","Estudio Contable","Profesionales","Declaración mensual | Declaración anual | Balances | Planilla | Asesoría tributaria | Constitución de empresa | Facturación electrónica | Libros contables"
"Profesionales/34-proyeccion-flujo-Estudio Contable.xlsx","Proyección Flujo de Caja","Estudio Contable","Profesionales","Declaración mensual | Declaración anual | Balances | Planilla | Asesoría tributaria | Constitución de empresa | Facturación electrónica | Libros contables"
"Profesionales/01-dashboard-financiero-Estudio de Abogados.xlsx","Dashboard Financiero","Estudio de Abogados","Profesionales","Consulta legal | Defensa civil | Defensa laboral | Defensa penal | Contratos | Notarización | Asesoría empresarial | Trámites SUNARP"
"Profesionales/02-control-ventas-Estudio de Abogados.xlsx","Control de Ventas","Estudio de Abogados","Profesionales","Consulta legal | Defensa civil | Defensa laboral | Defensa penal | Contratos | Notarización | Asesoría empresarial | Trámites SUNARP"
"Profesionales/03-inventario-Estudio de Abogados.xlsx","Control de Inventario","Estudio de Abogados","Profesionales","Consulta legal | Defensa civil | Defensa laboral | Defensa penal | Contratos | Notarización | Asesoría empresarial | Trámites SUNARP"
"Profesionales/04-presupuesto-anual-Estudio de Abogados.xlsx","Presupuesto Anual","Estudio de Abogados","Profesionales","Consulta legal | Defensa civil | Defensa laboral | Defensa penal | Contratos | Notarización | Asesoría empresarial | Trámites SUNARP"
"Profesionales/05-flujo-de-caja-Estudio de Abogados.xlsx","Flujo de Caja","Estudio de Abogados","Profesionales","Consulta legal | Defensa civil | Defensa laboral | Defensa penal | Contratos | Notarización | Asesoría empresarial | Trámites SUNARP"
"Profesionales/06-gestion-proyectos-Estudio de Abogados.xlsx","Gestión de Proyectos","Estudio de Abogados","Profesionales","Consulta legal | Defensa civil | Defensa laboral | Defensa penal | Contratos | Notarización | Asesoría empresarial | Trámites SUNARP"
"Profesionales/07-analisis-kpis-Estudio de Abogados.xlsx","Análisis de KPIs","Estudio de Abogados","Profesionales","Consulta legal | Defensa civil | Defensa laboral | Defensa penal | Contratos | Notarización | Asesoría empresarial | Trámites SUNARP"
"Profesionales/08-control-gastos-Estudio de Abogados.xlsx","Control de Gastos","Estudio de Abogados","Profesionales","Consulta legal | Defensa civil | Defensa laboral | Defensa penal | Contratos | Notarización | Asesoría empresarial | Trámites SUNARP"
"Profesionales/09-planilla-personal-Estudio de Abogados.xlsx","Planilla de Personal","Estudio de Abogados","Profesionales","Consulta legal | Defensa civil | Defensa laboral | Defensa penal | Contratos | Notarización | Asesoría empresarial | Trámites SUNARP"
"Profesionales/10-cuentas-por-cobrar-Estudio de Abogados.xlsx","Cuentas por Cobrar","Estudio de Abogados","Profesionales","Consulta legal | Defensa civil | Defensa laboral | Defensa penal | Contratos | Notarización | Asesoría empresarial | Trámites SUNARP"
"Profesionales/11-caja-diaria-Estudio de Abogados.xlsx","Caja Diaria","Estudio de Abogados","Profesionales","Consulta legal | Defensa civil | Defensa laboral | Defensa penal | Contratos | Notarización | Asesoría empresarial | Trámites SUNARP"
"Profesionales/12-compras-proveedores-Estudio de Abogados.xlsx","Compras y Proveedores","Estudio de Abogados","Profesionales","Consulta legal | Defensa civil | Defensa laboral | Defensa penal | Contratos | Notarización | Asesoría empresarial | Trámites SUNARP"
"Profesionales/13-balance-general-Estudio de Abogados.xlsx","Balance General","Estudio de Abogados","Profesionales","Consulta legal | Defensa civil | Defensa laboral | Defensa penal | Contratos | Notarización | Asesoría empresarial | Trámites SUNARP"
"Profesionales/14-estado-resultados-Estudio de Abogados.xlsx","Estado de Resultados","Estudio de Abogados","Profesionales","Consulta legal | Defensa civil | Defensa laboral | Defensa penal | Contratos | Notarización | Asesoría empresarial | Trámites SUNARP"
"Profesionales/15-flujo-efectivo-indirecto-Estudio de Abogados.xlsx","Flujo de Efectivo Indirecto","Estudio de Abogados","Profesionales","Consulta legal | Defensa civil | Defensa laboral | Defensa penal | Contratos | Notarización | Asesoría empresarial | Trámites SUNARP"
"Profesionales/16-conciliacion-bancaria-Estudio de Abogados.xlsx","Conciliación Bancaria","Estudio de Abogados","Profesionales","Consulta legal | Defensa civil | Defensa laboral | Defensa penal | Contratos | Notarización | Asesoría empresarial | Trámites SUNARP"
"Profesionales/17-libro-diario-Estudio de Abogados.xlsx","Libro Diario y Mayor","Estudio de Abogados","Profesionales","Consulta legal | Defensa civil | Defensa laboral | Defensa penal | Contratos | Notarización | Asesoría empresarial | Trámites SUNARP"
"Profesionales/18-ratios-financieros-Estudio de Abogados.xlsx","Ratios Financieros","Estudio de Abogados","Profesionales","Consulta legal | Defensa civil | Defensa laboral | Defensa penal | Contratos | Notarización | Asesoría empresarial | Trámites SUNARP"
"Profesionales/19-control-tributario-Estudio de Abogados.xlsx","Control Tributario","Estudio de Abogados","Profesionales","Consulta legal | Defensa civil | Defensa laboral | Defensa penal | Contratos | Notarización | Asesoría empresarial | Trámites SUNARP"
"Profesionales/20-presupuesto-centros-costo-Estudio de Abogados.xlsx","Presupuesto Centros de Costo","Estudio de Abogados","Profesionales","Consulta legal | Defensa civil | Defensa laboral | Defensa penal | Contratos | Notarización | Asesoría empresarial | Trámites SUNARP"
"Profesionales/21-activos-fijos-Estudio de Abogados.xlsx","Activos Fijos y Depreciación","Estudio de Abogados","Profesionales","Consulta legal | Defensa civil | Defensa laboral | Defensa penal | Contratos | Notarización | Asesoría empresarial | Trámites SUNARP"
"Profesionales/22-punto-equilibrio-Estudio de Abogados.xlsx","Punto de Equilibrio","Estudio de Abogados","Profesionales","Consulta legal | Defensa civil | Defensa laboral | Defensa penal | Contratos | Notarización | Asesoría empresarial | Trámites SUNARP"
"Profesionales/23-estados-comparativos-Estudio de Abogados.xlsx","Estados Comparativos 3 Años","Estudio de Abogados","Profesionales","Consulta legal | Defensa civil | Defensa laboral | Defensa penal | Contratos | Notarización | Asesoría empresarial | Trámites SUNARP"
"Profesionales/24-costeo-ordenes-Estudio de Abogados.xlsx","Costeo porÓrdenes de Trabajo","Estudio de Abogados","Profesionales","Consulta legal | Defensa civil | Defensa laboral | Defensa penal | Contratos | Notarización | Asesoría empresarial | Trámites SUNARP"
"Profesionales/25-calculadora-cts-Estudio de Abogados.xlsx","Calculadora CTS","Estudio de Abogados","Profesionales","Consulta legal | Defensa civil | Defensa laboral | Defensa penal | Contratos | Notarización | Asesoría empresarial | Trámites SUNARP"
"Profesionales/26-gratificaciones-Estudio de Abogados.xlsx","Calculadora Gratificaciones","Estudio de Abogados","Profesionales","Consulta legal | Defensa civil | Defensa laboral | Defensa penal | Contratos | Notarización | Asesoría empresarial | Trámites SUNARP"
"Profesionales/27-amortizacion-Estudio de Abogados.xlsx","Cuadro de Amortización","Estudio de Abogados","Profesionales","Consulta legal | Defensa civil | Defensa laboral | Defensa penal | Contratos | Notarización | Asesoría empresarial | Trámites SUNARP"
"Profesionales/28-vacaciones-Estudio de Abogados.xlsx","Calculadora Vacaciones","Estudio de Abogados","Profesionales","Consulta legal | Defensa civil | Defensa laboral | Defensa penal | Contratos | Notarización | Asesoría empresarial | Trámites SUNARP"
"Profesionales/29-afp-onp-Estudio de Abogados.xlsx","Calculadora AFP/ONP","Estudio de Abogados","Profesionales","Consulta legal | Defensa civil | Defensa laboral | Defensa penal | Contratos | Notarización | Asesoría empresarial | Trámites SUNARP"
"Profesionales/30-nomina-Estudio de Abogados.xlsx","Calculadora Nómina","Estudio de Abogados","Profesionales","Consulta legal | Defensa civil | Defensa laboral | Defensa penal | Contratos | Notarización | Asesoría empresarial | Trámites SUNARP"
"Profesionales/31-roi-Estudio de Abogados.xlsx","Calculadora ROI","Estudio de Abogados","Profesionales","Consulta legal | Defensa civil | Defensa laboral | Defensa penal | Contratos | Notarización | Asesoría empresarial | Trámites SUNARP"
"Profesionales/32-ipc-Estudio de Abogados.xlsx","Calculadora IPC","Estudio de Abogados","Profesionales","Consulta legal | Defensa civil | Defensa laboral | Defensa penal | Contratos | Notarización | Asesoría empresarial | Trámites SUNARP"
"Profesionales/33-endeudamiento-Estudio de Abogados.xlsx","Capacidad Endeudamiento","Estudio de Abogados","Profesionales","Consulta legal | Defensa civil | Defensa laboral | Defensa penal | Contratos | Notarización | Asesoría empresarial | Trámites SUNARP"
"Profesionales/34-proyeccion-flujo-Estudio de Abogados.xlsx","Proyección Flujo de Caja","Estudio de Abogados","Profesionales","Consulta legal | Defensa civil | Defensa laboral | Defensa penal | Contratos | Notarización | Asesoría empresarial | Trámites SUNARP"
"Profesionales/01-dashboard-financiero-Consultora de Negocios.xlsx","Dashboard Financiero","Consultora de Negocios","Profesionales","Plan de negocio | Estudio de mercado | Consultoría financiera | Mejora de procesos | Capacitación empresarial | Valuación de empresa | Estructuración de costos | Acompañamiento emprendedor"
"Profesionales/02-control-ventas-Consultora de Negocios.xlsx","Control de Ventas","Consultora de Negocios","Profesionales","Plan de negocio | Estudio de mercado | Consultoría financiera | Mejora de procesos | Capacitación empresarial | Valuación de empresa | Estructuración de costos | Acompañamiento emprendedor"
"Profesionales/03-inventario-Consultora de Negocios.xlsx","Control de Inventario","Consultora de Negocios","Profesionales","Plan de negocio | Estudio de mercado | Consultoría financiera | Mejora de procesos | Capacitación empresarial | Valuación de empresa | Estructuración de costos | Acompañamiento emprendedor"
"Profesionales/04-presupuesto-anual-Consultora de Negocios.xlsx","Presupuesto Anual","Consultora de Negocios","Profesionales","Plan de negocio | Estudio de mercado | Consultoría financiera | Mejora de procesos | Capacitación empresarial | Valuación de empresa | Estructuración de costos | Acompañamiento emprendedor"
"Profesionales/05-flujo-de-caja-Consultora de Negocios.xlsx","Flujo de Caja","Consultora de Negocios","Profesionales","Plan de negocio | Estudio de mercado | Consultoría financiera | Mejora de procesos | Capacitación empresarial | Valuación de empresa | Estructuración de costos | Acompañamiento emprendedor"
"Profesionales/06-gestion-proyectos-Consultora de Negocios.xlsx","Gestión de Proyectos","Consultora de Negocios","Profesionales","Plan de negocio | Estudio de mercado | Consultoría financiera | Mejora de procesos | Capacitación empresarial | Valuación de empresa | Estructuración de costos | Acompañamiento emprendedor"
"Profesionales/07-analisis-kpis-Consultora de Negocios.xlsx","Análisis de KPIs","Consultora de Negocios","Profesionales","Plan de negocio | Estudio de mercado | Consultoría financiera | Mejora de procesos | Capacitación empresarial | Valuación de empresa | Estructuración de costos | Acompañamiento emprendedor"
"Profesionales/08-control-gastos-Consultora de Negocios.xlsx","Control de Gastos","Consultora de Negocios","Profesionales","Plan de negocio | Estudio de mercado | Consultoría financiera | Mejora de procesos | Capacitación empresarial | Valuación de empresa | Estructuración de costos | Acompañamiento emprendedor"
"Profesionales/09-planilla-personal-Consultora de Negocios.xlsx","Planilla de Personal","Consultora de Negocios","Profesionales","Plan de negocio | Estudio de mercado | Consultoría financiera | Mejora de procesos | Capacitación empresarial | Valuación de empresa | Estructuración de costos | Acompañamiento emprendedor"
"Profesionales/10-cuentas-por-cobrar-Consultora de Negocios.xlsx","Cuentas por Cobrar","Consultora de Negocios","Profesionales","Plan de negocio | Estudio de mercado | Consultoría financiera | Mejora de procesos | Capacitación empresarial | Valuación de empresa | Estructuración de costos | Acompañamiento emprendedor"
"Profesionales/11-caja-diaria-Consultora de Negocios.xlsx","Caja Diaria","Consultora de Negocios","Profesionales","Plan de negocio | Estudio de mercado | Consultoría financiera | Mejora de procesos | Capacitación empresarial | Valuación de empresa | Estructuración de costos | Acompañamiento emprendedor"
"Profesionales/12-compras-proveedores-Consultora de Negocios.xlsx","Compras y Proveedores","Consultora de Negocios","Profesionales","Plan de negocio | Estudio de mercado | Consultoría financiera | Mejora de procesos | Capacitación empresarial | Valuación de empresa | Estructuración de costos | Acompañamiento emprendedor"
"Profesionales/13-balance-general-Consultora de Negocios.xlsx","Balance General","Consultora de Negocios","Profesionales","Plan de negocio | Estudio de mercado | Consultoría financiera | Mejora de procesos | Capacitación empresarial | Valuación de empresa | Estructuración de costos | Acompañamiento emprendedor"
"Profesionales/14-estado-resultados-Consultora de Negocios.xlsx","Estado de Resultados","Consultora de Negocios","Profesionales","Plan de negocio | Estudio de mercado | Consultoría financiera | Mejora de procesos | Capacitación empresarial | Valuación de empresa | Estructuración de costos | Acompañamiento emprendedor"
"Profesionales/15-flujo-efectivo-indirecto-Consultora de Negocios.xlsx","Flujo de Efectivo Indirecto","Consultora de Negocios","Profesionales","Plan de negocio | Estudio de mercado | Consultoría financiera | Mejora de procesos | Capacitación empresarial | Valuación de empresa | Estructuración de costos | Acompañamiento emprendedor"
"Profesionales/16-conciliacion-bancaria-Consultora de Negocios.xlsx","Conciliación Bancaria","Consultora de Negocios","Profesionales","Plan de negocio | Estudio de mercado | Consultoría financiera | Mejora de procesos | Capacitación empresarial | Valuación de empresa | Estructuración de costos | Acompañamiento emprendedor"
"Profesionales/17-libro-diario-Consultora de Negocios.xlsx","Libro Diario y Mayor","Consultora de Negocios","Profesionales","Plan de negocio | Estudio de mercado | Consultoría financiera | Mejora de procesos | Capacitación empresarial | Valuación de empresa | Estructuración de costos | Acompañamiento emprendedor"
"Profesionales/18-ratios-financieros-Consultora de Negocios.xlsx","Ratios Financieros","Consultora de Negocios","Profesionales","Plan de negocio | Estudio de mercado | Consultoría financiera | Mejora de procesos | Capacitación empresarial | Valuación de empresa | Estructuración de costos | Acompañamiento emprendedor"
"Profesionales/19-control-tributario-Consultora de Negocios.xlsx","Control Tributario","Consultora de Negocios","Profesionales","Plan de negocio | Estudio de mercado | Consultoría financiera | Mejora de procesos | Capacitación empresarial | Valuación de empresa | Estructuración de costos | Acompañamiento emprendedor"
"Profesionales/20-presupuesto-centros-costo-Consultora de Negocios.xlsx","Presupuesto Centros de Costo","Consultora de Negocios","Profesionales","Plan de negocio | Estudio de mercado | Consultoría financiera | Mejora de procesos | Capacitación empresarial | Valuación de empresa | Estructuración de costos | Acompañamiento emprendedor"
"Profesionales/21-activos-fijos-Consultora de Negocios.xlsx","Activos Fijos y Depreciación","Consultora de Negocios","Profesionales","Plan de negocio | Estudio de mercado | Consultoría financiera | Mejora de procesos | Capacitación empresarial | Valuación de empresa | Estructuración de costos | Acompañamiento emprendedor"
"Profesionales/22-punto-equilibrio-Consultora de Negocios.xlsx","Punto de Equilibrio","Consultora de Negocios","Profesionales","Plan de negocio | Estudio de mercado | Consultoría financiera | Mejora de procesos | Capacitación empresarial | Valuación de empresa | Estructuración de costos | Acompañamiento emprendedor"
"Profesionales/23-estados-comparativos-Consultora de Negocios.xlsx","Estados Comparativos 3 Años","Consultora de Negocios","Profesionales","Plan de negocio | Estudio de mercado | Consultoría financiera | Mejora de procesos | Capacitación empresarial | Valuación de empresa | Estructuración de costos | Acompañamiento emprendedor"
"Profesionales/24-costeo-ordenes-Consultora de Negocios.xlsx","Costeo porÓrdenes de Trabajo","Consultora de Negocios","Profesionales","Plan de negocio | Estudio de mercado | Consultoría financiera | Mejora de procesos | Capacitación empresarial | Valuación de empresa | Estructuración de costos | Acompañamiento emprendedor"
"Profesionales/25-calculadora-cts-Consultora de Negocios.xlsx","Calculadora CTS","Consultora de Negocios","Profesionales","Plan de negocio | Estudio de mercado | Consultoría financiera | Mejora de procesos | Capacitación empresarial | Valuación de empresa | Estructuración de costos | Acompañamiento emprendedor"
"Profesionales/26-gratificaciones-Consultora de Negocios.xlsx","Calculadora Gratificaciones","Consultora de Negocios","Profesionales","Plan de negocio | Estudio de mercado | Consultoría financiera | Mejora de procesos | Capacitación empresarial | Valuación de empresa | Estructuración de costos | Acompañamiento emprendedor"
"Profesionales/27-amortizacion-Consultora de Negocios.xlsx","Cuadro de Amortización","Consultora de Negocios","Profesionales","Plan de negocio | Estudio de mercado | Consultoría financiera | Mejora de procesos | Capacitación empresarial | Valuación de empresa | Estructuración de costos | Acompañamiento emprendedor"
"Profesionales/28-vacaciones-Consultora de Negocios.xlsx","Calculadora Vacaciones","Consultora de Negocios","Profesionales","Plan de negocio | Estudio de mercado | Consultoría financiera | Mejora de procesos | Capacitación empresarial | Valuación de empresa | Estructuración de costos | Acompañamiento emprendedor"
"Profesionales/29-afp-onp-Consultora de Negocios.xlsx","Calculadora AFP/ONP","Consultora de Negocios","Profesionales","Plan de negocio | Estudio de mercado | Consultoría financiera | Mejora de procesos | Capacitación empresarial | Valuación de empresa | Estructuración de costos | Acompañamiento emprendedor"
"Profesionales/30-nomina-Consultora de Negocios.xlsx","Calculadora Nómina","Consultora de Negocios","Profesionales","Plan de negocio | Estudio de mercado | Consultoría financiera | Mejora de procesos | Capacitación empresarial | Valuación de empresa | Estructuración de costos | Acompañamiento emprendedor"
"Profesionales/31-roi-Consultora de Negocios.xlsx","Calculadora ROI","Consultora de Negocios","Profesionales","Plan de negocio | Estudio de mercado | Consultoría financiera | Mejora de procesos | Capacitación empresarial | Valuación de empresa | Estructuración de costos | Acompañamiento emprendedor"
"Profesionales/32-ipc-Consultora de Negocios.xlsx","Calculadora IPC","Consultora de Negocios","Profesionales","Plan de negocio | Estudio de mercado | Consultoría financiera | Mejora de procesos | Capacitación empresarial | Valuación de empresa | Estructuración de costos | Acompañamiento emprendedor"
"Profesionales/33-endeudamiento-Consultora de Negocios.xlsx","Capacidad Endeudamiento","Consultora de Negocios","Profesionales","Plan de negocio | Estudio de mercado | Consultoría financiera | Mejora de procesos | Capacitación empresarial | Valuación de empresa | Estructuración de costos | Acompañamiento emprendedor"
"Profesionales/34-proyeccion-flujo-Consultora de Negocios.xlsx","Proyección Flujo de Caja","Consultora de Negocios","Profesionales","Plan de negocio | Estudio de mercado | Consultoría financiera | Mejora de procesos | Capacitación empresarial | Valuación de empresa | Estructuración de costos | Acompañamiento emprendedor"
"Profesionales/01-dashboard-financiero-Diseno y Marketing Digital.xlsx","Dashboard Financiero","Diseño y Marketing Digital","Profesionales","Diseño de logo | Identidad corporativa | Community manager | Diseño de web | Tienda virtual | Campaña digital | Diseño de catálogo | Fotografía comercial"
"Profesionales/02-control-ventas-Diseno y Marketing Digital.xlsx","Control de Ventas","Diseño y Marketing Digital","Profesionales","Diseño de logo | Identidad corporativa | Community manager | Diseño de web | Tienda virtual | Campaña digital | Diseño de catálogo | Fotografía comercial"
"Profesionales/03-inventario-Diseno y Marketing Digital.xlsx","Control de Inventario","Diseño y Marketing Digital","Profesionales","Diseño de logo | Identidad corporativa | Community manager | Diseño de web | Tienda virtual | Campaña digital | Diseño de catálogo | Fotografía comercial"
"Profesionales/04-presupuesto-anual-Diseno y Marketing Digital.xlsx","Presupuesto Anual","Diseño y Marketing Digital","Profesionales","Diseño de logo | Identidad corporativa | Community manager | Diseño de web | Tienda virtual | Campaña digital | Diseño de catálogo | Fotografía comercial"
"Profesionales/05-flujo-de-caja-Diseno y Marketing Digital.xlsx","Flujo de Caja","Diseño y Marketing Digital","Profesionales","Diseño de logo | Identidad corporativa | Community manager | Diseño de web | Tienda virtual | Campaña digital | Diseño de catálogo | Fotografía comercial"
"Profesionales/06-gestion-proyectos-Diseno y Marketing Digital.xlsx","Gestión de Proyectos","Diseño y Marketing Digital","Profesionales","Diseño de logo | Identidad corporativa | Community manager | Diseño de web | Tienda virtual | Campaña digital | Diseño de catálogo | Fotografía comercial"
"Profesionales/07-analisis-kpis-Diseno y Marketing Digital.xlsx","Análisis de KPIs","Diseño y Marketing Digital","Profesionales","Diseño de logo | Identidad corporativa | Community manager | Diseño de web | Tienda virtual | Campaña digital | Diseño de catálogo | Fotografía comercial"
"Profesionales/08-control-gastos-Diseno y Marketing Digital.xlsx","Control de Gastos","Diseño y Marketing Digital","Profesionales","Diseño de logo | Identidad corporativa | Community manager | Diseño de web | Tienda virtual | Campaña digital | Diseño de catálogo | Fotografía comercial"
"Profesionales/09-planilla-personal-Diseno y Marketing Digital.xlsx","Planilla de Personal","Diseño y Marketing Digital","Profesionales","Diseño de logo | Identidad corporativa | Community manager | Diseño de web | Tienda virtual | Campaña digital | Diseño de catálogo | Fotografía comercial"
"Profesionales/10-cuentas-por-cobrar-Diseno y Marketing Digital.xlsx","Cuentas por Cobrar","Diseño y Marketing Digital","Profesionales","Diseño de logo | Identidad corporativa | Community manager | Diseño de web | Tienda virtual | Campaña digital | Diseño de catálogo | Fotografía comercial"
"Profesionales/11-caja-diaria-Diseno y Marketing Digital.xlsx","Caja Diaria","Diseño y Marketing Digital","Profesionales","Diseño de logo | Identidad corporativa | Community manager | Diseño de web | Tienda virtual | Campaña digital | Diseño de catálogo | Fotografía comercial"
"Profesionales/12-compras-proveedores-Diseno y Marketing Digital.xlsx","Compras y Proveedores","Diseño y Marketing Digital","Profesionales","Diseño de logo | Identidad corporativa | Community manager | Diseño de web | Tienda virtual | Campaña digital | Diseño de catálogo | Fotografía comercial"
"Profesionales/13-balance-general-Diseno y Marketing Digital.xlsx","Balance General","Diseño y Marketing Digital","Profesionales","Diseño de logo | Identidad corporativa | Community manager | Diseño de web | Tienda virtual | Campaña digital | Diseño de catálogo | Fotografía comercial"
"Profesionales/14-estado-resultados-Diseno y Marketing Digital.xlsx","Estado de Resultados","Diseño y Marketing Digital","Profesionales","Diseño de logo | Identidad corporativa | Community manager | Diseño de web | Tienda virtual | Campaña digital | Diseño de catálogo | Fotografía comercial"
"Profesionales/15-flujo-efectivo-indirecto-Diseno y Marketing Digital.xlsx","Flujo de Efectivo Indirecto","Diseño y Marketing Digital","Profesionales","Diseño de logo | Identidad corporativa | Community manager | Diseño de web | Tienda virtual | Campaña digital | Diseño de catálogo | Fotografía comercial"
"Profesionales/16-conciliacion-bancaria-Diseno y Marketing Digital.xlsx","Conciliación Bancaria","Diseño y Marketing Digital","Profesionales","Diseño de logo | Identidad corporativa | Community manager | Diseño de web | Tienda virtual | Campaña digital | Diseño de catálogo | Fotografía comercial"
"Profesionales/17-libro-diario-Diseno y Marketing Digital.xlsx","Libro Diario y Mayor","Diseño y Marketing Digital","Profesionales","Diseño de logo | Identidad corporativa | Community manager | Diseño de web | Tienda virtual | Campaña digital | Diseño de catálogo | Fotografía comercial"
"Profesionales/18-ratios-financieros-Diseno y Marketing Digital.xlsx","Ratios Financieros","Diseño y Marketing Digital","Profesionales","Diseño de logo | Identidad corporativa | Community manager | Diseño de web | Tienda virtual | Campaña digital | Diseño de catálogo | Fotografía comercial"
"Profesionales/19-control-tributario-Diseno y Marketing Digital.xlsx","Control Tributario","Diseño y Marketing Digital","Profesionales","Diseño de logo | Identidad corporativa | Community manager | Diseño de web | Tienda virtual | Campaña digital | Diseño de catálogo | Fotografía comercial"
"Profesionales/20-presupuesto-centros-costo-Diseno y Marketing Digital.xlsx","Presupuesto Centros de Costo","Diseño y Marketing Digital","Profesionales","Diseño de logo | Identidad corporativa | Community manager | Diseño de web | Tienda virtual | Campaña digital | Diseño de catálogo | Fotografía comercial"
"Profesionales/21-activos-fijos-Diseno y Marketing Digital.xlsx","Activos Fijos y Depreciación","Diseño y Marketing Digital","Profesionales","Diseño de logo | Identidad corporativa | Community manager | Diseño de web | Tienda virtual | Campaña digital | Diseño de catálogo | Fotografía comercial"
"Profesionales/22-punto-equilibrio-Diseno y Marketing Digital.xlsx","Punto de Equilibrio","Diseño y Marketing Digital","Profesionales","Diseño de logo | Identidad corporativa | Community manager | Diseño de web | Tienda virtual | Campaña digital | Diseño de catálogo | Fotografía comercial"
"Profesionales/23-estados-comparativos-Diseno y Marketing Digital.xlsx","Estados Comparativos 3 Años","Diseño y Marketing Digital","Profesionales","Diseño de logo | Identidad corporativa | Community manager | Diseño de web | Tienda virtual | Campaña digital | Diseño de catálogo | Fotografía comercial"
"Profesionales/24-costeo-ordenes-Diseno y Marketing Digital.xlsx","Costeo porÓrdenes de Trabajo","Diseño y Marketing Digital","Profesionales","Diseño de logo | Identidad corporativa | Community manager | Diseño de web | Tienda virtual | Campaña digital | Diseño de catálogo | Fotografía comercial"
"Profesionales/25-calculadora-cts-Diseno y Marketing Digital.xlsx","Calculadora CTS","Diseño y Marketing Digital","Profesionales","Diseño de logo | Identidad corporativa | Community manager | Diseño de web | Tienda virtual | Campaña digital | Diseño de catálogo | Fotografía comercial"
"Profesionales/26-gratificaciones-Diseno y Marketing Digital.xlsx","Calculadora Gratificaciones","Diseño y Marketing Digital","Profesionales","Diseño de logo | Identidad corporativa | Community manager | Diseño de web | Tienda virtual | Campaña digital | Diseño de catálogo | Fotografía comercial"
"Profesionales/27-amortizacion-Diseno y Marketing Digital.xlsx","Cuadro de Amortización","Diseño y Marketing Digital","Profesionales","Diseño de logo | Identidad corporativa | Community manager | Diseño de web | Tienda virtual | Campaña digital | Diseño de catálogo | Fotografía comercial"
"Profesionales/28-vacaciones-Diseno y Marketing Digital.xlsx","Calculadora Vacaciones","Diseño y Marketing Digital","Profesionales","Diseño de logo | Identidad corporativa | Community manager | Diseño de web | Tienda virtual | Campaña digital | Diseño de catálogo | Fotografía comercial"
"Profesionales/29-afp-onp-Diseno y Marketing Digital.xlsx","Calculadora AFP/ONP","Diseño y Marketing Digital","Profesionales","Diseño de logo | Identidad corporativa | Community manager | Diseño de web | Tienda virtual | Campaña digital | Diseño de catálogo | Fotografía comercial"
"Profesionales/30-nomina-Diseno y Marketing Digital.xlsx","Calculadora Nómina","Diseño y Marketing Digital","Profesionales","Diseño de logo | Identidad corporativa | Community manager | Diseño de web | Tienda virtual | Campaña digital | Diseño de catálogo | Fotografía comercial"
"Profesionales/31-roi-Diseno y Marketing Digital.xlsx","Calculadora ROI","Diseño y Marketing Digital","Profesionales","Diseño de logo | Identidad corporativa | Community manager | Diseño de web | Tienda virtual | Campaña digital | Diseño de catálogo | Fotografía comercial"
"Profesionales/32-ipc-Diseno y Marketing Digital.xlsx","Calculadora IPC","Diseño y Marketing Digital","Profesionales","Diseño de logo | Identidad corporativa | Community manager | Diseño de web | Tienda virtual | Campaña digital | Diseño de catálogo | Fotografía comercial"
"Profesionales/33-endeudamiento-Diseno y Marketing Digital.xlsx","Capacidad Endeudamiento","Diseño y Marketing Digital","Profesionales","Diseño de logo | Identidad corporativa | Community manager | Diseño de web | Tienda virtual | Campaña digital | Diseño de catálogo | Fotografía comercial"
"Profesionales/34-proyeccion-flujo-Diseno y Marketing Digital.xlsx","Proyección Flujo de Caja","Diseño y Marketing Digital","Profesionales","Diseño de logo | Identidad corporativa | Community manager | Diseño de web | Tienda virtual | Campaña digital | Diseño de catálogo | Fotografía comercial"
"Profesionales/01-dashboard-financiero-Soporte Tecnico IT.xlsx","Dashboard Financiero","Soporte Técnico IT","Profesionales","Formateo de PC | Instalación de programas | Limpieza de virus | Mantenimiento preventivo | Instalación de redes | Soporte a empresas | Recuperación de datos | Cambio de componentes"
"Profesionales/02-control-ventas-Soporte Tecnico IT.xlsx","Control de Ventas","Soporte Técnico IT","Profesionales","Formateo de PC | Instalación de programas | Limpieza de virus | Mantenimiento preventivo | Instalación de redes | Soporte a empresas | Recuperación de datos | Cambio de componentes"
"Profesionales/03-inventario-Soporte Tecnico IT.xlsx","Control de Inventario","Soporte Técnico IT","Profesionales","Formateo de PC | Instalación de programas | Limpieza de virus | Mantenimiento preventivo | Instalación de redes | Soporte a empresas | Recuperación de datos | Cambio de componentes"
"Profesionales/04-presupuesto-anual-Soporte Tecnico IT.xlsx","Presupuesto Anual","Soporte Técnico IT","Profesionales","Formateo de PC | Instalación de programas | Limpieza de virus | Mantenimiento preventivo | Instalación de redes | Soporte a empresas | Recuperación de datos | Cambio de componentes"
"Profesionales/05-flujo-de-caja-Soporte Tecnico IT.xlsx","Flujo de Caja","Soporte Técnico IT","Profesionales","Formateo de PC | Instalación de programas | Limpieza de virus | Mantenimiento preventivo | Instalación de redes | Soporte a empresas | Recuperación de datos | Cambio de componentes"
"Profesionales/06-gestion-proyectos-Soporte Tecnico IT.xlsx","Gestión de Proyectos","Soporte Técnico IT","Profesionales","Formateo de PC | Instalación de programas | Limpieza de virus | Mantenimiento preventivo | Instalación de redes | Soporte a empresas | Recuperación de datos | Cambio de componentes"
"Profesionales/07-analisis-kpis-Soporte Tecnico IT.xlsx","Análisis de KPIs","Soporte Técnico IT","Profesionales","Formateo de PC | Instalación de programas | Limpieza de virus | Mantenimiento preventivo | Instalación de redes | Soporte a empresas | Recuperación de datos | Cambio de componentes"
"Profesionales/08-control-gastos-Soporte Tecnico IT.xlsx","Control de Gastos","Soporte Técnico IT","Profesionales","Formateo de PC | Instalación de programas | Limpieza de virus | Mantenimiento preventivo | Instalación de redes | Soporte a empresas | Recuperación de datos | Cambio de componentes"
"Profesionales/09-planilla-personal-Soporte Tecnico IT.xlsx","Planilla de Personal","Soporte Técnico IT","Profesionales","Formateo de PC | Instalación de programas | Limpieza de virus | Mantenimiento preventivo | Instalación de redes | Soporte a empresas | Recuperación de datos | Cambio de componentes"
"Profesionales/10-cuentas-por-cobrar-Soporte Tecnico IT.xlsx","Cuentas por Cobrar","Soporte Técnico IT","Profesionales","Formateo de PC | Instalación de programas | Limpieza de virus | Mantenimiento preventivo | Instalación de redes | Soporte a empresas | Recuperación de datos | Cambio de componentes"
"Profesionales/11-caja-diaria-Soporte Tecnico IT.xlsx","Caja Diaria","Soporte Técnico IT","Profesionales","Formateo de PC | Instalación de programas | Limpieza de virus | Mantenimiento preventivo | Instalación de redes | Soporte a empresas | Recuperación de datos | Cambio de componentes"
"Profesionales/12-compras-proveedores-Soporte Tecnico IT.xlsx","Compras y Proveedores","Soporte Técnico IT","Profesionales","Formateo de PC | Instalación de programas | Limpieza de virus | Mantenimiento preventivo | Instalación de redes | Soporte a empresas | Recuperación de datos | Cambio de componentes"
"Profesionales/13-balance-general-Soporte Tecnico IT.xlsx","Balance General","Soporte Técnico IT","Profesionales","Formateo de PC | Instalación de programas | Limpieza de virus | Mantenimiento preventivo | Instalación de redes | Soporte a empresas | Recuperación de datos | Cambio de componentes"
"Profesionales/14-estado-resultados-Soporte Tecnico IT.xlsx","Estado de Resultados","Soporte Técnico IT","Profesionales","Formateo de PC | Instalación de programas | Limpieza de virus | Mantenimiento preventivo | Instalación de redes | Soporte a empresas | Recuperación de datos | Cambio de componentes"
"Profesionales/15-flujo-efectivo-indirecto-Soporte Tecnico IT.xlsx","Flujo de Efectivo Indirecto","Soporte Técnico IT","Profesionales","Formateo de PC | Instalación de programas | Limpieza de virus | Mantenimiento preventivo | Instalación de redes | Soporte a empresas | Recuperación de datos | Cambio de componentes"
"Profesionales/16-conciliacion-bancaria-Soporte Tecnico IT.xlsx","Conciliación Bancaria","Soporte Técnico IT","Profesionales","Formateo de PC | Instalación de programas | Limpieza de virus | Mantenimiento preventivo | Instalación de redes | Soporte a empresas | Recuperación de datos | Cambio de componentes"
"Profesionales/17-libro-diario-Soporte Tecnico IT.xlsx","Libro Diario y Mayor","Soporte Técnico IT","Profesionales","Formateo de PC | Instalación de programas | Limpieza de virus | Mantenimiento preventivo | Instalación de redes | Soporte a empresas | Recuperación de datos | Cambio de componentes"
"Profesionales/18-ratios-financieros-Soporte Tecnico IT.xlsx","Ratios Financieros","Soporte Técnico IT","Profesionales","Formateo de PC | Instalación de programas | Limpieza de virus | Mantenimiento preventivo | Instalación de redes | Soporte a empresas | Recuperación de datos | Cambio de componentes"
"Profesionales/19-control-tributario-Soporte Tecnico IT.xlsx","Control Tributario","Soporte Técnico IT","Profesionales","Formateo de PC | Instalación de programas | Limpieza de virus | Mantenimiento preventivo | Instalación de redes | Soporte a empresas | Recuperación de datos | Cambio de componentes"
"Profesionales/20-presupuesto-centros-costo-Soporte Tecnico IT.xlsx","Presupuesto Centros de Costo","Soporte Técnico IT","Profesionales","Formateo de PC | Instalación de programas | Limpieza de virus | Mantenimiento preventivo | Instalación de redes | Soporte a empresas | Recuperación de datos | Cambio de componentes"
"Profesionales/21-activos-fijos-Soporte Tecnico IT.xlsx","Activos Fijos y Depreciación","Soporte Técnico IT","Profesionales","Formateo de PC | Instalación de programas | Limpieza de virus | Mantenimiento preventivo | Instalación de redes | Soporte a empresas | Recuperación de datos | Cambio de componentes"
"Profesionales/22-punto-equilibrio-Soporte Tecnico IT.xlsx","Punto de Equilibrio","Soporte Técnico IT","Profesionales","Formateo de PC | Instalación de programas | Limpieza de virus | Mantenimiento preventivo | Instalación de redes | Soporte a empresas | Recuperación de datos | Cambio de componentes"
"Profesionales/23-estados-comparativos-Soporte Tecnico IT.xlsx","Estados Comparativos 3 Años","Soporte Técnico IT","Profesionales","Formateo de PC | Instalación de programas | Limpieza de virus | Mantenimiento preventivo | Instalación de redes | Soporte a empresas | Recuperación de datos | Cambio de componentes"
"Profesionales/24-costeo-ordenes-Soporte Tecnico IT.xlsx","Costeo porÓrdenes de Trabajo","Soporte Técnico IT","Profesionales","Formateo de PC | Instalación de programas | Limpieza de virus | Mantenimiento preventivo | Instalación de redes | Soporte a empresas | Recuperación de datos | Cambio de componentes"
"Profesionales/25-calculadora-cts-Soporte Tecnico IT.xlsx","Calculadora CTS","Soporte Técnico IT","Profesionales","Formateo de PC | Instalación de programas | Limpieza de virus | Mantenimiento preventivo | Instalación de redes | Soporte a empresas | Recuperación de datos | Cambio de componentes"
"Profesionales/26-gratificaciones-Soporte Tecnico IT.xlsx","Calculadora Gratificaciones","Soporte Técnico IT","Profesionales","Formateo de PC | Instalación de programas | Limpieza de virus | Mantenimiento preventivo | Instalación de redes | Soporte a empresas | Recuperación de datos | Cambio de componentes"
"Profesionales/27-amortizacion-Soporte Tecnico IT.xlsx","Cuadro de Amortización","Soporte Técnico IT","Profesionales","Formateo de PC | Instalación de programas | Limpieza de virus | Mantenimiento preventivo | Instalación de redes | Soporte a empresas | Recuperación de datos | Cambio de componentes"
"Profesionales/28-vacaciones-Soporte Tecnico IT.xlsx","Calculadora Vacaciones","Soporte Técnico IT","Profesionales","Formateo de PC | Instalación de programas | Limpieza de virus | Mantenimiento preventivo | Instalación de redes | Soporte a empresas | Recuperación de datos | Cambio de componentes"
"Profesionales/29-afp-onp-Soporte Tecnico IT.xlsx","Calculadora AFP/ONP","Soporte Técnico IT","Profesionales","Formateo de PC | Instalación de programas | Limpieza de virus | Mantenimiento preventivo | Instalación de redes | Soporte a empresas | Recuperación de datos | Cambio de componentes"
"Profesionales/30-nomina-Soporte Tecnico IT.xlsx","Calculadora Nómina","Soporte Técnico IT","Profesionales","Formateo de PC | Instalación de programas | Limpieza de virus | Mantenimiento preventivo | Instalación de redes | Soporte a empresas | Recuperación de datos | Cambio de componentes"
"Profesionales/31-roi-Soporte Tecnico IT.xlsx","Calculadora ROI","Soporte Técnico IT","Profesionales","Formateo de PC | Instalación de programas | Limpieza de virus | Mantenimiento preventivo | Instalación de redes | Soporte a empresas | Recuperación de datos | Cambio de componentes"
"Profesionales/32-ipc-Soporte Tecnico IT.xlsx","Calculadora IPC","Soporte Técnico IT","Profesionales","Formateo de PC | Instalación de programas | Limpieza de virus | Mantenimiento preventivo | Instalación de redes | Soporte a empresas | Recuperación de datos | Cambio de componentes"
"Profesionales/33-endeudamiento-Soporte Tecnico IT.xlsx","Capacidad Endeudamiento","Soporte Técnico IT","Profesionales","Formateo de PC | Instalación de programas | Limpieza de virus | Mantenimiento preventivo | Instalación de redes | Soporte a empresas | Recuperación de datos | Cambio de componentes"
"Profesionales/34-proyeccion-flujo-Soporte Tecnico IT.xlsx","Proyección Flujo de Caja","Soporte Técnico IT","Profesionales","Formateo de PC | Instalación de programas | Limpieza de virus | Mantenimiento preventivo | Instalación de redes | Soporte a empresas | Recuperación de datos | Cambio de componentes"
"Profesionales/01-dashboard-financiero-Inmobiliaria.xlsx","Dashboard Financiero","Inmobiliaria","Profesionales","Venta de departamento | Alquiler de departamento | Venta de terreno | Alquiler de local | Administración de inmuebles | Tasación | Asesoría legal | Publicación destacada"
"Profesionales/02-control-ventas-Inmobiliaria.xlsx","Control de Ventas","Inmobiliaria","Profesionales","Venta de departamento | Alquiler de departamento | Venta de terreno | Alquiler de local | Administración de inmuebles | Tasación | Asesoría legal | Publicación destacada"
"Profesionales/03-inventario-Inmobiliaria.xlsx","Control de Inventario","Inmobiliaria","Profesionales","Venta de departamento | Alquiler de departamento | Venta de terreno | Alquiler de local | Administración de inmuebles | Tasación | Asesoría legal | Publicación destacada"
"Profesionales/04-presupuesto-anual-Inmobiliaria.xlsx","Presupuesto Anual","Inmobiliaria","Profesionales","Venta de departamento | Alquiler de departamento | Venta de terreno | Alquiler de local | Administración de inmuebles | Tasación | Asesoría legal | Publicación destacada"
"Profesionales/05-flujo-de-caja-Inmobiliaria.xlsx","Flujo de Caja","Inmobiliaria","Profesionales","Venta de departamento | Alquiler de departamento | Venta de terreno | Alquiler de local | Administración de inmuebles | Tasación | Asesoría legal | Publicación destacada"
"Profesionales/06-gestion-proyectos-Inmobiliaria.xlsx","Gestión de Proyectos","Inmobiliaria","Profesionales","Venta de departamento | Alquiler de departamento | Venta de terreno | Alquiler de local | Administración de inmuebles | Tasación | Asesoría legal | Publicación destacada"
"Profesionales/07-analisis-kpis-Inmobiliaria.xlsx","Análisis de KPIs","Inmobiliaria","Profesionales","Venta de departamento | Alquiler de departamento | Venta de terreno | Alquiler de local | Administración de inmuebles | Tasación | Asesoría legal | Publicación destacada"
"Profesionales/08-control-gastos-Inmobiliaria.xlsx","Control de Gastos","Inmobiliaria","Profesionales","Venta de departamento | Alquiler de departamento | Venta de terreno | Alquiler de local | Administración de inmuebles | Tasación | Asesoría legal | Publicación destacada"
"Profesionales/09-planilla-personal-Inmobiliaria.xlsx","Planilla de Personal","Inmobiliaria","Profesionales","Venta de departamento | Alquiler de departamento | Venta de terreno | Alquiler de local | Administración de inmuebles | Tasación | Asesoría legal | Publicación destacada"
"Profesionales/10-cuentas-por-cobrar-Inmobiliaria.xlsx","Cuentas por Cobrar","Inmobiliaria","Profesionales","Venta de departamento | Alquiler de departamento | Venta de terreno | Alquiler de local | Administración de inmuebles | Tasación | Asesoría legal | Publicación destacada"
"Profesionales/11-caja-diaria-Inmobiliaria.xlsx","Caja Diaria","Inmobiliaria","Profesionales","Venta de departamento | Alquiler de departamento | Venta de terreno | Alquiler de local | Administración de inmuebles | Tasación | Asesoría legal | Publicación destacada"
"Profesionales/12-compras-proveedores-Inmobiliaria.xlsx","Compras y Proveedores","Inmobiliaria","Profesionales","Venta de departamento | Alquiler de departamento | Venta de terreno | Alquiler de local | Administración de inmuebles | Tasación | Asesoría legal | Publicación destacada"
"Profesionales/13-balance-general-Inmobiliaria.xlsx","Balance General","Inmobiliaria","Profesionales","Venta de departamento | Alquiler de departamento | Venta de terreno | Alquiler de local | Administración de inmuebles | Tasación | Asesoría legal | Publicación destacada"
"Profesionales/14-estado-resultados-Inmobiliaria.xlsx","Estado de Resultados","Inmobiliaria","Profesionales","Venta de departamento | Alquiler de departamento | Venta de terreno | Alquiler de local | Administración de inmuebles | Tasación | Asesoría legal | Publicación destacada"
"Profesionales/15-flujo-efectivo-indirecto-Inmobiliaria.xlsx","Flujo de Efectivo Indirecto","Inmobiliaria","Profesionales","Venta de departamento | Alquiler de departamento | Venta de terreno | Alquiler de local | Administración de inmuebles | Tasación | Asesoría legal | Publicación destacada"
"Profesionales/16-conciliacion-bancaria-Inmobiliaria.xlsx","Conciliación Bancaria","Inmobiliaria","Profesionales","Venta de departamento | Alquiler de departamento | Venta de terreno | Alquiler de local | Administración de inmuebles | Tasación | Asesoría legal | Publicación destacada"
"Profesionales/17-libro-diario-Inmobiliaria.xlsx","Libro Diario y Mayor","Inmobiliaria","Profesionales","Venta de departamento | Alquiler de departamento | Venta de terreno | Alquiler de local | Administración de inmuebles | Tasación | Asesoría legal | Publicación destacada"
"Profesionales/18-ratios-financieros-Inmobiliaria.xlsx","Ratios Financieros","Inmobiliaria","Profesionales","Venta de departamento | Alquiler de departamento | Venta de terreno | Alquiler de local | Administración de inmuebles | Tasación | Asesoría legal | Publicación destacada"
"Profesionales/19-control-tributario-Inmobiliaria.xlsx","Control Tributario","Inmobiliaria","Profesionales","Venta de departamento | Alquiler de departamento | Venta de terreno | Alquiler de local | Administración de inmuebles | Tasación | Asesoría legal | Publicación destacada"
"Profesionales/20-presupuesto-centros-costo-Inmobiliaria.xlsx","Presupuesto Centros de Costo","Inmobiliaria","Profesionales","Venta de departamento | Alquiler de departamento | Venta de terreno | Alquiler de local | Administración de inmuebles | Tasación | Asesoría legal | Publicación destacada"
"Profesionales/21-activos-fijos-Inmobiliaria.xlsx","Activos Fijos y Depreciación","Inmobiliaria","Profesionales","Venta de departamento | Alquiler de departamento | Venta de terreno | Alquiler de local | Administración de inmuebles | Tasación | Asesoría legal | Publicación destacada"
"Profesionales/22-punto-equilibrio-Inmobiliaria.xlsx","Punto de Equilibrio","Inmobiliaria","Profesionales","Venta de departamento | Alquiler de departamento | Venta de terreno | Alquiler de local | Administración de inmuebles | Tasación | Asesoría legal | Publicación destacada"
"Profesionales/23-estados-comparativos-Inmobiliaria.xlsx","Estados Comparativos 3 Años","Inmobiliaria","Profesionales","Venta de departamento | Alquiler de departamento | Venta de terreno | Alquiler de local | Administración de inmuebles | Tasación | Asesoría legal | Publicación destacada"
"Profesionales/24-costeo-ordenes-Inmobiliaria.xlsx","Costeo porÓrdenes de Trabajo","Inmobiliaria","Profesionales","Venta de departamento | Alquiler de departamento | Venta de terreno | Alquiler de local | Administración de inmuebles | Tasación | Asesoría legal | Publicación destacada"
"Profesionales/25-calculadora-cts-Inmobiliaria.xlsx","Calculadora CTS","Inmobiliaria","Profesionales","Venta de departamento | Alquiler de departamento | Venta de terreno | Alquiler de local | Administración de inmuebles | Tasación | Asesoría legal | Publicación destacada"
"Profesionales/26-gratificaciones-Inmobiliaria.xlsx","Calculadora Gratificaciones","Inmobiliaria","Profesionales","Venta de departamento | Alquiler de departamento | Venta de terreno | Alquiler de local | Administración de inmuebles | Tasación | Asesoría legal | Publicación destacada"
"Profesionales/27-amortizacion-Inmobiliaria.xlsx","Cuadro de Amortización","Inmobiliaria","Profesionales","Venta de departamento | Alquiler de departamento | Venta de terreno | Alquiler de local | Administración de inmuebles | Tasación | Asesoría legal | Publicación destacada"
"Profesionales/28-vacaciones-Inmobiliaria.xlsx","Calculadora Vacaciones","Inmobiliaria","Profesionales","Venta de departamento | Alquiler de departamento | Venta de terreno | Alquiler de local | Administración de inmuebles | Tasación | Asesoría legal | Publicación destacada"
"Profesionales/29-afp-onp-Inmobiliaria.xlsx","Calculadora AFP/ONP","Inmobiliaria","Profesionales","Venta de departamento | Alquiler de departamento | Venta de terreno | Alquiler de local | Administración de inmuebles | Tasación | Asesoría legal | Publicación destacada"
"Profesionales/30-nomina-Inmobiliaria.xlsx","Calculadora Nómina","Inmobiliaria","Profesionales","Venta de departamento | Alquiler de departamento | Venta de terreno | Alquiler de local | Administración de inmuebles | Tasación | Asesoría legal | Publicación destacada"
"Profesionales/31-roi-Inmobiliaria.xlsx","Calculadora ROI","Inmobiliaria","Profesionales","Venta de departamento | Alquiler de departamento | Venta de terreno | Alquiler de local | Administración de inmuebles | Tasación | Asesoría legal | Publicación destacada"
"Profesionales/32-ipc-Inmobiliaria.xlsx","Calculadora IPC","Inmobiliaria","Profesionales","Venta de departamento | Alquiler de departamento | Venta de terreno | Alquiler de local | Administración de inmuebles | Tasación | Asesoría legal | Publicación destacada"
"Profesionales/33-endeudamiento-Inmobiliaria.xlsx","Capacidad Endeudamiento","Inmobiliaria","Profesionales","Venta de departamento | Alquiler de departamento | Venta de terreno | Alquiler de local | Administración de inmuebles | Tasación | Asesoría legal | Publicación destacada"
"Profesionales/34-proyeccion-flujo-Inmobiliaria.xlsx","Proyección Flujo de Caja","Inmobiliaria","Profesionales","Venta de departamento | Alquiler de departamento | Venta de terreno | Alquiler de local | Administración de inmuebles | Tasación | Asesoría legal | Publicación destacada"
"Profesionales/01-dashboard-financiero-Tramites y Gestoria.xlsx","Dashboard Financiero","Trámites y Gestoría","Profesionales","Trámite RUC | Renovación de brevete | Trámites SUNAT | Trámites municipales | Poderes notariales | Constancias | Licencias | Representación"
"Profesionales/02-control-ventas-Tramites y Gestoria.xlsx","Control de Ventas","Trámites y Gestoría","Profesionales","Trámite RUC | Renovación de brevete | Trámites SUNAT | Trámites municipales | Poderes notariales | Constancias | Licencias | Representación"
"Profesionales/03-inventario-Tramites y Gestoria.xlsx","Control de Inventario","Trámites y Gestoría","Profesionales","Trámite RUC | Renovación de brevete | Trámites SUNAT | Trámites municipales | Poderes notariales | Constancias | Licencias | Representación"
"Profesionales/04-presupuesto-anual-Tramites y Gestoria.xlsx","Presupuesto Anual","Trámites y Gestoría","Profesionales","Trámite RUC | Renovación de brevete | Trámites SUNAT | Trámites municipales | Poderes notariales | Constancias | Licencias | Representación"
"Profesionales/05-flujo-de-caja-Tramites y Gestoria.xlsx","Flujo de Caja","Trámites y Gestoría","Profesionales","Trámite RUC | Renovación de brevete | Trámites SUNAT | Trámites municipales | Poderes notariales | Constancias | Licencias | Representación"
"Profesionales/06-gestion-proyectos-Tramites y Gestoria.xlsx","Gestión de Proyectos","Trámites y Gestoría","Profesionales","Trámite RUC | Renovación de brevete | Trámites SUNAT | Trámites municipales | Poderes notariales | Constancias | Licencias | Representación"
"Profesionales/07-analisis-kpis-Tramites y Gestoria.xlsx","Análisis de KPIs","Trámites y Gestoría","Profesionales","Trámite RUC | Renovación de brevete | Trámites SUNAT | Trámites municipales | Poderes notariales | Constancias | Licencias | Representación"
"Profesionales/08-control-gastos-Tramites y Gestoria.xlsx","Control de Gastos","Trámites y Gestoría","Profesionales","Trámite RUC | Renovación de brevete | Trámites SUNAT | Trámites municipales | Poderes notariales | Constancias | Licencias | Representación"
"Profesionales/09-planilla-personal-Tramites y Gestoria.xlsx","Planilla de Personal","Trámites y Gestoría","Profesionales","Trámite RUC | Renovación de brevete | Trámites SUNAT | Trámites municipales | Poderes notariales | Constancias | Licencias | Representación"
"Profesionales/10-cuentas-por-cobrar-Tramites y Gestoria.xlsx","Cuentas por Cobrar","Trámites y Gestoría","Profesionales","Trámite RUC | Renovación de brevete | Trámites SUNAT | Trámites municipales | Poderes notariales | Constancias | Licencias | Representación"
"Profesionales/11-caja-diaria-Tramites y Gestoria.xlsx","Caja Diaria","Trámites y Gestoría","Profesionales","Trámite RUC | Renovación de brevete | Trámites SUNAT | Trámites municipales | Poderes notariales | Constancias | Licencias | Representación"
"Profesionales/12-compras-proveedores-Tramites y Gestoria.xlsx","Compras y Proveedores","Trámites y Gestoría","Profesionales","Trámite RUC | Renovación de brevete | Trámites SUNAT | Trámites municipales | Poderes notariales | Constancias | Licencias | Representación"
"Profesionales/13-balance-general-Tramites y Gestoria.xlsx","Balance General","Trámites y Gestoría","Profesionales","Trámite RUC | Renovación de brevete | Trámites SUNAT | Trámites municipales | Poderes notariales | Constancias | Licencias | Representación"
"Profesionales/14-estado-resultados-Tramites y Gestoria.xlsx","Estado de Resultados","Trámites y Gestoría","Profesionales","Trámite RUC | Renovación de brevete | Trámites SUNAT | Trámites municipales | Poderes notariales | Constancias | Licencias | Representación"
"Profesionales/15-flujo-efectivo-indirecto-Tramites y Gestoria.xlsx","Flujo de Efectivo Indirecto","Trámites y Gestoría","Profesionales","Trámite RUC | Renovación de brevete | Trámites SUNAT | Trámites municipales | Poderes notariales | Constancias | Licencias | Representación"
"Profesionales/16-conciliacion-bancaria-Tramites y Gestoria.xlsx","Conciliación Bancaria","Trámites y Gestoría","Profesionales","Trámite RUC | Renovación de brevete | Trámites SUNAT | Trámites municipales | Poderes notariales | Constancias | Licencias | Representación"
"Profesionales/17-libro-diario-Tramites y Gestoria.xlsx","Libro Diario y Mayor","Trámites y Gestoría","Profesionales","Trámite RUC | Renovación de brevete | Trámites SUNAT | Trámites municipales | Poderes notariales | Constancias | Licencias | Representación"
"Profesionales/18-ratios-financieros-Tramites y Gestoria.xlsx","Ratios Financieros","Trámites y Gestoría","Profesionales","Trámite RUC | Renovación de brevete | Trámites SUNAT | Trámites municipales | Poderes notariales | Constancias | Licencias | Representación"
"Profesionales/19-control-tributario-Tramites y Gestoria.xlsx","Control Tributario","Trámites y Gestoría","Profesionales","Trámite RUC | Renovación de brevete | Trámites SUNAT | Trámites municipales | Poderes notariales | Constancias | Licencias | Representación"
"Profesionales/20-presupuesto-centros-costo-Tramites y Gestoria.xlsx","Presupuesto Centros de Costo","Trámites y Gestoría","Profesionales","Trámite RUC | Renovación de brevete | Trámites SUNAT | Trámites municipales | Poderes notariales | Constancias | Licencias | Representación"
"Profesionales/21-activos-fijos-Tramites y Gestoria.xlsx","Activos Fijos y Depreciación","Trámites y Gestoría","Profesionales","Trámite RUC | Renovación de brevete | Trámites SUNAT | Trámites municipales | Poderes notariales | Constancias | Licencias | Representación"
"Profesionales/22-punto-equilibrio-Tramites y Gestoria.xlsx","Punto de Equilibrio","Trámites y Gestoría","Profesionales","Trámite RUC | Renovación de brevete | Trámites SUNAT | Trámites municipales | Poderes notariales | Constancias | Licencias | Representación"
"Profesionales/23-estados-comparativos-Tramites y Gestoria.xlsx","Estados Comparativos 3 Años","Trámites y Gestoría","Profesionales","Trámite RUC | Renovación de brevete | Trámites SUNAT | Trámites municipales | Poderes notariales | Constancias | Licencias | Representación"
"Profesionales/24-costeo-ordenes-Tramites y Gestoria.xlsx","Costeo porÓrdenes de Trabajo","Trámites y Gestoría","Profesionales","Trámite RUC | Renovación de brevete | Trámites SUNAT | Trámites municipales | Poderes notariales | Constancias | Licencias | Representación"
"Profesionales/25-calculadora-cts-Tramites y Gestoria.xlsx","Calculadora CTS","Trámites y Gestoría","Profesionales","Trámite RUC | Renovación de brevete | Trámites SUNAT | Trámites municipales | Poderes notariales | Constancias | Licencias | Representación"
"Profesionales/26-gratificaciones-Tramites y Gestoria.xlsx","Calculadora Gratificaciones","Trámites y Gestoría","Profesionales","Trámite RUC | Renovación de brevete | Trámites SUNAT | Trámites municipales | Poderes notariales | Constancias | Licencias | Representación"
"Profesionales/27-amortizacion-Tramites y Gestoria.xlsx","Cuadro de Amortización","Trámites y Gestoría","Profesionales","Trámite RUC | Renovación de brevete | Trámites SUNAT | Trámites municipales | Poderes notariales | Constancias | Licencias | Representación"
"Profesionales/28-vacaciones-Tramites y Gestoria.xlsx","Calculadora Vacaciones","Trámites y Gestoría","Profesionales","Trámite RUC | Renovación de brevete | Trámites SUNAT | Trámites municipales | Poderes notariales | Constancias | Licencias | Representación"
"Profesionales/29-afp-onp-Tramites y Gestoria.xlsx","Calculadora AFP/ONP","Trámites y Gestoría","Profesionales","Trámite RUC | Renovación de brevete | Trámites SUNAT | Trámites municipales | Poderes notariales | Constancias | Licencias | Representación"
"Profesionales/30-nomina-Tramites y Gestoria.xlsx","Calculadora Nómina","Trámites y Gestoría","Profesionales","Trámite RUC | Renovación de brevete | Trámites SUNAT | Trámites municipales | Poderes notariales | Constancias | Licencias | Representación"
"Profesionales/31-roi-Tramites y Gestoria.xlsx","Calculadora ROI","Trámites y Gestoría","Profesionales","Trámite RUC | Renovación de brevete | Trámites SUNAT | Trámites municipales | Poderes notariales | Constancias | Licencias | Representación"
"Profesionales/32-ipc-Tramites y Gestoria.xlsx","Calculadora IPC","Trámites y Gestoría","Profesionales","Trámite RUC | Renovación de brevete | Trámites SUNAT | Trámites municipales | Poderes notariales | Constancias | Licencias | Representación"
"Profesionales/33-endeudamiento-Tramites y Gestoria.xlsx","Capacidad Endeudamiento","Trámites y Gestoría","Profesionales","Trámite RUC | Renovación de brevete | Trámites SUNAT | Trámites municipales | Poderes notariales | Constancias | Licencias | Representación"
"Profesionales/34-proyeccion-flujo-Tramites y Gestoria.xlsx","Proyección Flujo de Caja","Trámites y Gestoría","Profesionales","Trámite RUC | Renovación de brevete | Trámites SUNAT | Trámites municipales | Poderes notariales | Constancias | Licencias | Representación"
"Profesionales/01-dashboard-financiero-Academia de Conducir.xlsx","Dashboard Financiero","Academia de Conducir","Profesionales","Clase teórica | Clase práctica | Paquete completo | Examen médico | Trámite de brevete | Clase extra | Curso defensivo | Simulacro de examen"
"Profesionales/02-control-ventas-Academia de Conducir.xlsx","Control de Ventas","Academia de Conducir","Profesionales","Clase teórica | Clase práctica | Paquete completo | Examen médico | Trámite de brevete | Clase extra | Curso defensivo | Simulacro de examen"
"Profesionales/03-inventario-Academia de Conducir.xlsx","Control de Inventario","Academia de Conducir","Profesionales","Clase teórica | Clase práctica | Paquete completo | Examen médico | Trámite de brevete | Clase extra | Curso defensivo | Simulacro de examen"
"Profesionales/04-presupuesto-anual-Academia de Conducir.xlsx","Presupuesto Anual","Academia de Conducir","Profesionales","Clase teórica | Clase práctica | Paquete completo | Examen médico | Trámite de brevete | Clase extra | Curso defensivo | Simulacro de examen"
"Profesionales/05-flujo-de-caja-Academia de Conducir.xlsx","Flujo de Caja","Academia de Conducir","Profesionales","Clase teórica | Clase práctica | Paquete completo | Examen médico | Trámite de brevete | Clase extra | Curso defensivo | Simulacro de examen"
"Profesionales/06-gestion-proyectos-Academia de Conducir.xlsx","Gestión de Proyectos","Academia de Conducir","Profesionales","Clase teórica | Clase práctica | Paquete completo | Examen médico | Trámite de brevete | Clase extra | Curso defensivo | Simulacro de examen"
"Profesionales/07-analisis-kpis-Academia de Conducir.xlsx","Análisis de KPIs","Academia de Conducir","Profesionales","Clase teórica | Clase práctica | Paquete completo | Examen médico | Trámite de brevete | Clase extra | Curso defensivo | Simulacro de examen"
"Profesionales/08-control-gastos-Academia de Conducir.xlsx","Control de Gastos","Academia de Conducir","Profesionales","Clase teórica | Clase práctica | Paquete completo | Examen médico | Trámite de brevete | Clase extra | Curso defensivo | Simulacro de examen"
"Profesionales/09-planilla-personal-Academia de Conducir.xlsx","Planilla de Personal","Academia de Conducir","Profesionales","Clase teórica | Clase práctica | Paquete completo | Examen médico | Trámite de brevete | Clase extra | Curso defensivo | Simulacro de examen"
"Profesionales/10-cuentas-por-cobrar-Academia de Conducir.xlsx","Cuentas por Cobrar","Academia de Conducir","Profesionales","Clase teórica | Clase práctica | Paquete completo | Examen médico | Trámite de brevete | Clase extra | Curso defensivo | Simulacro de examen"
"Profesionales/11-caja-diaria-Academia de Conducir.xlsx","Caja Diaria","Academia de Conducir","Profesionales","Clase teórica | Clase práctica | Paquete completo | Examen médico | Trámite de brevete | Clase extra | Curso defensivo | Simulacro de examen"
"Profesionales/12-compras-proveedores-Academia de Conducir.xlsx","Compras y Proveedores","Academia de Conducir","Profesionales","Clase teórica | Clase práctica | Paquete completo | Examen médico | Trámite de brevete | Clase extra | Curso defensivo | Simulacro de examen"
"Profesionales/13-balance-general-Academia de Conducir.xlsx","Balance General","Academia de Conducir","Profesionales","Clase teórica | Clase práctica | Paquete completo | Examen médico | Trámite de brevete | Clase extra | Curso defensivo | Simulacro de examen"
"Profesionales/14-estado-resultados-Academia de Conducir.xlsx","Estado de Resultados","Academia de Conducir","Profesionales","Clase teórica | Clase práctica | Paquete completo | Examen médico | Trámite de brevete | Clase extra | Curso defensivo | Simulacro de examen"
"Profesionales/15-flujo-efectivo-indirecto-Academia de Conducir.xlsx","Flujo de Efectivo Indirecto","Academia de Conducir","Profesionales","Clase teórica | Clase práctica | Paquete completo | Examen médico | Trámite de brevete | Clase extra | Curso defensivo | Simulacro de examen"
"Profesionales/16-conciliacion-bancaria-Academia de Conducir.xlsx","Conciliación Bancaria","Academia de Conducir","Profesionales","Clase teórica | Clase práctica | Paquete completo | Examen médico | Trámite de brevete | Clase extra | Curso defensivo | Simulacro de examen"
"Profesionales/17-libro-diario-Academia de Conducir.xlsx","Libro Diario y Mayor","Academia de Conducir","Profesionales","Clase teórica | Clase práctica | Paquete completo | Examen médico | Trámite de brevete | Clase extra | Curso defensivo | Simulacro de examen"
"Profesionales/18-ratios-financieros-Academia de Conducir.xlsx","Ratios Financieros","Academia de Conducir","Profesionales","Clase teórica | Clase práctica | Paquete completo | Examen médico | Trámite de brevete | Clase extra | Curso defensivo | Simulacro de examen"
"Profesionales/19-control-tributario-Academia de Conducir.xlsx","Control Tributario","Academia de Conducir","Profesionales","Clase teórica | Clase práctica | Paquete completo | Examen médico | Trámite de brevete | Clase extra | Curso defensivo | Simulacro de examen"
"Profesionales/20-presupuesto-centros-costo-Academia de Conducir.xlsx","Presupuesto Centros de Costo","Academia de Conducir","Profesionales","Clase teórica | Clase práctica | Paquete completo | Examen médico | Trámite de brevete | Clase extra | Curso defensivo | Simulacro de examen"
"Profesionales/21-activos-fijos-Academia de Conducir.xlsx","Activos Fijos y Depreciación","Academia de Conducir","Profesionales","Clase teórica | Clase práctica | Paquete completo | Examen médico | Trámite de brevete | Clase extra | Curso defensivo | Simulacro de examen"
"Profesionales/22-punto-equilibrio-Academia de Conducir.xlsx","Punto de Equilibrio","Academia de Conducir","Profesionales","Clase teórica | Clase práctica | Paquete completo | Examen médico | Trámite de brevete | Clase extra | Curso defensivo | Simulacro de examen"
"Profesionales/23-estados-comparativos-Academia de Conducir.xlsx","Estados Comparativos 3 Años","Academia de Conducir","Profesionales","Clase teórica | Clase práctica | Paquete completo | Examen médico | Trámite de brevete | Clase extra | Curso defensivo | Simulacro de examen"
"Profesionales/24-costeo-ordenes-Academia de Conducir.xlsx","Costeo porÓrdenes de Trabajo","Academia de Conducir","Profesionales","Clase teórica | Clase práctica | Paquete completo | Examen médico | Trámite de brevete | Clase extra | Curso defensivo | Simulacro de examen"
"Profesionales/25-calculadora-cts-Academia de Conducir.xlsx","Calculadora CTS","Academia de Conducir","Profesionales","Clase teórica | Clase práctica | Paquete completo | Examen médico | Trámite de brevete | Clase extra | Curso defensivo | Simulacro de examen"
"Profesionales/26-gratificaciones-Academia de Conducir.xlsx","Calculadora Gratificaciones","Academia de Conducir","Profesionales","Clase teórica | Clase práctica | Paquete completo | Examen médico | Trámite de brevete | Clase extra | Curso defensivo | Simulacro de examen"
"Profesionales/27-amortizacion-Academia de Conducir.xlsx","Cuadro de Amortización","Academia de Conducir","Profesionales","Clase teórica | Clase práctica | Paquete completo | Examen médico | Trámite de brevete | Clase extra | Curso defensivo | Simulacro de examen"
"Profesionales/28-vacaciones-Academia de Conducir.xlsx","Calculadora Vacaciones","Academia de Conducir","Profesionales","Clase teórica | Clase práctica | Paquete completo | Examen médico | Trámite de brevete | Clase extra | Curso defensivo | Simulacro de examen"
"Profesionales/29-afp-onp-Academia de Conducir.xlsx","Calculadora AFP/ONP","Academia de Conducir","Profesionales","Clase teórica | Clase práctica | Paquete completo | Examen médico | Trámite de brevete | Clase extra | Curso defensivo | Simulacro de examen"
"Profesionales/30-nomina-Academia de Conducir.xlsx","Calculadora Nómina","Academia de Conducir","Profesionales","Clase teórica | Clase práctica | Paquete completo | Examen médico | Trámite de brevete | Clase extra | Curso defensivo | Simulacro de examen"
"Profesionales/31-roi-Academia de Conducir.xlsx","Calculadora ROI","Academia de Conducir","Profesionales","Clase teórica | Clase práctica | Paquete completo | Examen médico | Trámite de brevete | Clase extra | Curso defensivo | Simulacro de examen"
"Profesionales/32-ipc-Academia de Conducir.xlsx","Calculadora IPC","Academia de Conducir","Profesionales","Clase teórica | Clase práctica | Paquete completo | Examen médico | Trámite de brevete | Clase extra | Curso defensivo | Simulacro de examen"
"Profesionales/33-endeudamiento-Academia de Conducir.xlsx","Capacidad Endeudamiento","Academia de Conducir","Profesionales","Clase teórica | Clase práctica | Paquete completo | Examen médico | Trámite de brevete | Clase extra | Curso defensivo | Simulacro de examen"
"Profesionales/34-proyeccion-flujo-Academia de Conducir.xlsx","Proyección Flujo de Caja","Academia de Conducir","Profesionales","Clase teórica | Clase práctica | Paquete completo | Examen médico | Trámite de brevete | Clase extra | Curso defensivo | Simulacro de examen"